Case;Ih1;Ih2;tao11;tao21;tao12;tao22;n1;n2;X0;Y0;direc_strike;min_dist;Line_id;Rusck_maxV
4;1.40E4;0.00E0;2.23E-6;5.00E-5;0.00E0;0.00E0;4;0;498.846829830034;-967.965726608263;0;72.544038923438;17;86.5709335642207
9;4.55E4;0.00E0;1.03E-6;5.00E-5;0.00E0;0.00E0;4;0;-264.145829129148;-5750.00477824502;0;250.792730660936;71;81.1391144635249
17;1.43E5;0.00E0;2.23E-6;5.00E-5;0.00E0;0.00E0;4;0;259.157295634376;530.098571221646;0;488.873500144946;4;130.456922283641
21;4.02E4;0.00E0;3.37E-6;5.00E-5;0.00E0;0.00E0;4;0;1219.98086745228;-3337.49954134877;0;211.363804279114;46;85.0908443728926
27;4.13E4;0.00E0;1.90E-6;5.00E-5;0.00E0;0.00E0;4;0;731.069325620851;-3087.82187799897;0;285.352198251509;47;64.7401274562311
32;4.79E4;0.00E0;1.61E-6;5.00E-5;0.00E0;0.00E0;4;0;856.221803661494;264.774369844819;0;198.649315392029;7;107.764144555863
37;3.14E4;0.00E0;1.80E-6;5.00E-5;0.00E0;0.00E0;4;0;359.967464728788;-4897.82185302846;0;181.679457678285;63;77.3847049472046
42;7.02E4;0.00E0;2.37E-6;5.00E-5;0.00E0;0.00E0;4;0;184.67892087329;511.852949059365;0;493.18572986556;3;63.6307757418694
43;2.97E4;0.00E0;1.49E-6;5.00E-5;0.00E0;0.00E0;4;0;1223.60958397599;-3101.44335113739;0;48.5681669108787;45;272.966862114256
44;4.15E4;0.00E0;1.44E-6;5.00E-5;0.00E0;0.00E0;4;0;673.535454904451;-2508.737184866;0;246.162658875114;35;75.4389737800445
61;2.36E4;0.00E0;4.09E-7;5.00E-5;0.00E0;0.00E0;4;0;46.1978131639962;-355.105631264534;0;126.705866898364;12;83.131350135392
66;4.54E4;0.00E0;9.60E-7;5.00E-5;0.00E0;0.00E0;4;0;510.072417658489;-1560.36049213201;0;238.782129488527;23;84.9474722405029
73;4.69E4;0.00E0;9.64E-7;5.00E-5;0.00E0;0.00E0;4;0;137.1066913204;-189.344955890432;0;74.288598860204;11;282.456714850916
76;3.59E4;0.00E0;1.09E-6;5.00E-5;0.00E0;0.00E0;4;0;47.0247415764152;-756.562168341047;0;136.026203512736;15;117.999069541375
92;4.26E4;0.00E0;2.02E-6;5.00E-5;0.00E0;0.00E0;4;0;305.906147463111;-1114.94127547833;0;161.086190221542;17;118.198039087123
100;3.21E4;0.00E0;1.90E-6;5.00E-5;0.00E0;0.00E0;4;0;154.355893924496;-4538.00345128779;0;72.8587668541261;61;197.267289390567
106;3.43E4;0.00E0;2.75E-6;5.00E-5;0.00E0;0.00E0;4;0;946.399640020725;-1579.41197077825;0;197.734869060044;23;77.5997267945343
121;5.20E4;0.00E0;3.25E-6;5.00E-5;0.00E0;0.00E0;4;0;-192.51851114776;80.9902453723626;0;208.821955098;1;111.350278134808
127;4.37E4;0.00E0;1.71E-6;5.00E-5;0.00E0;0.00E0;4;0;1031.56922566583;90.0338425285781;0;188.399007611519;9;103.59501770285
129;1.03E5;0.00E0;2.38E-6;5.00E-5;0.00E0;0.00E0;4;0;1142.21711919833;-510.976847650603;0;430.363364334115;9;107.022073216474
137;8.17E4;0.00E0;2.97E-6;5.00E-5;0.00E0;0.00E0;4;0;863.512545312253;101.120959843885;0;70.8197517985888;8;515.824018406609
138;6.82E4;0.00E0;1.09E-6;5.00E-5;0.00E0;0.00E0;4;0;634.664011538984;-5066.96169197762;0;492.984476811146;62;61.8671218203432
139;7.89E4;0.00E0;1.32E-6;5.00E-5;0.00E0;0.00E0;4;0;3.48408740823402;-608.278595077109;0;157.009253054362;14;224.779865704572
143;2.03E4;0.00E0;2.06E-6;5.00E-5;0.00E0;0.00E0;4;0;558.871242799641;-958.085385233668;0;116.606035349558;18;77.7284970593969
152;4.22E4;0.00E0;2.61E-6;5.00E-5;0.00E0;0.00E0;4;0;562.311228603208;-1737.89704616323;0;152.26138989641;25;123.817733475222
154;5.22E4;0.00E0;2.49E-6;5.00E-5;0.00E0;0.00E0;4;0;120.930989970467;-4566.48644977767;0;111.43822167522;61;209.30115637364
161;7.81E4;0.00E0;1.32E-6;5.00E-5;0.00E0;0.00E0;4;0;-323.173747830688;-2265.34762966889;0;530.169249080683;33;65.8385505197633
166;6.40E4;0.00E0;3.10E-6;5.00E-5;0.00E0;0.00E0;4;0;15.5005033458071;-3719.20806947819;0;381.517255355709;55;74.9960327465677
168;1.21E5;0.00E0;2.24E-6;5.00E-5;0.00E0;0.00E0;4;0;-406.622288973581;-1070.3164669343;0;663.168191498776;15;81.6330286957491
177;3.50E4;0.00E0;9.41E-7;5.00E-5;0.00E0;0.00E0;4;0;678.869823057424;-3227.39362308458;0;209.749133836862;49;74.653661041461
193;4.95E4;0.00E0;8.13E-7;5.00E-5;0.00E0;0.00E0;4;0;47.9905697662948;-1007.19569048385;0;233.714811046241;15;94.6700604878175
197;2.90E4;0.00E0;3.78E-6;5.00E-5;0.00E0;0.00E0;4;0;422.701393814763;-1257.98473022231;0;204.776484396015;18;63.2219324637414
202;6.19E4;0.00E0;3.50E-6;5.00E-5;0.00E0;0.00E0;4;0;-255.327273529787;-327.849886967426;0;415.623802217946;1;66.5608677421198
209;4.73E4;0.00E0;7.90E-7;5.00E-5;0.00E0;0.00E0;4;0;968.428026406701;-27.3438143142866;0;67.109724208667;9;315.159283127843
210;8.02E4;0.00E0;1.69E-6;5.00E-5;0.00E0;0.00E0;4;0;-95.924815513157;-2057.34071424734;0;298.146913491726;33;120.184070459424
212;1.31E5;0.00E0;1.73E-6;5.00E-5;0.00E0;0.00E0;4;0;-136.792296482242;-5643.0673921342;0;131.713304124546;71;443.460418033234
214;9.39E4;0.00E0;6.39E-6;5.00E-5;0.00E0;0.00E0;4;0;908.099649276734;-4339.63822929891;0;668.885945283372;59;62.7484098251647
215;1.82E4;0.00E0;8.09E-7;5.00E-5;0.00E0;0.00E0;4;0;437.342163446728;-3573.21031987846;0;95.474859752233;52;85.1538987039752
219;4.04E4;0.00E0;7.33E-7;5.00E-5;0.00E0;0.00E0;4;0;476.222086826226;223.550597920468;0;133.91909094301;5;134.927880249641
220;7.12E4;0.00E0;2.50E-6;5.00E-5;0.00E0;0.00E0;4;0;1085.45931320301;-1404.28694919597;0;344.837848266954;22;92.3263537819507
224;6.28E4;0.00E0;4.72E-6;5.00E-5;0.00E0;0.00E0;4;0;602.854295349102;-1458.50136826991;0;139.021385689711;22;202.041259211256
228;3.18E4;0.00E0;1.94E-6;5.00E-5;0.00E0;0.00E0;4;0;200.390221377548;-2073.13766627792;0;64.8030646910842;33;219.693932912014
233;3.88E4;0.00E0;2.61E-6;5.00E-5;0.00E0;0.00E0;4;0;508.776809870215;-4516.97367411819;0;278.282781899117;61;62.2960192452967
243;1.04E5;0.00E0;5.05E-6;5.00E-5;0.00E0;0.00E0;4;0;1226.05657046411;-1257.65342262618;0;511.822151134829;21;91.2727812417124
248;5.72E4;0.00E0;1.95E-6;5.00E-5;0.00E0;0.00E0;4;0;725.057112062603;-56.5791986909717;0;138.394115711786;8;184.859395170147
250;4.85E4;0.00E0;2.18E-6;5.00E-5;0.00E0;0.00E0;4;0;848.367446804121;-382.409959061197;0;281.360175587924;9;77.1367455986054
265;2.50E4;0.00E0;1.52E-6;5.00E-5;0.00E0;0.00E0;4;0;678.216868534236;-2424.71900167351;0;163.563078953469;34;68.3463541670844
271;7.43E4;0.00E0;4.43E-6;5.00E-5;0.00E0;0.00E0;4;0;1546.63293077367;-2300.87245665628;0;499.886011339791;38;66.4618384614577
276;6.22E4;0.00E0;1.20E-6;5.00E-5;0.00E0;0.00E0;4;0;1650.21430386536;-3039.36511291669;0;302.730850268795;44;91.8108661763748
278;4.81E4;0.00E0;1.30E-6;5.00E-5;0.00E0;0.00E0;4;0;853.57934407981;-2113.13905336163;0;180.00912251218;35;119.438262123899
281;3.26E4;0.00E0;1.42E-6;5.00E-5;0.00E0;0.00E0;4;0;1510.92636044266;-3066.39808435358;0;166.192958894653;44;87.6545405685606
282;4.34E4;0.00E0;3.07E-6;5.00E-5;0.00E0;0.00E0;4;0;467.546706255938;267.833228004236;0;178.880710669567;5;108.366235835733
284;3.26E4;0.00E0;6.02E-6;5.00E-5;0.00E0;0.00E0;4;0;855.284938334148;-1135.1046238368;0;203.160519874264;20;71.8407584492161
289;1.06E5;0.00E0;1.22E-6;5.00E-5;0.00E0;0.00E0;4;0;652.994428226552;-3890.88180996689;0;252.430228366804;53;188.379745049344
312;3.77E4;0.00E0;4.01E-6;5.00E-5;0.00E0;0.00E0;4;0;-96.2008348060951;-5097.11020054886;0;69.0388721274487;68;243.910390340309
315;2.88E4;0.00E0;1.87E-6;5.00E-5;0.00E0;0.00E0;4;0;344.917123369506;-732.208220753338;0;155.576003964515;15;82.840903752216
319;4.97E4;0.00E0;2.56E-6;5.00E-5;0.00E0;0.00E0;4;0;141.427359284707;-2032.09484473159;0;116.427681360436;33;190.81382268624
330;5.17E4;0.00E0;2.70E-6;5.00E-5;0.00E0;0.00E0;4;0;803.655498279711;-2880.29781278787;0;344.015498907282;40;67.2383567132331
332;1.73E4;0.00E0;3.10E-7;5.00E-5;0.00E0;0.00E0;4;0;849.038262961345;-2231.75756806107;0;63.4644838290909;35;122.012697176967
333;5.07E4;0.00E0;1.88E-6;5.00E-5;0.00E0;0.00E0;4;0;-191.369697926735;-4732.14036141201;0;147.984031623828;65;153.022074813385
354;5.81E4;0.00E0;7.00E-7;5.00E-5;0.00E0;0.00E0;4;0;1735.95978950833;-2944.50802514965;0;399.134596742522;44;65.0685293212992
363;4.12E4;0.00E0;1.64E-6;5.00E-5;0.00E0;0.00E0;4;0;-185.28511655496;78.4620010830495;0;201.174495477247;1;91.507902620698
369;1.30E5;0.00E0;1.66E-6;5.00E-5;0.00E0;0.00E0;4;0;-464.093229232103;-5142.98866851882;0;398.788795367221;70;145.181835497056
370;9.93E4;0.00E0;8.31E-6;5.00E-5;0.00E0;0.00E0;4;0;-65.9375843335451;-2532.78071125505;0;448.734603470081;32;98.8786700460516
371;2.92E4;0.00E0;7.88E-7;5.00E-5;0.00E0;0.00E0;4;0;687.066531179071;-1359.27256408835;0;33.2860897566697;21;391.529365919456
372;5.16E4;0.00E0;8.35E-7;5.00E-5;0.00E0;0.00E0;4;0;5.83445452134447;-3929.52445970289;0;279.727073099026;56;82.5177992345798
373;5.57E4;0.00E0;1.43E-6;5.00E-5;0.00E0;0.00E0;4;0;1383.52524922873;-3160.50101168858;0;129.416228073591;44;192.577523992582
385;2.67E4;0.00E0;8.50E-7;5.00E-5;0.00E0;0.00E0;4;0;775.569947540064;-2409.17268641249;0;126.007763091558;35;94.6657827321174
391;1.61E4;0.00E0;1.19E-6;5.00E-5;0.00E0;0.00E0;4;0;300.249599430485;-4095.8363975555;0;58.2746129625941;56;123.744066202937
400;8.00E4;0.00E0;2.33E-6;5.00E-5;0.00E0;0.00E0;4;0;530.66198516288;-2898.07643497778;0;558.884298640306;48;63.9772755940596
404;5.29E4;0.00E0;5.18E-6;5.00E-5;0.00E0;0.00E0;4;0;16.3779921821065;-4160.50477620345;0;159.738231453558;57;148.126501783051
409;4.99E4;0.00E0;2.18E-6;5.00E-5;0.00E0;0.00E0;4;0;906.413570693579;-2989.26649244108;0;255.739529660996;46;87.3118096558907
414;3.98E4;0.00E0;2.01E-6;5.00E-5;0.00E0;0.00E0;4;0;983.36176388468;-3074.42204910999;0;141.352057770518;46;125.787514832368
426;2.67E4;0.00E0;1.36E-6;5.00E-5;0.00E0;0.00E0;4;0;-101.322314116607;-5224.16208533681;0;40.0270822450787;69;297.700249178915
427;3.49E4;0.00E0;2.29E-6;5.00E-5;0.00E0;0.00E0;4;0;300.557347057379;-3873.5595120852;0;58.0068759660255;55;269.139491658767
428;3.52E4;0.00E0;1.24E-6;5.00E-5;0.00E0;0.00E0;4;0;1202.85216202802;-3240.37605054062;0;123.814451497012;46;127.163106069846
430;3.05E4;0.00E0;9.10E-7;5.00E-5;0.00E0;0.00E0;4;0;-62.3713097612035;70.2816740474454;0;93.8916804271277;1;145.230795512556
436;3.80E4;0.00E0;1.02E-6;5.00E-5;0.00E0;0.00E0;4;0;775.162283938851;-1708.16387700336;0;49.3503411938898;24;344.159596958866
437;3.15E4;0.00E0;2.09E-6;5.00E-5;0.00E0;0.00E0;4;0;358.5448927869;195.226903905786;0;139.564286041806;4;101.018733364216
439;5.02E4;0.00E0;1.78E-6;5.00E-5;0.00E0;0.00E0;4;0;701.22920539022;-3567.55725403411;0;75.9679625317329;50;295.488091593128
450;1.11E5;0.00E0;2.99E-6;5.00E-5;0.00E0;0.00E0;4;0;75.953729953553;-2711.17075411352;0;521.079465818036;32;95.1316055078417
458;3.47E4;0.00E0;1.84E-6;5.00E-5;0.00E0;0.00E0;4;0;767.27161367131;-13.5187511496806;0;78.1089313048992;8;198.679855375272
464;1.27E5;0.00E0;2.26E-6;5.00E-5;0.00E0;0.00E0;4;0;562.456252744175;3.05768762259322;0;99.911526434054;6;567.847035477162
466;2.53E4;0.00E0;4.42E-7;5.00E-5;0.00E0;0.00E0;4;0;981.119928820457;-2154.11768250849;0;100.385046968197;38;112.80806344431
478;2.14E4;0.00E0;8.25E-7;5.00E-5;0.00E0;0.00E0;4;0;1178.14282240302;-2529.33319929556;0;154.619009984759;40;61.961599414935
489;5.61E4;0.00E0;2.29E-6;5.00E-5;0.00E0;0.00E0;4;0;658.523666216725;243.80038437753;0;150.056185163158;6;167.253082226918
490;4.24E4;0.00E0;4.33E-7;5.00E-5;0.00E0;0.00E0;4;0;215.037972718339;241.490668236223;0;236.095617241785;3;80.3492453513991
495;2.90E4;0.00E0;2.30E-6;5.00E-5;0.00E0;0.00E0;4;0;568.970398545975;-1534.44107267625;0;182.016198324282;23;71.3289906776156
501;1.80E5;0.00E0;1.31E-5;5.00E-5;0.00E0;0.00E0;4;0;1922.40893179421;-1414.7933856218;0;1172.03168450629;22;68.5483193211751
503;3.24E4;0.00E0;1.45E-6;5.00E-5;0.00E0;0.00E0;4;0;504.435788560809;-127.996137392051;0;211.813458243991;4;68.3392786979816
504;3.43E4;0.00E0;2.15E-6;5.00E-5;0.00E0;0.00E0;4;0;835.158779908857;-1612.85532718206;0;89.3461707977265;23;171.861340569178
510;5.52E4;0.00E0;1.82E-6;5.00E-5;0.00E0;0.00E0;4;0;97.406280273723;-4420.98410352141;0;133.187299506924;60;185.292816991219
514;9.61E4;0.00E0;2.18E-6;5.00E-5;0.00E0;0.00E0;4;0;431.495238853232;-2507.22039942112;0;332.212884510045;32;129.308225773103
527;8.34E4;0.00E0;1.86E-6;5.00E-5;0.00E0;0.00E0;4;0;109.993247226796;-1764.46156604974;0;381.600951095519;33;97.7400805132516
547;9.84E4;0.00E0;4.36E-6;5.00E-5;0.00E0;0.00E0;4;0;1097.99878355324;-1385.33657349019;0;360.852709011378;22;121.954072585506
549;1.79E4;0.00E0;2.78E-6;5.00E-5;0.00E0;0.00E0;4;0;-21.7085769522541;-5439.34013326925;0;127.253253668654;70;62.7815861531117
550;1.07E5;0.00E0;5.69E-6;5.00E-5;0.00E0;0.00E0;4;0;547.79403964352;-2927.33316003551;0;525.361697946173;48;90.6325256938415
551;4.67E4;0.00E0;4.48E-6;5.00E-5;0.00E0;0.00E0;4;0;-130.91209279251;-358.907289217374;0;301.417678656932;12;69.2381541505524
552;2.83E4;0.00E0;5.93E-7;5.00E-5;0.00E0;0.00E0;4;0;818.00107719711;-1075.8329105407;0;193.753163591862;19;65.3614957345931
555;9.39E4;0.00E0;1.92E-6;5.00E-5;0.00E0;0.00E0;4;0;1089.30993462894;-386.916452186619;0;295.672555972485;9;142.044690668599
574;1.00E5;0.00E0;3.38E-6;5.00E-5;0.00E0;0.00E0;4;0;1280.26503310373;-869.498468516034;0;699.338869503929;19;63.9902078560523
577;7.27E4;0.00E0;1.49E-6;5.00E-5;0.00E0;0.00E0;4;0;1837.46123629779;-2905.94428589133;0;506.979845883852;44;64.1365972075888
587;8.29E4;0.00E0;3.66E-6;5.00E-5;0.00E0;0.00E0;4;0;1242.66806388244;-2258.87944066535;0;193.134535907873;38;191.905758609712
591;2.52E4;0.00E0;1.84E-6;5.00E-5;0.00E0;0.00E0;4;0;212.249231665171;-4185.52468222665;0;30.2195548419178;57;373.209055841212
599;5.36E4;0.00E0;1.55E-6;5.00E-5;0.00E0;0.00E0;4;0;444.990165646044;-4284.22393016706;0;206.401553418281;59;116.086259465409
610;5.48E4;0.00E0;3.61E-6;5.00E-5;0.00E0;0.00E0;4;0;645.008684428428;-1804.74310413943;0;57.2597516594648;25;427.779085725147
612;2.17E4;0.00E0;6.55E-7;5.00E-5;0.00E0;0.00E0;4;0;493.112691226351;-3595.19956526608;0;36.3777711809189;52;266.349869218115
614;1.30E5;0.00E0;1.53E-6;5.00E-5;0.00E0;0.00E0;4;0;-977.730355988955;-5171.35007516892;0;863.548346959043;70;67.3109889029605
615;7.01E4;0.00E0;9.20E-7;5.00E-5;0.00E0;0.00E0;4;0;-106.609980719279;-5622.94830448308;0;125.486683932829;71;249.76566935981
622;3.62E4;0.00E0;7.06E-6;5.00E-5;0.00E0;0.00E0;4;0;1022.32024665184;-2447.85820916147;0;38.6996415154302;39;418.520275483448
623;3.28E4;0.00E0;2.88E-6;5.00E-5;0.00E0;0.00E0;4;0;307.732971657054;-1106.71933180778;0;153.42770243746;17;95.4884031787379
628;4.85E4;0.00E0;1.54E-6;5.00E-5;0.00E0;0.00E0;4;0;718.311183035641;-1099.14468190589;0;99.7754532770135;19;217.490065331174
630;2.37E4;0.00E0;2.16E-6;5.00E-5;0.00E0;0.00E0;4;0;229.523895622044;-4716.811044641;0;29.2105442020044;62;363.164141902518
631;1.16E5;0.00E0;2.41E-6;5.00E-5;0.00E0;0.00E0;4;0;1125.4394532414;-2945.78473236914;0;109.935038839441;45;473.435459987801
639;3.20E4;0.00E0;7.56E-7;5.00E-5;0.00E0;0.00E0;4;0;1129.09231477316;-88.6647121178767;0;175.818086319413;9;81.46862784833
641;4.40E4;0.00E0;2.26E-6;5.00E-5;0.00E0;0.00E0;4;0;127.537311049457;-2382.66253504301;0;206.588615759538;32;95.1885097122713
646;3.51E4;0.00E0;2.83E-6;5.00E-5;0.00E0;0.00E0;4;0;902.83533262957;-1235.9908213298;0;210.911087471778;21;74.308536341208
648;1.19E5;0.00E0;2.19E-6;5.00E-5;0.00E0;0.00E0;4;0;-325.227032495965;-3470.90322626712;0;802.089139904923;55;66.1183224324756
649;4.41E4;0.00E0;2.59E-6;5.00E-5;0.00E0;0.00E0;4;0;1132.7137135349;-2839.98475522564;0;107.539379511329;42;183.444089418733
654;3.04E4;0.00E0;5.39E-7;5.00E-5;0.00E0;0.00E0;4;0;317.647609642082;-285.310779522819;0;121.782594633836;11;111.673587428202
673;3.17E4;0.00E0;1.36E-6;5.00E-5;0.00E0;0.00E0;4;0;-131.389227593141;-4897.62779231021;0;137.091986928636;65;103.279384638749
675;6.91E4;0.00E0;4.62E-7;5.00E-5;0.00E0;0.00E0;4;0;-390.794902601636;-4950.60404373815;0;366.741483768042;66;84.2101311279209
678;3.33E4;0.00E0;1.41E-6;5.00E-5;0.00E0;0.00E0;4;0;1375.78739461708;-3141.97925609074;0;109.496245201982;44;135.794916700469
679;2.86E4;0.00E0;9.78E-7;5.00E-5;0.00E0;0.00E0;4;0;1177.47069154035;-2303.81496143346;0;142.655196450841;38;89.7398248739125
681;3.48E4;0.00E0;7.01E-7;5.00E-5;0.00E0;0.00E0;4;0;291.10539686667;-1916.9527422354;0;220.668771686339;31;70.477437338505
685;9.92E4;0.00E0;1.72E-6;5.00E-5;0.00E0;0.00E0;4;0;1263.75825712136;511.483620056946;0;643.860360432955;8;68.907512211177
688;2.62E4;0.00E0;1.30E-6;5.00E-5;0.00E0;0.00E0;4;0;1329.72291909945;-2989.04448263532;0;37.1756769029306;44;314.969363080208
692;5.37E4;0.00E0;5.54E-6;5.00E-5;0.00E0;0.00E0;4;0;892.648821099812;-3780.57476474531;0;359.870440261236;50;66.7271109031437
695;1.50E5;0.00E0;2.93E-6;5.00E-5;0.00E0;0.00E0;4;0;1789.72750124668;-3027.94003346061;0;442.304634732797;44;151.683046739482
703;9.32E4;0.00E0;3.38E-6;5.00E-5;0.00E0;0.00E0;4;0;-104.854886657546;-4866.81357019072;0;101.859043722432;65;409.235448238402
705;7.67E4;0.00E0;1.26E-6;5.00E-5;0.00E0;0.00E0;4;0;1265.87493124392;-2412.51846014433;0;259.226764610362;37;132.241913245052
710;3.32E4;0.00E0;1.31E-6;5.00E-5;0.00E0;0.00E0;4;0;1025.06531063294;-52.0499629937667;0;97.2574105668162;9;152.69171500901
716;3.43E4;0.00E0;1.57E-6;5.00E-5;0.00E0;0.00E0;4;0;558.222009450211;213.908787367813;0;109.190490725446;5;140.31382945657
718;5.30E4;0.00E0;2.64E-6;5.00E-5;0.00E0;0.00E0;4;0;1151.36782480016;-2921.94197093026;0;96.8823644837167;43;244.561885042426
728;4.04E4;0.00E0;2.75E-6;5.00E-5;0.00E0;0.00E0;4;0;-268.716999297974;-5473.75004542477;0;103.074070673904;71;175.118866561107
738;2.97E4;0.00E0;1.64E-6;5.00E-5;0.00E0;0.00E0;4;0;-338.45982636716;-5391.75830771708;0;189.858948462357;71;69.8790487446737
744;3.98E4;0.00E0;3.23E-6;5.00E-5;0.00E0;0.00E0;4;0;749.582314240099;-1307.18692497406;0;42.8106284836026;21;415.626563087391
745;2.71E4;0.00E0;1.45E-6;5.00E-5;0.00E0;0.00E0;4;0;324.004908789637;-271.454473714734;0;125.244089557699;11;96.6380812298052
748;5.68E4;0.00E0;2.33E-6;5.00E-5;0.00E0;0.00E0;4;0;1031.5810285077;-1710.33535607055;0;300.092856714727;24;84.6574162810028
751;7.93E4;0.00E0;5.15E-6;5.00E-5;0.00E0;0.00E0;4;0;-521.635734055191;-4469.96581812539;0;546.378184226137;65;64.9044010102202
754;4.44E4;0.00E0;7.56E-7;5.00E-5;0.00E0;0.00E0;4;0;138.106419894997;-5416.936126972;0;262.774167367177;70;75.5432406657601
755;6.71E4;0.00E0;1.90E-6;5.00E-5;0.00E0;0.00E0;4;0;1423.80736005863;-3530.54854876875;0;488.534400131549;46;61.4146126160127
760;6.59E4;0.00E0;2.49E-6;5.00E-5;0.00E0;0.00E0;4;0;-418.105839386189;-5724.48788953309;0;321.599865421957;71;91.6082973840236
778;3.94E4;0.00E0;2.73E-6;5.00E-5;0.00E0;0.00E0;4;0;468.158962285345;-2007.74145080199;0;145.402130476055;30;121.069110240687
780;4.37E4;0.00E0;3.21E-6;5.00E-5;0.00E0;0.00E0;4;0;1186.50004425631;48.8579797765897;0;286.855661917411;9;68.1420273416932
784;3.52E4;0.00E0;4.04E-6;5.00E-5;0.00E0;0.00E0;4;0;-104.722975146045;-4651.702940781;0;102.792373552447;65;153.210711915976
788;7.61E4;0.00E0;1.16E-6;5.00E-5;0.00E0;0.00E0;4;0;-223.588457994616;-2273.28711542465;0;436.606147618958;33;77.9615179880985
796;7.45E4;0.00E0;4.43E-6;5.00E-5;0.00E0;0.00E0;4;0;379.989759784866;204.272527592666;0;142.132339232744;4;234.400865815502
799;6.53E4;0.00E0;7.70E-7;5.00E-5;0.00E0;0.00E0;4;0;21.681740156833;-343.547311853727;0;153.222478789797;12;190.570840673409
815;8.26E4;0.00E0;1.71E-6;5.00E-5;0.00E0;0.00E0;4;0;581.67245468231;-1540.95019688936;0;168.857674949449;23;218.764119115338
817;1.05E5;0.00E0;7.86E-6;5.00E-5;0.00E0;0.00E0;4;0;857.284813500659;-373.721572625478;0;269.954322419122;9;174.161433687997
835;3.86E4;0.00E0;2.75E-6;5.00E-5;0.00E0;0.00E0;4;0;856.723126091549;-2625.288865431;0;180.267128394255;40;95.6103319761063
849;8.92E4;0.00E0;8.62E-7;5.00E-5;0.00E0;0.00E0;4;0;-5.2582595361398;159.317444237839;0;159.304249293542;1;250.415515884277
873;6.06E4;0.00E0;1.43E-6;5.00E-5;0.00E0;0.00E0;4;0;1556.88682669483;-3328.20235103062;0;359.31631774906;44;75.4303488451944
874;1.00E5;0.00E0;3.13E-6;5.00E-5;0.00E0;0.00E0;4;0;-27.3917895718155;563.625249622615;0;564.190585793646;1;79.4949208159298
876;5.23E4;0.00E0;2.54E-6;5.00E-5;0.00E0;0.00E0;4;0;525.111559432258;-911.63875046726;0;133.308317880038;17;175.34725731256
879;4.60E4;0.00E0;2.42E-6;5.00E-5;0.00E0;0.00E0;4;0;504.60930181135;-1329.26852479411;0;195.915499062146;20;104.930495609012
893;2.42E4;0.00E0;9.02E-7;5.00E-5;0.00E0;0.00E0;4;0;1399.99854448298;-2837.27633426003;0;99.1611445092259;42;109.261324775444
894;3.20E4;0.00E0;2.29E-6;5.00E-5;0.00E0;0.00E0;4;0;154.418845693061;-2315.04215070266;0;139.118079528587;32;102.813313748487
895;2.15E4;0.00E0;6.28E-7;5.00E-5;0.00E0;0.00E0;4;0;986.572595873969;-2304.70152068579;0;39.5252399975369;38;243.396846531536
898;7.88E4;0.00E0;3.10E-6;5.00E-5;0.00E0;0.00E0;4;0;1034.03868509273;28.9473408565209;0;153.406859183738;9;229.59375914598
903;4.92E4;0.00E0;8.97E-7;5.00E-5;0.00E0;0.00E0;4;0;548.727482146723;-3761.48676240897;0;97.1460284696316;53;226.486399967413
911;3.84E4;0.00E0;1.58E-6;5.00E-5;0.00E0;0.00E0;4;0;216.7986993585;-513.011487985318;0;47.8569220335581;13;358.522562924026
912;2.03E4;0.00E0;7.46E-7;5.00E-5;0.00E0;0.00E0;4;0;169.320089291646;-164.011214443536;0;47.3319845424242;10;192.167974777087
914;2.69E4;0.00E0;1.29E-6;5.00E-5;0.00E0;0.00E0;4;0;1444.99163670084;-2827.24659037267;0;144.057431655468;42;83.427472064197
922;1.09E4;0.00E0;9.48E-7;5.00E-5;0.00E0;0.00E0;4;0;803.012543386444;-1638.73517072991;0;61.4194546120543;24;79.088912509654
925;3.56E4;0.00E0;1.33E-6;5.00E-5;0.00E0;0.00E0;4;0;663.218512136277;-1625.60191047765;0;77.8811762238198;24;204.142740437682
933;5.22E4;0.00E0;1.04E-6;5.00E-5;0.00E0;0.00E0;4;0;-80.7026854296744;-722.326449095281;0;247.743258692543;14;94.109409321944
934;6.44E4;0.00E0;3.09E-6;5.00E-5;0.00E0;0.00E0;4;0;140.487928478537;-5845.71755527541;0;454.60097440353;71;63.3439951775407
939;3.71E4;0.00E0;2.34E-6;5.00E-5;0.00E0;0.00E0;4;0;1069.47302615448;-2843.38632420889;0;148.152524839285;42;111.905122194828
947;6.58E4;0.00E0;1.50E-6;5.00E-5;0.00E0;0.00E0;4;0;-505.363101866364;-5771.3494449182;0;418.964119665039;71;70.2535414184968
950;2.15E4;0.00E0;1.39E-6;5.00E-5;0.00E0;0.00E0;4;0;-167.899107538552;-5173.77986413928;0;123.362820073157;69;77.8410779933556
952;5.79E4;0.00E0;7.80E-7;5.00E-5;0.00E0;0.00E0;4;0;1243.43435355545;-279.879751876953;0;327.077086907157;9;79.1975176387389
963;3.87E4;0.00E0;1.84E-6;5.00E-5;0.00E0;0.00E0;4;0;451.370447549584;-4249.8979362559;0;213.248075096556;58;81.1758222759636
965;7.81E4;0.00E0;2.58E-6;5.00E-5;0.00E0;0.00E0;4;0;415.959846592846;-2017.8069979141;0;127.792126173816;31;273.346947804152
983;9.75E4;0.00E0;2.20E-6;5.00E-5;0.00E0;0.00E0;4;0;248.153360258475;-3742.48647584379;0;171.103414386978;54;254.649792467951
989;5.28E4;0.00E0;9.94E-7;5.00E-5;0.00E0;0.00E0;4;0;895.328369472804;-1566.6602306542;0;145.844556330528;23;161.916198043268
997;5.58E4;0.00E0;1.24E-6;5.00E-5;0.00E0;0.00E0;4;0;892.918660293602;38.8111576658503;0;48.4189268176157;8;514.992335403015
1031;7.33E4;0.00E0;2.22E-6;5.00E-5;0.00E0;0.00E0;4;0;265.146551025894;-3434.58274288182;0;314.57197453096;52;104.238677768898
1040;7.42E4;0.00E0;4.60E-6;5.00E-5;0.00E0;0.00E0;4;0;625.978819856387;-4830.59996056699;0;373.944625507989;62;88.6585117329308
1054;3.35E4;0.00E0;1.66E-6;5.00E-5;0.00E0;0.00E0;4;0;920.152111421249;-2669.40272916436;0;135.648725800433;40;110.379371210039
1056;2.36E4;0.00E0;7.59E-7;5.00E-5;0.00E0;0.00E0;4;0;699.786993191597;-3315.95506797985;0;128.05618149108;49;82.2929690420312
1058;2.63E4;0.00E0;1.27E-6;5.00E-5;0.00E0;0.00E0;4;0;1152.01908102555;-2643.93856928966;0;60.61070102127;41;193.713898715112
1059;4.67E4;0.00E0;1.31E-6;5.00E-5;0.00E0;0.00E0;4;0;1285.73400283258;-3303.10166060997;0;223.99145423871;46;93.2365793896608
1066;6.02E4;0.00E0;9.77E-7;5.00E-5;0.00E0;0.00E0;4;0;88.2475831643731;-2039.51366471786;0;142.063253459771;33;189.562800990841
1068;7.22E4;0.00E0;1.21E-6;5.00E-5;0.00E0;0.00E0;4;0;1081.26774373955;-1803.8059667987;0;368.859756036886;25;87.4697402368539
1071;5.34E4;0.00E0;1.81E-6;5.00E-5;0.00E0;0.00E0;4;0;-61.2731323711037;-1939.61847975905;0;320.73535919902;33;74.4848357882513
1079;4.20E4;0.00E0;4.39E-7;5.00E-5;0.00E0;0.00E0;4;0;48.5376544371513;-3887.46065710238;0;264.900880739433;56;70.8655135902101
1084;4.42E4;0.00E0;1.31E-6;5.00E-5;0.00E0;0.00E0;4;0;-126.39414032627;-691.716047692862;0;285.781889542172;14;69.0873999760938
1090;2.92E4;0.00E0;3.47E-6;5.00E-5;0.00E0;0.00E0;4;0;911.012692286961;163.890095958862;0;148.641235164366;8;87.7640707219733
1096;3.18E4;0.00E0;1.54E-6;5.00E-5;0.00E0;0.00E0;4;0;1146.17418750443;-3182.21435078244;0;43.1828665340725;46;328.948766766623
1112;3.62E4;0.00E0;1.36E-6;5.00E-5;0.00E0;0.00E0;4;0;98.751017391299;-4520.9123553562;0;123.744957106426;61;130.632690432608
1117;6.92E4;0.00E0;1.05E-5;5.00E-5;0.00E0;0.00E0;4;0;1408.77381315976;-2202.21619175064;0;356.876477303436;38;86.7465308721341
1126;4.62E4;0.00E0;2.81E-6;5.00E-5;0.00E0;0.00E0;4;0;500.043154407455;-346.360619090237;0;312.973165697995;12;65.9561341900462
1127;1.89E4;0.00E0;6.69E-7;5.00E-5;0.00E0;0.00E0;4;0;84.7867227235236;-410.885330555639;0;84.5191628737089;13;99.8452082682659
1137;8.13E4;0.00E0;1.93E-6;5.00E-5;0.00E0;0.00E0;4;0;-9.36478132746879;-939.996377336001;0;245.50619913446;15;148.06437935673
1139;8.19E4;0.00E0;4.52E-6;5.00E-5;0.00E0;0.00E0;4;0;899.385099664259;-513.289385318841;0;394.757663312796;9;92.7127028247233
1141;9.24E4;0.00E0;3.66E-6;5.00E-5;0.00E0;0.00E0;4;0;-290.239253595832;-5397.35639814993;0;141.648352041351;71;291.509488700566
1150;1.08E5;0.00E0;9.63E-7;5.00E-5;0.00E0;0.00E0;4;0;411.842343240723;-4654.12355535247;0;159.269430733579;62;303.243996159817
1155;7.52E4;0.00E0;3.22E-6;5.00E-5;0.00E0;0.00E0;4;0;307.282006379713;-831.116393002927;0;66.2227103418019;16;507.834020055964
1157;7.00E4;0.00E0;1.22E-6;5.00E-5;0.00E0;0.00E0;4;0;-10.4953034221555;-529.663937628361;0;179.376121378494;13;174.426444117587
1160;5.03E4;0.00E0;1.93E-6;5.00E-5;0.00E0;0.00E0;4;0;-208.363496868367;99.7424966512972;0;230.963144172653;1;97.321486639736
1171;8.99E4;0.00E0;2.35E-6;5.00E-5;0.00E0;0.00E0;4;0;688.446752229316;-310.771450641572;0;327.293409114422;9;122.795497597935
1180;3.42E4;0.00E0;2.06E-6;5.00E-5;0.00E0;0.00E0;4;0;70.7089420918405;-2370.15725085994;0;238.787396061827;33;63.9551246005338
1181;2.57E4;0.00E0;9.24E-7;5.00E-5;0.00E0;0.00E0;4;0;515.750286213534;-55.3194561239652;0;145.075330436825;5;79.2204643718524
1189;3.83E4;0.00E0;2.29E-6;5.00E-5;0.00E0;0.00E0;4;0;645.542841708865;-3785.16038839203;0;192.394206320645;52;88.8899928331214
1203;8.73E4;0.00E0;1.30E-6;5.00E-5;0.00E0;0.00E0;4;0;1148.16386960555;-1120.05793178783;0;480.648059497682;21;81.2119318117944
1205;2.78E4;0.00E0;3.34E-6;5.00E-5;0.00E0;0.00E0;4;0;887.488676007176;-1601.55308174743;0;140.66985598919;23;88.2542414473187
1207;5.79E4;0.00E0;2.27E-6;5.00E-5;0.00E0;0.00E0;4;0;975.649529636312;-3529.89453302272;0;212.21389412754;48;121.920569269561
1208;1.25E5;0.00E0;3.33E-6;5.00E-5;0.00E0;0.00E0;4;0;-323.952809162171;-5479.09429071027;0;155.584754141282;71;359.659003660577
1210;7.25E4;0.00E0;5.05E-6;5.00E-5;0.00E0;0.00E0;4;0;1135.36709238461;-3029.06746948368;0;63.0087330870296;45;514.299573758056
1217;7.74E4;0.00E0;2.32E-6;5.00E-5;0.00E0;0.00E0;4;0;810.409356521416;-831.252206048251;0;369.027062049683;19;93.7669080559009
1226;5.19E4;0.00E0;7.94E-7;5.00E-5;0.00E0;0.00E0;4;0;171.156816397778;324.021566023894;0;329.154117081771;3;70.5246732796554
1230;1.00E4;0.00E0;6.72E-7;5.00E-5;0.00E0;0.00E0;4;0;917.314742659558;-15.1208886714676;0;33.8077565968926;9;132.248403781143
1237;8.33E4;0.00E0;2.10E-6;5.00E-5;0.00E0;0.00E0;4;0;-294.278945073613;-2148.12394656732;0;485.699567343945;33;76.6386734767737
1248;2.78E4;0.00E0;5.63E-7;5.00E-5;0.00E0;0.00E0;4;0;848.083942542293;-2138.18005162954;0;154.37449113899;35;80.4137853897493
1257;4.01E4;0.00E0;1.31E-6;5.00E-5;0.00E0;0.00E0;4;0;316.793129790304;-3628.52093233199;0;170.190827540664;53;105.314716026824
1259;1.26E5;0.00E0;2.05E-6;5.00E-5;0.00E0;0.00E0;4;0;-274.943763932248;-5172.43237740839;0;214.910968973183;69;262.789525269707
1265;1.06E5;0.00E0;1.72E-6;5.00E-5;0.00E0;0.00E0;4;0;-105.704786350963;-960.075530621059;0;342.707033980076;15;137.773331426929
1276;5.03E4;0.00E0;4.30E-6;5.00E-5;0.00E0;0.00E0;4;0;656.398320283954;-3255.33544206201;0;202.436858568662;49;111.087411892759
1279;1.68E4;0.00E0;1.97E-6;5.00E-5;0.00E0;0.00E0;4;0;430.71217275193;-3585.16384116127;0;94.9563124444741;52;78.925028081364
1280;4.55E4;0.00E0;2.15E-6;5.00E-5;0.00E0;0.00E0;4;0;22.9323250212053;-752.205698819223;0;157.723495953887;15;129.048401581659
1286;7.90E4;0.00E0;5.68E-7;5.00E-5;0.00E0;0.00E0;4;0;-173.528640177555;-944.561487239758;0;402.605574314957;15;87.7552613812589
1291;4.38E4;0.00E0;8.13E-7;5.00E-5;0.00E0;0.00E0;4;0;1639.91847179131;-3010.47411098545;0;293.54792455467;44;66.7632687551895
1292;5.29E4;0.00E0;1.30E-6;5.00E-5;0.00E0;0.00E0;4;0;568.318875117364;-4524.66782189647;0;334.959065883674;61;70.6613960044331
1302;3.26E4;0.00E0;1.21E-6;5.00E-5;0.00E0;0.00E0;4;0;356.743287331763;-651.362005233792;0;190.971823699835;15;76.2230134100413
1319;9.22E4;0.00E0;3.87E-6;5.00E-5;0.00E0;0.00E0;4;0;-4.17517994793775;-2734.89117485453;0;575.314440571127;32;71.6115940459682
1323;1.02E5;0.00E0;1.42E-6;5.00E-5;0.00E0;0.00E0;4;0;694.541920094539;-4641.73785777306;0;441.435574327548;62;103.352576709295
1324;4.37E4;0.00E0;2.63E-6;5.00E-5;0.00E0;0.00E0;4;0;-52.3269978867802;-5705.46828881753;0;224.242428355975;71;87.1264832772264
1333;3.10E4;0.00E0;8.65E-7;5.00E-5;0.00E0;0.00E0;4;0;30.9837958950186;-2116.39834995489;0;161.673016527924;33;85.6364490786336
1335;2.43E4;0.00E0;1.54E-6;5.00E-5;0.00E0;0.00E0;4;0;380.857083423601;-4438.06117344743;0;148.151266953725;60;73.1987738302039
1337;3.38E4;0.00E0;1.18E-6;5.00E-5;0.00E0;0.00E0;4;0;547.194601172532;-3330.73787450451;0;206.460599050053;50;73.1398860402738
1340;9.66E4;0.00E0;2.15E-6;5.00E-5;0.00E0;0.00E0;4;0;1359.39434229474;-2121.1462238219;0;323.767589899869;38;133.389001082979
1356;1.33E4;0.00E0;1.42E-6;5.00E-5;0.00E0;0.00E0;4;0;-144.220829754751;-5253.15078308164;0;62.2704106966331;70;95.2410341599714
1363;5.84E4;0.00E0;2.67E-6;5.00E-5;0.00E0;0.00E0;4;0;-203.876607186943;339.462544279523;0;395.894692333618;1;65.8952607570889
1364;5.93E4;0.00E0;1.29E-6;5.00E-5;0.00E0;0.00E0;4;0;-78.1183761549084;-1014.05034704773;0;339.935283342167;15;78.0167687211702
1370;4.81E4;0.00E0;6.56E-6;5.00E-5;0.00E0;0.00E0;4;0;271.749450920023;-2453.64073872828;0;230.693312466255;32;93.2877933595697
1373;6.24E4;0.00E0;4.74E-6;5.00E-5;0.00E0;0.00E0;4;0;1039.93884050309;-2776.998751937;0;113.192520464819;41;246.430011353623
1374;4.39E4;0.00E0;2.98E-6;5.00E-5;0.00E0;0.00E0;4;0;-75.8897324057641;-2051.2823387213;0;280.69448009343;33;69.8830425287696
1394;6.27E3;0.00E0;6.47E-7;5.00E-5;0.00E0;0.00E0;4;0;187.707612062484;-481.501303419449;0;18.6534178064226;13;150.16511554289
1396;4.00E4;0.00E0;1.98E-6;5.00E-5;0.00E0;0.00E0;4;0;-61.1526942054754;-4172.15198613437;0;235.042146816896;57;76.1078300458931
1399;4.82E4;0.00E0;4.20E-6;5.00E-5;0.00E0;0.00E0;4;0;1155.31396400254;-68.18957261182;0;206.054910603082;9;104.55584772413
1416;9.15E4;0.00E0;7.25E-6;5.00E-5;0.00E0;0.00E0;4;0;98.8203459730432;-2242.14224583987;0;137.515560916647;33;297.472902869199
1432;1.56E5;0.00E0;2.84E-6;5.00E-5;0.00E0;0.00E0;4;0;1046.04430798713;-4402.0146550034;0;806.460931964532;59;86.4162869219059
1433;4.08E4;0.00E0;1.11E-6;5.00E-5;0.00E0;0.00E0;4;0;178.372696884663;251.578446851078;0;265.800399523911;3;68.5518919309049
1434;1.39E5;0.00E0;3.76E-6;5.00E-5;0.00E0;0.00E0;4;0;2237.44729378207;-3225.74509185207;0;909.90852702634;44;68.5356353795542
1450;3.31E4;0.00E0;1.82E-6;5.00E-5;0.00E0;0.00E0;4;0;752.962500617452;-1153.95765863804;0;101.84611633031;20;145.48863668396
1451;5.22E4;0.00E0;1.14E-6;5.00E-5;0.00E0;0.00E0;4;0;1659.44276888446;-2848.39518044421;0;358.836030314283;42;64.9972910229902
1455;4.16E4;0.00E0;2.05E-6;5.00E-5;0.00E0;0.00E0;4;0;890.621874804036;61.2690994910981;0;62.4406802003573;8;298.161526414733
1458;3.60E4;0.00E0;9.02E-7;5.00E-5;0.00E0;0.00E0;4;0;933.675550273606;-3468.70497995955;0;138.240640760249;48;116.442926750889
1469;6.23E4;0.00E0;4.80E-6;5.00E-5;0.00E0;0.00E0;4;0;-149.203153559562;-5017.93804486964;0;122.086526863458;67;227.95678489869
1470;5.73E4;0.00E0;1.87E-6;5.00E-5;0.00E0;0.00E0;4;0;1146.9029506974;-2257.76562605153;0;99.8873779985694;38;256.663406143127
1481;4.08E4;0.00E0;1.43E-6;5.00E-5;0.00E0;0.00E0;4;0;587.12609710956;333.759553379414;0;231.476264274033;6;78.8051991016989
1488;1.04E5;0.00E0;1.57E-6;5.00E-5;0.00E0;0.00E0;4;0;-513.122217986227;-250.386508331584;0;570.997286724949;1;81.1925756182806
1491;1.09E5;0.00E0;1.41E-6;5.00E-5;0.00E0;0.00E0;4;0;1029.79064230948;-3933.20299260887;0;563.281704008828;50;86.463134901857
1502;2.73E4;0.00E0;1.26E-6;5.00E-5;0.00E0;0.00E0;4;0;109.632713028902;-4354.88181778942;0;129.699010802427;59;93.9956472208192
1513;2.63E4;0.00E0;5.97E-7;5.00E-5;0.00E0;0.00E0;4;0;66.6357682466578;-4601.8789418284;0;171.864186362636;61;68.5149318747212
1514;2.99E4;0.00E0;8.86E-7;5.00E-5;0.00E0;0.00E0;4;0;714.211803602929;-2309.5607685611;0;42.96070181881;34;311.093299188315
1525;2.40E4;0.00E0;1.70E-6;5.00E-5;0.00E0;0.00E0;4;0;301.531270029644;-2239.08982218149;0;43.9719214930495;32;243.66357610531
1529;2.32E4;0.00E0;5.83E-7;5.00E-5;0.00E0;0.00E0;4;0;932.521599537798;-2169.91666106973;0;131.943509935593;38;78.7205081213822
1531;1.04E5;0.00E0;1.12E-6;5.00E-5;0.00E0;0.00E0;4;0;1383.15748579019;-1581.30823207522;0;633.382068143546;23;73.1940836414371
1532;4.47E4;0.00E0;1.34E-6;5.00E-5;0.00E0;0.00E0;4;0;249.106567603967;-2408.86621890062;0;185.829765112177;32;107.520155419174
1537;2.16E4;0.00E0;8.97E-7;5.00E-5;0.00E0;0.00E0;4;0;241.776402822064;53.5715836259487;0;68.6991253310678;3;140.812053851965
1539;4.59E4;0.00E0;2.90E-6;5.00E-5;0.00E0;0.00E0;4;0;909.2130375793;-1966.6563489408;0;235.639015549068;26;87.159732452007
1540;7.60E4;0.00E0;5.66E-6;5.00E-5;0.00E0;0.00E0;4;0;729.531398931759;-1103.91445011207;0;104.698870234879;19;324.528757835085
1545;9.64E3;0.00E0;1.31E-6;5.00E-5;0.00E0;0.00E0;4;0;268.557765763109;-3970.21980044779;0;33.798821876047;55;127.462129056841
1546;9.60E4;0.00E0;2.68E-6;5.00E-5;0.00E0;0.00E0;4;0;-29.3360864673655;-3432.29333108713;0;568.041476401171;53;75.529902013478
1549;1.13E5;0.00E0;2.43E-6;5.00E-5;0.00E0;0.00E0;4;0;1924.36405779718;-3583.51180342736;0;795.186991436067;44;63.2747309075345
1553;9.01E4;0.00E0;1.29E-6;5.00E-5;0.00E0;0.00E0;4;0;637.707057934608;-5077.02466599913;0;501.907340773707;62;80.2775414007419
1562;1.07E5;0.00E0;4.45E-6;5.00E-5;0.00E0;0.00E0;4;0;1025.09393416376;-635.39396929672;0;517.248997263848;9;92.3900123385801
1563;4.37E4;0.00E0;3.23E-6;5.00E-5;0.00E0;0.00E0;4;0;53.9720910178178;-5021.14262513499;0;81.1032330372618;67;240.647487632087
1569;4.13E4;0.00E0;8.97E-7;5.00E-5;0.00E0;0.00E0;4;0;676.519367423;-3220.01467003165;0;216.941700205945;49;85.0146311232093
1570;5.44E4;0.00E0;2.91E-6;5.00E-5;0.00E0;0.00E0;4;0;872.420217285617;407.39147589876;0;339.664298705634;7;71.5872243027297
1571;4.61E4;0.00E0;1.14E-6;5.00E-5;0.00E0;0.00E0;4;0;703.288820968736;-157.14840561883;0;222.531434094513;9;92.5220202232738
1574;1.71E5;0.00E0;3.84E-6;5.00E-5;0.00E0;0.00E0;4;0;643.181270092392;-496.375594849355;0;474.177321365848;13;161.431470423543
1576;4.87E4;0.00E0;2.16E-6;5.00E-5;0.00E0;0.00E0;4;0;1202.8101685002;-2877.48195020622;0;69.2845212624981;43;314.484361426436
1577;3.72E4;0.00E0;7.35E-7;5.00E-5;0.00E0;0.00E0;4;0;790.926254624974;-3566.64053815998;0;125.873746550792;50;131.969547861628
1580;1.66E4;0.00E0;1.19E-6;5.00E-5;0.00E0;0.00E0;4;0;43.3603706345434;-591.824308900907;0;119.516612715475;14;62.0961829070898
1593;4.81E4;0.00E0;6.10E-6;5.00E-5;0.00E0;0.00E0;4;0;-144.816471644936;-5690.03727285888;0;175.893681213219;71;122.358802969851
1598;7.59E4;0.00E0;6.65E-6;5.00E-5;0.00E0;0.00E0;4;0;264.240381283839;-5494.94425905441;0;410.028533704336;70;82.790863287457
1601;7.32E4;0.00E0;2.17E-6;5.00E-5;0.00E0;0.00E0;4;0;115.716527215955;-2361.58156934144;0;199.127963863912;32;164.284813033988
1605;9.15E4;0.00E0;3.48E-6;5.00E-5;0.00E0;0.00E0;4;0;-407.166362280476;-5814.35226942649;0;379.020162197898;71;107.880315733005
1606;4.42E4;0.00E0;5.31E-7;5.00E-5;0.00E0;0.00E0;4;0;79.3645266734511;-687.496108132639;0;84.5627549267745;15;233.555425197829
1610;5.23E4;0.00E0;8.67E-6;5.00E-5;0.00E0;0.00E0;4;0;1163.4254801951;-2004.61108911672;0;246.327846521843;38;94.8851438471535
1614;8.14E4;0.00E0;3.02E-6;5.00E-5;0.00E0;0.00E0;4;0;108.539169893521;132.182067344294;0;170.253253471748;1;213.769704292466
1617;4.81E4;0.00E0;1.16E-6;5.00E-5;0.00E0;0.00E0;4;0;-139.195127227484;181.372053224799;0;228.549427311052;1;94.0571671846423
1631;2.34E4;0.00E0;1.53E-6;5.00E-5;0.00E0;0.00E0;4;0;517.978710298677;-1853.02646775914;0;170.904823323541;26;61.1011395106757
1639;5.52E4;0.00E0;1.64E-6;5.00E-5;0.00E0;0.00E0;4;0;-203.582306603368;-0.146438359180138;0;203.582455761327;1;121.143478342902
1643;1.12E5;0.00E0;2.64E-6;5.00E-5;0.00E0;0.00E0;4;0;-385.308200742152;-1360.35678283667;0;792.243569330771;15;63.3331786022526
1654;8.98E4;0.00E0;3.72E-6;5.00E-5;0.00E0;0.00E0;4;0;-58.7883210533405;-6049.17142060264;0;544.854899843055;71;73.6617168308702
1658;3.36E4;0.00E0;9.25E-7;5.00E-5;0.00E0;0.00E0;4;0;546.388635918709;-925.290373129294;0;135.253334916525;18;111.028268699888
1663;3.48E4;0.00E0;2.19E-6;5.00E-5;0.00E0;0.00E0;4;0;897.918265426057;-2196.35912418561;0;109.0488932423;35;142.481427893185
1672;4.20E4;0.00E0;3.83E-6;5.00E-5;0.00E0;0.00E0;4;0;746.537371193357;-3082.91757442004;0;279.729978584353;47;67.0666247091197
1677;1.26E5;0.00E0;4.15E-6;5.00E-5;0.00E0;0.00E0;4;0;466.777729797123;-427.455207059619;0;297.528618151669;13;189.749897987008
1679;2.31E4;0.00E0;1.29E-6;5.00E-5;0.00E0;0.00E0;4;0;277.198180414343;-4466.16759214304;0;51.9641824950126;60;198.665374430787
1697;2.53E4;0.00E0;9.85E-7;5.00E-5;0.00E0;0.00E0;4;0;353.114228197782;-3968.75442712757;0;37.075235183883;55;305.39057153713
1702;5.37E4;0.00E0;2.04E-6;5.00E-5;0.00E0;0.00E0;4;0;390.315475998833;-660.560917687509;0;220.273638755251;15;109.031712434712
1704;5.22E4;0.00E0;1.73E-6;5.00E-5;0.00E0;0.00E0;4;0;212.535694833885;-5064.53054015652;0;233.521459386441;64;99.9619146673466
1708;7.57E4;0.00E0;9.77E-7;5.00E-5;0.00E0;0.00E0;4;0;918.387257064999;-3694.40517259228;0;303.503170024028;49;111.542320627255
1710;3.14E4;0.00E0;7.34E-7;5.00E-5;0.00E0;0.00E0;4;0;438.363230575864;-739.704599013825;0;218.149608549771;16;64.4219150463487
1735;7.56E4;0.00E0;1.18E-6;5.00E-5;0.00E0;0.00E0;4;0;144.091541013292;-2678.73618408901;0;469.708496542541;32;71.956114320988
1749;6.58E4;0.00E0;6.37E-6;5.00E-5;0.00E0;0.00E0;4;0;179.258947691771;-1302.70223391145;0;387.231858073085;17;75.9366811117472
1750;6.88E4;0.00E0;3.31E-6;5.00E-5;0.00E0;0.00E0;4;0;294.395576739028;-3399.45510170801;0;310.003609315505;51;99.1719667512258
1758;6.74E4;0.00E0;1.54E-6;5.00E-5;0.00E0;0.00E0;4;0;915.827659990408;-3405.88854866486;0;78.169360261917;48;385.207999533957
1769;1.24E5;0.00E0;5.37E-6;5.00E-5;0.00E0;0.00E0;4;0;-611.751323537801;-1691.25628679494;0;918.611137710386;33;60.3484759866568
1770;6.17E4;0.00E0;5.96E-7;5.00E-5;0.00E0;0.00E0;4;0;-394.495919728245;-4511.08608437504;0;415.99058185892;65;66.3415022517657
1785;3.84E4;0.00E0;2.55E-6;5.00E-5;0.00E0;0.00E0;4;0;254.916416520424;-2042.47471704188;0;113.436065594592;31;151.53115413831
1787;3.77E4;0.00E0;1.04E-6;5.00E-5;0.00E0;0.00E0;4;0;591.182420758683;-928.794102681954;0;159.453155952496;18;105.60918621234
1790;1.51E4;0.00E0;1.06E-6;5.00E-5;0.00E0;0.00E0;4;0;825.989199595728;-106.399180073146;0;94.1317021241897;9;71.8405000360673
1795;3.35E4;0.00E0;1.49E-6;5.00E-5;0.00E0;0.00E0;4;0;941.184365820833;-2987.64647460147;0;235.900919173232;46;63.5307811999564
1797;4.87E4;0.00E0;4.73E-6;5.00E-5;0.00E0;0.00E0;4;0;1031.22596623844;-100.642434648657;0;77.8175496032217;9;279.734171004213
1820;3.51E4;0.00E0;7.68E-7;5.00E-5;0.00E0;0.00E0;4;0;90.2570678113098;-2237.47950045706;0;141.36000384972;33;111.139034376331
1826;9.21E4;0.00E0;3.46E-6;5.00E-5;0.00E0;0.00E0;4;0;328.06162914539;-1595.45979381836;0;411.562361664351;24;100.012318629977
1839;3.16E4;0.00E0;9.51E-7;5.00E-5;0.00E0;0.00E0;4;0;1094.32530966957;-3111.08783415518;0;44.8123650200935;46;314.84343052937
1845;5.36E4;0.00E0;1.81E-6;5.00E-5;0.00E0;0.00E0;4;0;218.373313214419;337.282267017041;0;318.397745433671;3;75.2768012009133
1847;6.60E4;0.00E0;1.33E-6;5.00E-5;0.00E0;0.00E0;4;0;344.011833922741;-536.948804292718;0;175.154785117271;13;168.36730352004
1856;5.82E4;0.00E0;2.80E-6;5.00E-5;0.00E0;0.00E0;4;0;378.120001114321;-774.528022799124;0;154.063669535187;16;168.863579846786
1858;3.10E4;0.00E0;3.56E-7;5.00E-5;0.00E0;0.00E0;4;0;339.940994417396;-3837.76609347952;0;43.1895636062915;54;320.495690469786
1861;3.48E4;0.00E0;3.00E-6;5.00E-5;0.00E0;0.00E0;4;0;822.826260915912;-1823.5686583331;0;120.501910607891;25;129.075703393354
1875;5.36E4;0.00E0;1.49E-6;5.00E-5;0.00E0;0.00E0;4;0;-333.939365797021;-5086.07312895839;0;306.446420828946;67;78.194923733451
1878;3.73E4;0.00E0;1.66E-6;5.00E-5;0.00E0;0.00E0;4;0;-24.1800822050875;-2004.56609374764;0;253.080927167819;33;65.8324355366471
1887;6.38E4;0.00E0;2.38E-6;5.00E-5;0.00E0;0.00E0;4;0;-171.616415865515;204.906963006523;0;267.204203354814;1;106.79315729279
1895;3.07E4;0.00E0;1.19E-6;5.00E-5;0.00E0;0.00E0;4;0;191.228589950565;-922.143394602398;0;76.3444895642399;16;179.887976840679
1897;9.07E4;0.00E0;1.12E-6;5.00E-5;0.00E0;0.00E0;4;0;274.718855778768;-1891.91426027265;0;247.944870266108;31;163.473807535893
1907;8.67E4;0.00E0;9.90E-7;5.00E-5;0.00E0;0.00E0;4;0;1115.34090075142;-599.567043727838;0;502.594121498751;9;77.1170925123018
1910;3.39E4;0.00E0;8.29E-7;5.00E-5;0.00E0;0.00E0;4;0;507.954246870006;-914.829397003397;0;120.410197928498;17;125.699802846328
1918;5.30E4;0.00E0;2.65E-6;5.00E-5;0.00E0;0.00E0;4;0;417.207693853617;-94.77984469884;0;154.730362056252;3;153.003944140378
1922;7.98E4;0.00E0;2.05E-6;5.00E-5;0.00E0;0.00E0;4;0;1289.91841354458;-2651.66598624209;0;137.424501654705;42;259.463185931899
1933;3.30E4;0.00E0;3.71E-6;5.00E-5;0.00E0;0.00E0;4;0;489.157013032746;-1642.33745142696;0;244.125676556624;24;60.5188407100654
1945;6.62E4;0.00E0;2.84E-6;5.00E-5;0.00E0;0.00E0;4;0;1593.33209755596;-2840.752068587;0;292.475324806881;42;101.249095834001
1950;1.75E4;0.00E0;1.37E-6;5.00E-5;0.00E0;0.00E0;4;0;854.554757160861;-174.758655407368;0;112.746078477055;9;69.2725659191227
1958;4.93E4;0.00E0;2.03E-6;5.00E-5;0.00E0;0.00E0;4;0;-90.4599046504836;-4975.8995969715;0;66.8759037786668;66;329.687706542959
1972;1.83E5;0.00E0;8.12E-6;5.00E-5;0.00E0;0.00E0;4;0;1221.01633568779;-551.724597814586;0;503.962403467287;9;162.304108394625
1973;9.52E4;0.00E0;1.15E-6;5.00E-5;0.00E0;0.00E0;4;0;306.356786523017;-4542.92824021696;0;74.8606971192421;61;568.608674437208
1978;5.08E4;0.00E0;1.13E-6;5.00E-5;0.00E0;0.00E0;4;0;42.0282789506093;-499.934661820749;0;126.959112917789;13;178.896607625353
1983;4.13E4;0.00E0;1.58E-6;5.00E-5;0.00E0;0.00E0;4;0;-166.675875760224;-5602.49719586865;0;86.3218793759568;71;213.785438710808
1992;8.50E4;0.00E0;1.49E-6;5.00E-5;0.00E0;0.00E0;4;0;1523.47392721456;-1913.81525397644;0;564.189164812111;38;67.3559720678782
2000;8.38E4;0.00E0;3.59E-6;5.00E-5;0.00E0;0.00E0;4;0;1623.48586027729;-2476.81589140461;0;479.446445174652;42;78.17310468274
2002;8.10E4;0.00E0;6.65E-7;5.00E-5;0.00E0;0.00E0;4;0;1069.06089386619;-1504.57033722036;0;315.261009773679;22;114.90463489275
2006;5.37E4;0.00E0;2.50E-6;5.00E-5;0.00E0;0.00E0;4;0;-74.0760355948396;-4387.81347697538;0;307.845961199326;60;77.9245636103272
2008;1.02E5;0.00E0;1.17E-6;5.00E-5;0.00E0;0.00E0;4;0;492.463244770054;-3296.73777937558;0;265.431177800596;50;171.221082702161
2021;1.42E5;0.00E0;5.60E-7;5.00E-5;0.00E0;0.00E0;4;0;258.018790228588;-5368.87758758681;0;339.338358815937;69;187.566012356596
2027;4.55E4;0.00E0;1.87E-6;5.00E-5;0.00E0;0.00E0;4;0;-62.408942794664;-932.419896103424;0;292.920635795856;15;69.3968142613933
2030;9.74E4;0.00E0;2.69E-6;5.00E-5;0.00E0;0.00E0;4;0;507.388276012867;477.876324065768;0;375.102726865542;5;116.036859246626
2031;1.02E5;0.00E0;3.32E-6;5.00E-5;0.00E0;0.00E0;4;0;43.9255529962743;508.36893115522;0;510.1634645716;1;89.1361882139647
2035;4.90E4;0.00E0;2.49E-6;5.00E-5;0.00E0;0.00E0;4;0;424.98901079119;-1225.14779271212;0;177.194190966716;18;123.619092395885
2038;6.33E4;0.00E0;8.20E-7;5.00E-5;0.00E0;0.00E0;4;0;141.690834779586;-2301.10325755916;0;140.300381520178;33;201.742201889671
2043;3.18E4;0.00E0;6.97E-7;5.00E-5;0.00E0;0.00E0;4;0;478.915288792269;-4655.92903446411;0;225.651589754814;62;63.083615533163
2052;3.89E4;0.00E0;7.77E-7;5.00E-5;0.00E0;0.00E0;4;0;472.596381666478;-4666.78584774921;0;218.086308696494;62;79.7408818169662
2055;5.95E4;0.00E0;3.42E-6;5.00E-5;0.00E0;0.00E0;4;0;778.5560894843;-2878.43745054108;0;361.646771076046;40;73.5208552784838
2058;3.88E4;0.00E0;2.54E-6;5.00E-5;0.00E0;0.00E0;4;0;-0.695911991614821;-5734.96734577311;0;278.255157301891;71;62.3074389381782
2071;1.84E5;0.00E0;3.02E-6;5.00E-5;0.00E0;0.00E0;4;0;-748.740535641314;-4527.97231615696;0;734.870824568535;65;111.89540391636
2075;5.55E3;0.00E0;4.19E-7;5.00E-5;0.00E0;0.00E0;4;0;4.93688773958979;-30.0233882724933;0;22.1358988507531;1;111.995786977066
2078;6.03E4;0.00E0;8.80E-7;5.00E-5;0.00E0;0.00E0;4;0;-134.294962677106;-1093.06551580783;0;429.737060824717;15;62.7459481447022
2086;3.81E4;0.00E0;3.30E-6;5.00E-5;0.00E0;0.00E0;4;0;391.869180792515;-2451.49231455284;0;264.056720470162;32;64.4256983013859
2095;3.61E4;0.00E0;1.01E-6;5.00E-5;0.00E0;0.00E0;4;0;-55.5760530516234;-2235.4476000202;0;265.670353935234;33;60.7014695116104
2096;3.38E4;0.00E0;4.89E-7;5.00E-5;0.00E0;0.00E0;4;0;420.522421997791;-4022.5503871396;0;122.760395162852;55;123.202282828616
2097;3.61E4;0.00E0;1.46E-6;5.00E-5;0.00E0;0.00E0;4;0;90.6828700854871;-2091.31518494302;0;110.627347649933;33;145.733665964134
2103;9.49E4;0.00E0;3.59E-6;5.00E-5;0.00E0;0.00E0;4;0;1094.1309365353;-1958.82273610309;0;269.002551463787;38;157.737347042386
2105;3.11E4;0.00E0;2.34E-6;5.00E-5;0.00E0;0.00E0;4;0;1048.3039030498;-2939.91821712526;0;181.210069891934;45;76.8410124909771
2108;2.11E4;0.00E0;6.91E-7;5.00E-5;0.00E0;0.00E0;4;0;82.4420144173787;-4294.91149442544;0;137.145616629377;58;68.9141944502108
2110;2.07E4;0.00E0;9.13E-7;5.00E-5;0.00E0;0.00E0;4;0;296.84977935353;-364.407257945777;0;119.370968787775;12;77.4158746220307
2115;7.75E4;0.00E0;3.60E-6;5.00E-5;0.00E0;0.00E0;4;0;141.537628974204;-3918.30404564741;0;169.340820281273;56;204.508817902089
2121;5.93E4;0.00E0;1.58E-6;5.00E-5;0.00E0;0.00E0;4;0;1231.56344206893;150.10284480421;0;383.979693885379;9;68.9928866803655
2122;1.48E5;0.00E0;2.75E-6;5.00E-5;0.00E0;0.00E0;4;0;1155.19666670428;-2140.27928896005;0;132.800822019714;38;498.742057584679
2126;1.06E5;0.00E0;2.46E-6;5.00E-5;0.00E0;0.00E0;4;0;1202.56653161537;549.036823234355;0;627.946854409121;7;75.6767851799627
2127;7.33E4;0.00E0;1.14E-6;5.00E-5;0.00E0;0.00E0;4;0;797.888215001047;-370.281716054152;0;294.085254342805;9;111.380264550695
2129;7.36E4;0.00E0;2.39E-6;5.00E-5;0.00E0;0.00E0;4;0;627.023674629752;-1502.41622030379;0;123.940957849165;22;265.345277325184
2131;4.50E4;0.00E0;1.30E-6;5.00E-5;0.00E0;0.00E0;4;0;407.072150929354;-3920.56550480549;0;57.2114593054854;55;351.946573343699
2148;8.64E4;0.00E0;1.45E-6;5.00E-5;0.00E0;0.00E0;4;0;157.878370117781;-3790.6364007597;0;222.941359833743;55;173.317994842727
2155;3.31E4;0.00E0;2.67E-6;5.00E-5;0.00E0;0.00E0;4;0;818.978672164625;-173.840065613475;0;140.516445477185;9;105.289272010071
2165;5.42E4;0.00E0;1.14E-6;5.00E-5;0.00E0;0.00E0;4;0;1219.62742315593;-2321.59926571722;0;188.179055207143;38;128.74340965392
2168;1.03E5;0.00E0;3.09E-6;5.00E-5;0.00E0;0.00E0;4;0;743.809188554708;-5143.89978037907;0;625.993007027679;62;73.7483982780336
2170;7.28E3;0.00E0;5.52E-7;5.00E-5;0.00E0;0.00E0;4;0;2.35199160129719;-4984.0884631188;0;20.265826875833;66;160.569110323649
2174;4.11E4;0.00E0;9.69E-7;5.00E-5;0.00E0;0.00E0;4;0;266.562736318901;-4138.26233515203;0;51.590403852577;57;356.258578014671
2182;3.87E4;0.00E0;2.96E-6;5.00E-5;0.00E0;0.00E0;4;0;741.77652607704;228.219096378941;0;143.69025011214;7;120.550438788252
2191;2.77E4;0.00E0;8.77E-7;5.00E-5;0.00E0;0.00E0;4;0;287.371900614219;-626.367865607469;0;126.901455838082;14;97.6211915064217
2192;5.35E4;0.00E0;1.40E-6;5.00E-5;0.00E0;0.00E0;4;0;328.60837776311;-4182.82117320226;0;117.889921897704;58;202.840345928681
2195;2.90E4;0.00E0;1.71E-6;5.00E-5;0.00E0;0.00E0;4;0;3.26614301516952;-5452.94606139138;0;155.635120121984;70;83.3673441655556
2206;2.70E4;0.00E0;1.08E-6;5.00E-5;0.00E0;0.00E0;4;0;-226.340913505437;-5092.13859201811;0;198.879917012156;67;60.6727967863915
2216;5.91E4;0.00E0;4.99E-6;5.00E-5;0.00E0;0.00E0;4;0;139.396606572426;-157.890321688726;0;77.8416698887341;10;339.391687516939
2217;1.31E4;0.00E0;2.19E-6;5.00E-5;0.00E0;0.00E0;4;0;-29.0210096035239;-30.9855360538231;0;42.5268097811412;1;137.713889155132
2222;7.64E4;0.00E0;1.94E-6;5.00E-5;0.00E0;0.00E0;4;0;690.419130052826;-624.395792188792;0;462.109832891118;17;73.930500214484
2224;5.25E4;0.00E0;8.87E-7;5.00E-5;0.00E0;0.00E0;4;0;1268.41452086225;-49.8798112864188;0;320.204739666417;9;73.3349715355428
2229;4.72E4;0.00E0;4.25E-6;5.00E-5;0.00E0;0.00E0;4;0;449.772019820899;-1597.32853546776;0;292.363795476712;24;72.1258409396673
2231;2.76E4;0.00E0;1.39E-6;5.00E-5;0.00E0;0.00E0;4;0;35.35553246112;-725.56811380704;0;137.922361701169;15;89.4249809452616
2242;2.75E4;0.00E0;2.71E-6;5.00E-5;0.00E0;0.00E0;4;0;-142.492937964971;87.6290427042732;0;167.229096411526;1;73.5056226243116
2251;5.80E4;0.00E0;7.02E-7;5.00E-5;0.00E0;0.00E0;4;0;1509.93119563359;-2523.06853998367;0;372.203102888603;42;69.645740603347
2254;1.05E4;0.00E0;3.01E-6;5.00E-5;0.00E0;0.00E0;4;0;795.604202809242;-1405.44954605841;0;60.3919029452428;22;78.0472857681984
2257;4.20E4;0.00E0;1.82E-6;5.00E-5;0.00E0;0.00E0;4;0;954.37557270654;-212.265411637691;0;89.5930300783095;9;209.460944646603
2258;4.38E4;0.00E0;4.15E-6;5.00E-5;0.00E0;0.00E0;4;0;412.898989380977;-1654.1888724749;0;316.03674217516;25;61.9441862140578
2268;7.11E4;0.00E0;2.42E-6;5.00E-5;0.00E0;0.00E0;4;0;-274.634118014952;-1935.83743492371;0;507.623647456944;33;62.6545312397072
2270;6.02E4;0.00E0;3.73E-6;5.00E-5;0.00E0;0.00E0;4;0;-340.273298596232;-4835.49062499121;0;313.67745556625;65;85.7943228753618
2275;5.51E4;0.00E0;1.42E-6;5.00E-5;0.00E0;0.00E0;4;0;340.254853293528;-3761.30906299782;0;82.6141623936232;54;298.077876281765
2276;1.07E5;0.00E0;1.52E-6;5.00E-5;0.00E0;0.00E0;4;0;123.886039622782;-5449.24807237141;0;263.482331721026;70;180.948961866211
2279;5.17E4;0.00E0;2.30E-6;5.00E-5;0.00E0;0.00E0;4;0;-395.23918730246;-5649.5704083626;0;259.169967152407;71;89.1705796427275
2287;6.16E4;0.00E0;1.80E-6;5.00E-5;0.00E0;0.00E0;4;0;1102.0396356438;220.478398729945;0;325.061038986378;8;84.7235574184221
2288;9.34E4;0.00E0;3.37E-6;5.00E-5;0.00E0;0.00E0;4;0;1331.81190408283;-1765.80219593783;0;537.079800768776;38;77.7737907645542
2299;4.04E4;0.00E0;1.45E-6;5.00E-5;0.00E0;0.00E0;4;0;595.001831864279;-3241.04440816126;0;252.467684399877;49;71.5950899001842
2301;3.44E4;0.00E0;2.21E-6;5.00E-5;0.00E0;0.00E0;4;0;507.490421412873;-4053.21858548045;0;212.740056026996;55;72.2218192709543
2308;2.62E4;0.00E0;1.64E-6;5.00E-5;0.00E0;0.00E0;4;0;644.525872788713;-1890.55451853233;0;39.2385379835784;26;298.92168967078
2309;1.15E5;0.00E0;5.23E-6;5.00E-5;0.00E0;0.00E0;4;0;1783.11631969183;-3151.40405395702;0;450.592445598005;44;114.167745746851
2326;1.31E5;0.00E0;2.10E-6;5.00E-5;0.00E0;0.00E0;4;0;602.87093079901;-3322.90159984894;0;181.48038057609;50;321.637181489542
2337;5.24E4;0.00E0;9.27E-7;5.00E-5;0.00E0;0.00E0;4;0;538.281973644863;-4112.94905776083;0;270.547785654732;55;86.522268544195
2340;2.19E4;0.00E0;1.29E-6;5.00E-5;0.00E0;0.00E0;4;0;550.922155021955;-2002.80826117567;0;106.617443981528;27;91.9177014945842
2343;3.06E4;0.00E0;1.78E-6;5.00E-5;0.00E0;0.00E0;4;0;486.137472324572;-1939.98049763508;0;183.308726093337;27;74.6848139836298
2356;2.24E4;0.00E0;8.22E-7;5.00E-5;0.00E0;0.00E0;4;0;218.74492569084;-2084.73043670999;0;59.3024698530987;33;168.836834696535
2360;4.34E4;0.00E0;2.01E-6;5.00E-5;0.00E0;0.00E0;4;0;-376.702348746207;-5157.63700355435;0;313.35540473579;70;61.9406183116398
2368;4.66E4;0.00E0;3.96E-7;5.00E-5;0.00E0;0.00E0;4;0;700.881926439464;-3327.80233659193;0;118.209446757734;49;176.144965900272
2369;3.97E4;0.00E0;9.97E-7;5.00E-5;0.00E0;0.00E0;4;0;-325.749465620139;-5713.78893624337;0;249.650458224396;71;71.0078608016731
2373;3.56E4;0.00E0;1.40E-6;5.00E-5;0.00E0;0.00E0;4;0;678.778390375702;-3616.23004160651;0;103.231992541334;51;154.218146830627
2378;2.44E4;0.00E0;4.92E-7;5.00E-5;0.00E0;0.00E0;4;0;574.06872953286;-1303.24456687831;0;121.794993465147;21;89.6909092839268
2386;4.31E4;0.00E0;1.22E-6;5.00E-5;0.00E0;0.00E0;4;0;1587.89572170281;-2908.64590679959;0;272.139945074574;44;70.7225940100271
2387;1.04E5;0.00E0;4.85E-6;5.00E-5;0.00E0;0.00E0;4;0;1420.02101822097;-2329.31115539881;0;382.050560391535;38;121.928515698086
2394;9.84E4;0.00E0;3.11E-6;5.00E-5;0.00E0;0.00E0;4;0;1225.98300925213;-121.567996325465;0;269.385387699578;9;163.268043099215
2400;6.93E4;0.00E0;3.30E-6;5.00E-5;0.00E0;0.00E0;4;0;389.232675088842;-674.431586664758;0;215.103979582984;15;144.039091361584
2402;6.53E4;0.00E0;3.32E-6;5.00E-5;0.00E0;0.00E0;4;0;1738.64699989284;-2925.37845586563;0;406.543220543028;44;71.7606995882305
2405;4.04E4;0.00E0;3.78E-6;5.00E-5;0.00E0;0.00E0;4;0;316.368140600789;-580.390285736823;0;149.890512351727;14;120.550403645656
2409;2.19E4;0.00E0;1.15E-6;5.00E-5;0.00E0;0.00E0;4;0;1297.65908772401;-2667.21604224447;0;129.612081468487;42;75.6726346054112
2419;2.35E4;0.00E0;1.42E-6;5.00E-5;0.00E0;0.00E0;4;0;77.2327399954399;-4322.58128981408;0;160.15209598866;58;65.6963182025768
2423;5.02E4;0.00E0;8.69E-7;5.00E-5;0.00E0;0.00E0;4;0;-206.434948570301;-664.1352670425;0;363.091063524474;14;61.7513777730712
2430;6.15E4;0.00E0;4.91E-6;5.00E-5;0.00E0;0.00E0;4;0;436.908710636019;281.487476993223;0;200.429860924059;5;137.1648830653
2431;1.40E4;0.00E0;1.10E-6;5.00E-5;0.00E0;0.00E0;4;0;777.318522170945;-1298.37628656773;0;71.9034624111768;21;86.9086028535369
2433;6.90E4;0.00E0;3.21E-6;5.00E-5;0.00E0;0.00E0;4;0;-177.963220319504;-4916.77189866883;0;170.934920947746;66;180.397993283564
2434;8.12E4;0.00E0;5.86E-6;5.00E-5;0.00E0;0.00E0;4;0;1352.07996381385;-2512.11734573549;0;286.397021055179;42;126.706205481526
2440;4.92E4;0.00E0;1.06E-6;5.00E-5;0.00E0;0.00E0;4;0;370.24345327494;-260.310613540864;0;168.324950015447;11;130.709773398885
2449;8.83E4;0.00E0;2.24E-6;5.00E-5;0.00E0;0.00E0;4;0;1259.92341707858;-1054.39469339161;0;607.750308240479;20;64.9277804907873
2451;3.19E4;0.00E0;8.87E-7;5.00E-5;0.00E0;0.00E0;4;0;1325.89922454583;-2982.32294890618;0;41.9955124829171;44;339.927083304127
2452;4.94E4;0.00E0;1.27E-6;5.00E-5;0.00E0;0.00E0;4;0;292.666984975154;-4939.10486992016;0;174.114292947735;63;126.766963543296
2453;9.50E4;0.00E0;7.63E-7;5.00E-5;0.00E0;0.00E0;4;0;386.623365099989;-2940.72455273642;0;616.785595748076;49;68.8220994308523
2460;3.53E4;0.00E0;5.73E-7;5.00E-5;0.00E0;0.00E0;4;0;488.241851820181;-1150.93322665626;0;79.8510971964423;18;197.885835176975
2475;7.18E4;0.00E0;1.67E-6;5.00E-5;0.00E0;0.00E0;4;0;283.575526360966;-1390.38539248429;0;394.277856663173;18;81.4120795024167
2483;8.11E4;0.00E0;2.70E-6;5.00E-5;0.00E0;0.00E0;4;0;-146.157303988992;-542.255564084584;0;313.760754758458;14;115.542470703553
2491;3.63E4;0.00E0;9.56E-7;5.00E-5;0.00E0;0.00E0;4;0;163.917756440878;-3984.86485612372;0;115.787349723105;56;140.058174136777
2498;5.14E4;0.00E0;1.07E-6;5.00E-5;0.00E0;0.00E0;4;0;1105.05766821107;-1605.30175887761;0;357.897939672116;23;64.261501253442
2500;4.81E4;0.00E0;2.82E-6;5.00E-5;0.00E0;0.00E0;4;0;-7.18575705342164;-2443.1079716002;0;345.210662693226;32;62.2657752712599
2504;2.27E4;0.00E0;5.28E-7;5.00E-5;0.00E0;0.00E0;4;0;375.017176603169;-4717.44081300088;0;115.175183453597;62;87.9432768021664
2513;5.49E4;0.00E0;2.98E-6;5.00E-5;0.00E0;0.00E0;4;0;221.727575961022;188.215164597351;0;189.068019965602;3;129.738283405107
2520;8.70E4;0.00E0;1.48E-6;5.00E-5;0.00E0;0.00E0;4;0;345.031673228466;-2792.1308244556;0;575.299883234238;32;67.607859774009
2522;6.35E3;0.00E0;1.20E-6;5.00E-5;0.00E0;0.00E0;4;0;769.389754952687;-3366.71204473914;0;44.6457684507586;49;63.5740033612462
2526;1.25E5;0.00E0;1.32E-6;5.00E-5;0.00E0;0.00E0;4;0;415.129551091926;-4056.89198995069;0;136.425044788842;55;408.758219668712
2530;8.80E4;0.00E0;1.95E-6;5.00E-5;0.00E0;0.00E0;4;0;1478.60482057202;-2421.01711930128;0;435.141684541506;42;90.3801290322059
2533;8.94E4;0.00E0;3.90E-6;5.00E-5;0.00E0;0.00E0;4;0;-256.195116821421;-5996.28837893793;0;487.06358181039;71;82.0246403805467
2540;9.34E4;0.00E0;2.50E-6;5.00E-5;0.00E0;0.00E0;4;0;945.991630530673;-329.8154016669;0;207.386901974158;9;201.245902972958
2551;2.71E4;0.00E0;2.66E-6;5.00E-5;0.00E0;0.00E0;4;0;624.387527929186;146.329870600612;0;49.3823492745801;6;245.054320017139
2553;2.78E5;0.00E0;3.95E-6;5.00E-5;0.00E0;0.00E0;4;0;1934.99005961913;-1484.04674908019;0;1151.96846083673;38;107.852811538513
2554;3.91E4;0.00E0;1.92E-6;5.00E-5;0.00E0;0.00E0;4;0;-349.023919004904;-5254.6632883234;0;247.393574858315;70;70.5709853912697
2557;5.02E4;0.00E0;2.37E-6;5.00E-5;0.00E0;0.00E0;4;0;1021.48940199091;-1373.53652907601;0;288.147263601994;22;77.8511489565365
2561;3.57E4;0.00E0;2.50E-6;5.00E-5;0.00E0;0.00E0;4;0;709.837037640747;-3649.37631429368;0;148.308695113128;51;107.504599451392
2562;5.67E4;0.00E0;1.53E-6;5.00E-5;0.00E0;0.00E0;4;0;-4.82511327146267;-997.126047721336;0;268.684336118646;15;94.2688666462048
2566;3.71E4;0.00E0;7.49E-7;5.00E-5;0.00E0;0.00E0;4;0;-15.5252238261087;-4021.38306643773;0;249.826600904125;57;66.346736943817
2578;1.14E5;0.00E0;4.93E-6;5.00E-5;0.00E0;0.00E0;4;0;-497.578685043515;303.832014730426;0;582.955988546165;1;87.6268527320405
2580;4.25E4;0.00E0;1.67E-6;5.00E-5;0.00E0;0.00E0;4;0;762.206761773259;-3730.04080573348;0;244.345276820028;51;77.7558663060215
2593;3.52E4;0.00E0;1.59E-6;5.00E-5;0.00E0;0.00E0;4;0;446.1474588811;-27.0508404444136;0;98.4534157926916;4;159.62840955188
2597;9.69E4;0.00E0;4.12E-6;5.00E-5;0.00E0;0.00E0;4;0;427.241868398297;-5430.52554117614;0;515.948425654678;68;83.9829186687095
2601;1.43E5;0.00E0;1.62E-6;5.00E-5;0.00E0;0.00E0;4;0;-160.245641607019;934.924966157987;0;948.460006013077;1;67.5863267969029
2602;4.65E4;0.00E0;3.89E-6;5.00E-5;0.00E0;0.00E0;4;0;523.383964352809;-306.008461198211;0;327.507242154182;11;63.4949753652439
2604;4.48E4;0.00E0;2.13E-6;5.00E-5;0.00E0;0.00E0;4;0;81.1877132970994;-3731.73559936038;0;319.202906556424;55;62.6994894088676
2608;8.65E4;0.00E0;1.53E-6;5.00E-5;0.00E0;0.00E0;4;0;708.022806423371;-4152.55777347406;0;435.415336778922;55;88.7789377640212
2611;2.45E4;0.00E0;1.50E-6;5.00E-5;0.00E0;0.00E0;4;0;1028.64998288505;-2461.3254814168;0;39.5506994879959;39;277.021302691004
2613;4.71E4;0.00E0;1.81E-6;5.00E-5;0.00E0;0.00E0;4;0;451.194363902367;-4856.64831138164;0;220.01934379503;62;95.794816606813
2622;5.24E4;0.00E0;1.36E-6;5.00E-5;0.00E0;0.00E0;4;0;509.192551860978;-1783.93647248455;0;194.397515920342;25;120.476191392393
2624;2.22E4;0.00E0;2.75E-6;5.00E-5;0.00E0;0.00E0;4;0;-131.504774136525;-4796.84870281875;0;103.86744111728;65;95.7527176590235
2629;5.25E4;0.00E0;8.28E-7;5.00E-5;0.00E0;0.00E0;4;0;650.799875019022;-1667.49698576774;0;80.8822605727693;24;289.957596552892
2631;1.50E4;0.00E0;1.37E-6;5.00E-5;0.00E0;0.00E0;4;0;268.540182807283;-764.587219119146;0;73.0186065991735;15;91.8618977656263
2641;4.43E4;0.00E0;2.53E-6;5.00E-5;0.00E0;0.00E0;4;0;1081.55076933057;-319.829506792396;0;233.393952801943;9;84.7986306431382
2643;9.41E4;0.00E0;3.13E-6;5.00E-5;0.00E0;0.00E0;4;0;130.311347728789;-2345.71090625072;0;177.60968214741;32;236.904308357379
2647;8.34E4;0.00E0;5.39E-6;5.00E-5;0.00E0;0.00E0;4;0;-612.02298233638;-5801.57834393786;0;523.598779092481;71;71.1905403362681
2659;4.78E4;0.00E0;6.61E-6;5.00E-5;0.00E0;0.00E0;4;0;282.434966932835;-4350.2642878193;0;43.1430164494604;59;495.07986275892
2661;1.42E5;0.00E0;7.12E-7;5.00E-5;0.00E0;0.00E0;4;0;1251.83041659421;-2418.69529011417;0;248.102846610206;37;256.054576334769
2680;3.50E4;0.00E0;1.88E-6;5.00E-5;0.00E0;0.00E0;4;0;-75.1928467215487;-779.752479182805;0;259.598782515553;15;60.2218076876157
2682;2.83E5;0.00E0;3.79E-6;5.00E-5;0.00E0;0.00E0;4;0;1467.17402558403;-3147.43899942766;0;163.389067544783;44;772.971864012331
2688;8.27E4;0.00E0;2.15E-6;5.00E-5;0.00E0;0.00E0;4;0;635.468260462884;-932.452654208537;0;183.223308102101;18;201.667967035208
2695;2.93E4;0.00E0;4.68E-7;5.00E-5;0.00E0;0.00E0;4;0;727.295109563933;208.239062092755;0;122.255906678951;7;107.245713049596
2709;2.41E4;0.00E0;1.79E-6;5.00E-5;0.00E0;0.00E0;4;0;884.7828876217;-2601.41047467281;0;145.753584824451;40;73.8234706038044
2721;2.61E4;0.00E0;1.18E-6;5.00E-5;0.00E0;0.00E0;4;0;898.016555231052;71.3015619817634;0;74.7376031855657;8;156.167451886972
2725;1.18E5;0.00E0;7.56E-6;5.00E-5;0.00E0;0.00E0;4;0;1359.82105437131;90.8381977472536;0;456.273800020841;9;115.531208047249
2736;4.23E4;0.00E0;3.31E-6;5.00E-5;0.00E0;0.00E0;4;0;1178.48048695549;-3222.52044857824;0;94.8249588651409;46;199.32380672837
2740;5.69E4;0.00E0;2.19E-6;5.00E-5;0.00E0;0.00E0;4;0;53.1744582425015;-5382.36140215286;0;171.180215508608;70;148.48405120986
2743;3.87E4;0.00E0;8.68E-7;5.00E-5;0.00E0;0.00E0;4;0;412.973053853023;118.477776179566;0;50.4983768869174;4;342.772737331899
2745;3.13E4;0.00E0;4.60E-6;5.00E-5;0.00E0;0.00E0;4;0;1405.66382334002;-2775.10651885772;0;118.937081382237;42;117.662086480084
2747;7.91E4;0.00E0;5.55E-7;5.00E-5;0.00E0;0.00E0;4;0;337.894883257125;-5205.21474765248;0;362.137713772097;68;97.6342230169076
2748;9.36E3;0.00E0;7.22E-7;5.00E-5;0.00E0;0.00E0;4;0;-73.4240662810914;-5411.43384423661;0;68.5952622106966;70;60.9724877265788
2750;7.96E4;0.00E0;1.35E-6;5.00E-5;0.00E0;0.00E0;4;0;1453.21663885731;-1909.34205841789;0;509.785504952742;38;69.767333685602
2752;6.13E4;0.00E0;3.67E-7;5.00E-5;0.00E0;0.00E0;4;0;-74.1284680805838;-703.95128867964;0;236.644067867959;14;115.79913115444
2754;6.42E4;0.00E0;3.89E-6;5.00E-5;0.00E0;0.00E0;4;0;960.597455554272;-27.0288893198067;0;61.0654594819319;9;470.16951117175
2757;6.40E4;0.00E0;1.48E-6;5.00E-5;0.00E0;0.00E0;4;0;1187.24198237153;-2928.62201579171;0;61.5809700015404;43;464.583380082081
2780;4.03E4;0.00E0;5.18E-7;5.00E-5;0.00E0;0.00E0;4;0;493.485823318663;-1428.07817429202;0;238.723129131643;21;75.5399132477008
2790;4.63E4;0.00E0;4.86E-6;5.00E-5;0.00E0;0.00E0;4;0;-111.000760842889;-4994.20770087165;0;84.0471579329507;66;246.201826898076
2795;2.77E4;0.00E0;1.28E-6;5.00E-5;0.00E0;0.00E0;4;0;77.831783399082;-4099.11919977499;0;129.54812997988;57;95.468035007653
2797;6.94E4;0.00E0;9.02E-6;5.00E-5;0.00E0;0.00E0;4;0;925.466737681903;550.025227187042;0;491.317384454252;7;63.1380378716177
2798;9.36E4;0.00E0;1.09E-6;5.00E-5;0.00E0;0.00E0;4;0;1517.39159166131;-3252.55260021816;0;275.0847152031;44;152.074139812367
2800;3.99E4;0.00E0;7.03E-7;5.00E-5;0.00E0;0.00E0;4;0;1080.07927133055;-2480.65026487348;0;80.0638153204516;39;222.796693863021
2817;3.74E4;0.00E0;2.33E-6;5.00E-5;0.00E0;0.00E0;4;0;95.7560364299254;-598.312961960144;0;66.7209034185405;14;250.732600539972
2829;5.89E4;0.00E0;1.32E-6;5.00E-5;0.00E0;0.00E0;4;0;266.135234107637;-3670.34981353558;0;192.848569775893;53;136.445345734345
2836;3.08E4;0.00E0;1.15E-6;5.00E-5;0.00E0;0.00E0;4;0;691.042926638733;-3751.84904395764;0;214.067248425204;52;64.3078195997061
2847;4.87E4;0.00E0;3.16E-6;5.00E-5;0.00E0;0.00E0;4;0;-14.06797447908;-2227.52996601451;0;224.315518207321;33;97.005404692746
2848;1.63E5;0.00E0;5.33E-6;5.00E-5;0.00E0;0.00E0;4;0;-319.096052841354;-4908.17352426581;0;305.303532368782;66;238.787924226372
2849;3.84E4;0.00E0;2.41E-6;5.00E-5;0.00E0;0.00E0;4;0;943.233052295629;-1181.34075494877;0;266.939498936175;21;64.3263752087955
2852;7.95E4;0.00E0;1.53E-6;5.00E-5;0.00E0;0.00E0;4;0;683.056410738036;322.2886409689;0;230.793763274966;6;154.026163378494
2857;6.25E4;0.00E0;3.48E-6;5.00E-5;0.00E0;0.00E0;4;0;-254.680992530109;-5294.15687154152;0;145.192417199151;70;192.413016196399
2865;5.88E4;0.00E0;6.42E-6;5.00E-5;0.00E0;0.00E0;4;0;112.207527573093;-5707.41386117761;0;343.180123901169;71;76.5859295352799
2866;1.64E5;0.00E0;2.73E-6;5.00E-5;0.00E0;0.00E0;4;0;-887.984347910393;-1955.89457674962;0;1094.42342410468;33;67.1009437760666
2871;4.27E4;0.00E0;2.99E-6;5.00E-5;0.00E0;0.00E0;4;0;1305.70045077519;-2642.18801235317;0;154.468590210948;42;123.677845550301
2872;9.71E4;0.00E0;3.74E-6;5.00E-5;0.00E0;0.00E0;4;0;1563.16010927964;-2748.81300752011;0;274.921095991884;42;157.910244993628
2879;8.56E4;0.00E0;1.71E-6;5.00E-5;0.00E0;0.00E0;4;0;397.986918314255;-5332.43606956894;0;448.324232864532;68;85.3733532349618
2884;2.81E4;0.00E0;4.99E-7;5.00E-5;0.00E0;0.00E0;4;0;39.8682080734725;-5036.23516078567;0;67.0823049718828;67;187.147955290066
2892;1.10E5;0.00E0;2.69E-6;5.00E-5;0.00E0;0.00E0;4;0;1249.60112696733;209.078301321741;0;434.022672364626;9;113.60730206822
2893;9.19E4;0.00E0;1.63E-6;5.00E-5;0.00E0;0.00E0;4;0;-173.24817514751;-5939.61598046797;0;423.216123687881;71;97.0735506722636
2899;4.29E4;0.00E0;3.24E-6;5.00E-5;0.00E0;0.00E0;4;0;570.824552875991;-182.863301637618;0;282.84419621459;5;67.8265976050966
2910;2.15E4;0.00E0;4.14E-7;5.00E-5;0.00E0;0.00E0;4;0;559.75175119632;-2043.10860944489;0;89.3978631295706;27;107.640169406524
2913;1.44E5;0.00E0;2.83E-6;5.00E-5;0.00E0;0.00E0;4;0;1647.24816282025;-1771.1306868107;0;747.824080616479;38;85.9462802036316
2917;3.18E4;0.00E0;4.91E-6;5.00E-5;0.00E0;0.00E0;4;0;1001.79138509749;-3403.67741560976;0;130.16904944375;47;109.349860097346
2919;7.64E4;0.00E0;2.08E-6;5.00E-5;0.00E0;0.00E0;4;0;1544.21798736195;-3458.7652090649;0;466.110847828923;44;73.3044399175354
2929;4.17E4;0.00E0;3.42E-6;5.00E-5;0.00E0;0.00E0;4;0;25.1362385380555;-4720.26444454159;0;69.2880044688298;65;268.79680024847
2942;6.22E4;0.00E0;3.92E-6;5.00E-5;0.00E0;0.00E0;4;0;132.153038585643;367.931825534704;0;387.264316752945;3;71.748443953629
2943;1.99E4;0.00E0;4.83E-7;5.00E-5;0.00E0;0.00E0;4;0;526.344118734234;-3479.04238030409;0;97.3915660943906;51;91.5016675647266
2955;3.09E4;0.00E0;1.39E-6;5.00E-5;0.00E0;0.00E0;4;0;18.3489389110391;-4428.45921563175;0;209.268800885557;60;65.9564369694184
2962;8.05E4;0.00E0;7.90E-6;5.00E-5;0.00E0;0.00E0;4;0;1035.97148733173;-2409.12069578608;0;51.5686473988683;37;697.907513694553
2963;4.65E4;0.00E0;2.16E-6;5.00E-5;0.00E0;0.00E0;4;0;-184.394836388779;-5739.48560413346;0;223.381552584801;71;93.0330681896562
2965;3.84E4;0.00E0;2.40E-6;5.00E-5;0.00E0;0.00E0;4;0;427.839070886464;-593.471487929952;0;262.12164150624;14;65.49290378371
2976;6.32E4;0.00E0;3.08E-6;5.00E-5;0.00E0;0.00E0;4;0;1677.58618101751;-3198.20540612035;0;367.699114101389;44;76.8485822351437
2977;2.34E4;0.00E0;1.39E-6;5.00E-5;0.00E0;0.00E0;4;0;958.317841560349;-2490.10231975463;0;36.4393813182743;39;287.281732011434
2978;3.92E4;0.00E0;3.50E-6;5.00E-5;0.00E0;0.00E0;4;0;179.426566078509;133.468137064466;0;170.002559477222;3;103.138163099851
2982;2.58E4;0.00E0;9.94E-7;5.00E-5;0.00E0;0.00E0;4;0;78.2169183258673;-4543.72167488423;0;148.540766141475;61;77.568369172677
2985;3.94E4;0.00E0;1.39E-6;5.00E-5;0.00E0;0.00E0;4;0;1328.03550286089;-2779.96973106709;0;57.5355930625145;42;306.078268574459
2992;1.67E4;0.00E0;4.95E-7;5.00E-5;0.00E0;0.00E0;4;0;703.035576242764;-1114.63728168252;0;78.0220397453123;19;95.5864057044576
2993;3.01E4;0.00E0;7.79E-7;5.00E-5;0.00E0;0.00E0;4;0;805.3216398958;121.020121005347;0;46.2662628062014;7;290.771296615212
3002;7.03E4;0.00E0;2.24E-6;5.00E-5;0.00E0;0.00E0;4;0;166.788128899161;-5889.39994898116;0;504.496765950946;71;62.3138675110363
3003;2.37E4;0.00E0;3.51E-7;5.00E-5;0.00E0;0.00E0;4;0;1062.41630535099;-2467.20343183021;0;68.6894047491309;39;154.254403478893
3007;9.74E4;0.00E0;3.49E-6;5.00E-5;0.00E0;0.00E0;4;0;750.240142353411;-578.515205411821;0;500.351768591399;9;87.0495434755716
3008;7.19E4;0.00E0;2.03E-6;5.00E-5;0.00E0;0.00E0;4;0;884.732920618481;-2053.16519510354;0;230.254075530251;27;139.578458672869
3016;1.25E5;0.00E0;3.39E-6;5.00E-5;0.00E0;0.00E0;4;0;-525.246046341993;-212.6173749404;0;566.685177854009;1;98.6307556786556
3020;6.28E4;0.00E0;1.25E-6;5.00E-5;0.00E0;0.00E0;4;0;428.759941723786;-4448.74928426574;0;197.218754814354;60;142.393929858794
3036;3.56E4;0.00E0;1.20E-6;5.00E-5;0.00E0;0.00E0;4;0;1137.75286802334;-2812.99229665656;0;82.9087813425234;42;192.012583905538
3040;4.41E4;0.00E0;6.68E-7;5.00E-5;0.00E0;0.00E0;4;0;1497.08963154558;-3106.33719199759;0;165.215869598681;44;119.22300827879
3050;3.94E4;0.00E0;1.31E-6;5.00E-5;0.00E0;0.00E0;4;0;1572.46247976028;-2876.32748076097;0;275.122564419609;42;63.9684877020718
3059;3.83E4;0.00E0;9.88E-7;5.00E-5;0.00E0;0.00E0;4;0;709.238787650364;-920.442645601678;0;237.115617703452;19;72.2469942548418
3060;1.33E5;0.00E0;5.46E-6;5.00E-5;0.00E0;0.00E0;4;0;649.704499164584;-1453.34776237944;0;92.070898081536;22;644.171514703851
3062;8.98E4;0.00E0;1.72E-6;5.00E-5;0.00E0;0.00E0;4;0;-393.671487944739;-4473.81887400654;0;436.449820759095;65;91.9884951712977
3064;1.07E5;0.00E0;6.44E-6;5.00E-5;0.00E0;0.00E0;4;0;-477.741070037818;-6251.30724955177;0;795.623493510313;71;60.0048894313802
3066;5.13E4;0.00E0;3.34E-6;5.00E-5;0.00E0;0.00E0;4;0;178.922728987421;-4059.52299815479;0;64.3513966466294;57;356.184131767734
3071;3.28E4;0.00E0;7.69E-7;5.00E-5;0.00E0;0.00E0;4;0;1468.08160838854;-2826.27136419293;0;167.166558322127;42;87.7389890356209
3079;3.60E4;0.00E0;2.03E-6;5.00E-5;0.00E0;0.00E0;4;0;158.679069992701;-1922.34707583481;0;217.414085748153;33;73.946143169939
3085;5.10E4;0.00E0;2.35E-6;5.00E-5;0.00E0;0.00E0;4;0;-112.667951600478;-577.250419587245;0;276.139531634675;14;82.4847339089166
3089;3.76E4;0.00E0;4.30E-6;5.00E-5;0.00E0;0.00E0;4;0;921.563347717086;-2546.07635659304;0;91.4160071811587;39;183.989271042087
3097;9.68E4;0.00E0;3.31E-6;5.00E-5;0.00E0;0.00E0;4;0;-482.851028463233;-4804.96173909889;0;445.111705235542;65;97.1820150747301
3098;3.90E4;0.00E0;8.21E-7;5.00E-5;0.00E0;0.00E0;4;0;151.234809433394;-981.463829812577;0;147.786042176794;16;118.059168884507
3106;8.65E4;0.00E0;4.09E-6;5.00E-5;0.00E0;0.00E0;4;0;1462.81435414517;165.377331676421;0;582.444436292786;9;66.3718921610766
3112;1.10E5;0.00E0;1.17E-6;5.00E-5;0.00E0;0.00E0;4;0;502.67784542419;-4413.54467396673;0;264.186753543087;59;186.410903204883
3116;4.23E4;0.00E0;5.41E-6;5.00E-5;0.00E0;0.00E0;4;0;-101.434108339846;-4880.63103120353;0;103.20105232467;65;183.407909741075
3128;7.56E4;0.00E0;1.21E-6;5.00E-5;0.00E0;0.00E0;4;0;741.712692373901;-3024.78548472372;0;328.607423131059;47;102.868860367453
3149;2.26E5;0.00E0;8.90E-6;5.00E-5;0.00E0;0.00E0;4;0;1123.17129456123;-1903.90629628532;0;328.366805902002;38;307.161260370964
3155;1.04E5;0.00E0;5.14E-6;5.00E-5;0.00E0;0.00E0;4;0;312.841336698816;-4527.31375757513;0;84.4253752853708;61;551.768187175206
3159;6.43E4;0.00E0;3.08E-6;5.00E-5;0.00E0;0.00E0;4;0;-394.025409272617;-5480.36642315214;0;224.042106056949;71;128.214121609635
3160;9.34E4;0.00E0;2.38E-6;5.00E-5;0.00E0;0.00E0;4;0;1183.91693493713;-337.487811266007;0;312.740775687555;9;133.554966604578
3161;2.76E4;0.00E0;2.72E-7;5.00E-5;0.00E0;0.00E0;4;0;-201.719091952929;-5362.35665554968;0;68.4366374135914;70;180.26318509799
3162;7.27E4;0.00E0;2.29E-6;5.00E-5;0.00E0;0.00E0;4;0;-274.97580536937;-2363.59791056565;0;518.289369946204;33;62.6647674797851
3164;7.59E4;0.00E0;1.58E-6;5.00E-5;0.00E0;0.00E0;4;0;1039.93347021003;-3121.40275810972;0;69.6658040546113;46;487.171003329522
3165;5.54E4;0.00E0;9.64E-7;5.00E-5;0.00E0;0.00E0;4;0;333.779284752538;-4350.17635200453;0;94.4852925145555;59;261.931901457715
3170;6.63E4;0.00E0;2.52E-6;5.00E-5;0.00E0;0.00E0;4;0;1548.48560810917;-2860.51132460181;0;249.168599368774;42;118.970115316189
3171;8.94E4;0.00E0;6.19E-7;5.00E-5;0.00E0;0.00E0;4;0;1199.49950741863;-3506.04611433362;0;332.271048788633;47;120.238062400795
3179;2.70E4;0.00E0;3.44E-6;5.00E-5;0.00E0;0.00E0;4;0;8.58801818787515;91.916745048994;0;92.217507707524;1;131.077653535412
3183;4.42E4;0.00E0;9.50E-7;5.00E-5;0.00E0;0.00E0;4;0;1126.06741196835;-2240.86367179879;0;75.2460473493826;38;262.707116173386
3195;3.19E4;0.00E0;2.20E-6;5.00E-5;0.00E0;0.00E0;4;0;-277.021570640802;-5455.28552245999;0;115.416375607937;71;123.461467060764
3202;7.18E4;0.00E0;4.48E-6;5.00E-5;0.00E0;0.00E0;4;0;612.171091525362;-536.99931139931;0;443.312510987978;13;72.3620888539729
3203;8.79E4;0.00E0;2.41E-6;5.00E-5;0.00E0;0.00E0;4;0;-377.86497784936;-2221.68351023;0;575.386260532;33;68.3249859621766
3206;1.13E5;0.00E0;1.16E-6;5.00E-5;0.00E0;0.00E0;4;0;173.590882052615;-3866.5717255884;0;169.307070154797;55;298.455450637218
3209;1.64E5;0.00E0;1.32E-6;5.00E-5;0.00E0;0.00E0;4;0;464.912093924816;-4748.16541348761;0;202.754885743614;62;361.304654477081
3213;6.60E4;0.00E0;5.54E-7;5.00E-5;0.00E0;0.00E0;4;0;296.268063177473;-4252.82573360214;0;58.254944004616;58;506.669167770738
3217;2.69E4;0.00E0;1.72E-6;5.00E-5;0.00E0;0.00E0;4;0;825.738718701896;-2427.90891354791;0;116.801807153856;36;103.115641203268
3218;3.76E4;0.00E0;1.19E-6;5.00E-5;0.00E0;0.00E0;4;0;-175.627696919334;-4521.9855506295;0;250.038269779279;65;67.1657723726502
3222;7.13E4;0.00E0;3.96E-6;5.00E-5;0.00E0;0.00E0;4;0;56.6036231350672;-4588.42281016808;0;176.781542349397;65;180.189061355973
3224;1.46E4;0.00E0;5.20E-7;5.00E-5;0.00E0;0.00E0;4;0;665.373206163227;-1288.21872218681;0;30.588868544135;21;212.821991997505
3225;6.31E4;0.00E0;3.62E-6;5.00E-5;0.00E0;0.00E0;4;0;1129.33756799161;-2429.82585184602;0;143.559121859888;37;196.593673864223
3229;5.92E4;0.00E0;3.01E-6;5.00E-5;0.00E0;0.00E0;4;0;605.248719848076;-4867.75632574168;0;364.688980297575;62;72.5459281191128
3246;7.40E4;0.00E0;3.27E-6;5.00E-5;0.00E0;0.00E0;4;0;624.608908260663;-4028.47824131422;0;299.119557787685;54;110.666061359915
3247;3.14E4;0.00E0;4.72E-7;5.00E-5;0.00E0;0.00E0;4;0;1237.73053186255;-2109.12399214744;0;218.192626404455;38;64.2679605728959
3248;2.81E4;0.00E0;8.50E-7;5.00E-5;0.00E0;0.00E0;4;0;18.5778779791667;-380.547517047387;0;150.87927493708;12;83.3095181993292
3263;3.06E4;0.00E0;1.20E-6;5.00E-5;0.00E0;0.00E0;4;0;987.554336589692;-89.5894808782923;0;44.6786569484936;9;306.36524385674
3271;1.22E5;0.00E0;2.36E-6;5.00E-5;0.00E0;0.00E0;4;0;1793.98805832089;160.505477431736;0;883.981958337253;9;61.6984264807998
3273;8.94E4;0.00E0;1.41E-6;5.00E-5;0.00E0;0.00E0;4;0;1291.62927645639;-2586.80338006863;0;190.381674739142;42;210.006004323444
3279;1.19E5;0.00E0;2.90E-6;5.00E-5;0.00E0;0.00E0;4;0;1104.117388256;-4932.71806156128;0;862.809014444826;62;61.4521583964443
3287;7.48E4;0.00E0;1.20E-6;5.00E-5;0.00E0;0.00E0;4;0;705.194860263776;-345.915946446061;0;336.199201417256;9;99.4013910753656
3289;5.49E4;0.00E0;1.48E-6;5.00E-5;0.00E0;0.00E0;4;0;107.985096956705;-1117.09543853308;0;282.10082534837;16;87.0098099707874
3298;5.03E4;0.00E0;6.11E-6;5.00E-5;0.00E0;0.00E0;4;0;-48.5890854043284;-3973.44077041297;0;303.151606289573;57;74.1824952913238
3299;3.64E4;0.00E0;1.56E-6;5.00E-5;0.00E0;0.00E0;4;0;807.34690920446;-3571.99360293532;0;139.565826571386;50;116.724839030855
3307;3.68E4;0.00E0;1.81E-6;5.00E-5;0.00E0;0.00E0;4;0;943.56268927635;-1854.55118542124;0;245.063481702471;25;67.1362741176226
3310;2.09E4;0.00E0;5.12E-7;5.00E-5;0.00E0;0.00E0;4;0;1073.22078581348;-2203.39842218161;0;29.5757283858684;38;316.026593506576
3312;6.72E4;0.00E0;5.88E-6;5.00E-5;0.00E0;0.00E0;4;0;1291.44792743027;46.1348442818553;0;375.004452170935;9;80.1082313895
3313;3.56E4;0.00E0;1.46E-6;5.00E-5;0.00E0;0.00E0;4;0;1431.00926565288;-3065.98344411303;0;88.661440283342;44;179.489263217933
3322;8.63E4;0.00E0;2.39E-6;5.00E-5;0.00E0;0.00E0;4;0;1131.26720641326;-1444.25787088703;0;382.212701497284;22;100.962350558099
3327;4.18E4;0.00E0;9.53E-7;5.00E-5;0.00E0;0.00E0;4;0;57.2253804521833;-117.623970157188;0;67.0431506047682;1;278.523521534217
3333;2.54E4;0.00E0;1.70E-6;5.00E-5;0.00E0;0.00E0;4;0;961.709699636889;-201.871520420012;0;79.3362381008549;9;143.008034367349
3339;3.82E4;0.00E0;1.61E-6;5.00E-5;0.00E0;0.00E0;4;0;429.900271652214;-74.0780957657598;0;138.911607967782;4;122.90368536381
3341;4.75E4;0.00E0;1.14E-6;5.00E-5;0.00E0;0.00E0;4;0;632.54864064688;424.338805273263;0;326.562805570397;6;64.9920024766041
3344;1.13E5;0.00E0;6.26E-6;5.00E-5;0.00E0;0.00E0;4;0;926.1037944328;-2182.072214328;0;131.119645504602;35;385.048383033463
3355;2.99E4;0.00E0;2.50E-6;5.00E-5;0.00E0;0.00E0;4;0;1217.59727697858;-2103.41397404818;0;204.719696893924;38;65.3461107247409
3356;5.18E3;0.00E0;1.95E-6;5.00E-5;0.00E0;0.00E0;4;0;-1.9536408538886;-5114.28884544436;0;24.3149931440681;68;95.187679983846
3374;5.54E4;0.00E0;2.73E-6;5.00E-5;0.00E0;0.00E0;4;0;1255.99194290724;-3335.55708863922;0;231.699858079182;46;106.951713033211
3382;7.99E4;0.00E0;1.83E-6;5.00E-5;0.00E0;0.00E0;4;0;727.947296902399;-4299.2531535927;0;489.179983860421;59;72.9958921207276
3391;3.87E4;0.00E0;8.05E-7;5.00E-5;0.00E0;0.00E0;4;0;934.21699089105;-2849.87922552943;0;235.419081536872;41;73.3979414661977
3394;3.76E4;0.00E0;4.48E-6;5.00E-5;0.00E0;0.00E0;4;0;355.855266098374;-4850.85454539438;0;142.088714328042;62;118.342337528668
3399;5.70E4;0.00E0;1.96E-6;5.00E-5;0.00E0;0.00E0;4;0;506.756292844693;-4739.21681128713;0;244.603064707297;62;104.14750447219
3400;2.32E4;0.00E0;1.42E-6;5.00E-5;0.00E0;0.00E0;4;0;302.80569499532;-4830.93411098459;0;93.8574744330179;63;110.486049383598
3412;6.38E4;0.00E0;1.74E-6;5.00E-5;0.00E0;0.00E0;4;0;239.034991164814;-2358.18836556445;0;136.357884782793;32;209.311406146926
3414;5.36E4;0.00E0;1.41E-6;5.00E-5;0.00E0;0.00E0;4;0;302.733227185493;-226.017139945749;0;95.3252952571402;11;251.297134030097
3423;5.29E4;0.00E0;1.46E-6;5.00E-5;0.00E0;0.00E0;4;0;682.551508112613;-726.270989881677;0;376.128229745472;17;62.8951910254103
3430;7.51E4;0.00E0;1.04E-6;5.00E-5;0.00E0;0.00E0;4;0;885.311766408965;-1135.73215626968;0;230.425892573183;20;145.635260152103
3441;5.95E4;0.00E0;5.54E-6;5.00E-5;0.00E0;0.00E0;4;0;127.972199872594;-2503.51254392962;0;309.333726227413;32;86.0480510568613
3443;8.19E4;0.00E0;1.23E-6;5.00E-5;0.00E0;0.00E0;4;0;-301.017543224344;-154.537311361398;0;338.414330952313;1;108.215280075178
3448;2.40E4;0.00E0;9.68E-7;5.00E-5;0.00E0;0.00E0;4;0;1180.14018454778;-2523.66652268923;0;158.426491401325;40;67.765544119766
3453;4.23E4;0.00E0;1.06E-6;5.00E-5;0.00E0;0.00E0;4;0;-129.030105066356;-4883.50631975614;0;130.194843135016;65;145.23666545573
3457;3.25E4;0.00E0;2.02E-6;5.00E-5;0.00E0;0.00E0;4;0;992.958333313308;-3546.47013066056;0;235.985770645482;48;61.5188970032572
3458;4.79E4;0.00E0;1.11E-6;5.00E-5;0.00E0;0.00E0;4;0;1189.60050164195;-2268.60018299024;0;143.882501107115;38;148.738812600448
3476;3.33E4;0.00E0;1.44E-6;5.00E-5;0.00E0;0.00E0;4;0;118.172351081931;-4002.8608246145;0;145.654187298542;56;102.172919139427
3477;1.27E5;0.00E0;5.39E-6;5.00E-5;0.00E0;0.00E0;4;0;-455.625916371228;-2004.2201780951;0;660.472088941684;33;85.8413009724666
3482;4.67E4;0.00E0;2.04E-6;5.00E-5;0.00E0;0.00E0;4;0;65.7219381323703;-4136.65370279467;0;120.528856412656;57;173.086794980432
3484;1.15E4;0.00E0;5.29E-7;5.00E-5;0.00E0;0.00E0;4;0;691.261982466074;35.3242330566036;0;53.5491396123654;7;96.0293756129114
3489;8.32E4;0.00E0;2.03E-6;5.00E-5;0.00E0;0.00E0;4;0;544.737869143445;-4319.51032570705;0;305.762582330401;59;121.595402831941
3512;1.86E4;0.00E0;7.12E-7;5.00E-5;0.00E0;0.00E0;4;0;-206.729362264444;-5346.43281998542;0;79.6864430783631;70;104.602183051199
3513;8.51E4;0.00E0;2.32E-6;5.00E-5;0.00E0;0.00E0;4;0;-153.244069582187;-3607.32631055695;0;583.91570637287;55;65.1502283547528
3514;4.34E4;0.00E0;4.97E-6;5.00E-5;0.00E0;0.00E0;4;0;1100.17960939995;-3228.26821125473;0;51.8177659551065;46;374.646495765575
3517;5.91E4;0.00E0;1.41E-6;5.00E-5;0.00E0;0.00E0;4;0;405.382401990232;-4024.49524613249;0;110.96359361188;55;238.181978585141
3519;7.78E4;0.00E0;2.23E-6;5.00E-5;0.00E0;0.00E0;4;0;556.999117003586;-4528.67359514089;0;323.056605964577;61;107.612887132411
3523;6.82E4;0.00E0;1.65E-6;5.00E-5;0.00E0;0.00E0;4;0;122.036350701275;-4060.7531448563;0;112.102454654772;57;271.823219805222
3534;1.96E4;0.00E0;1.23E-6;5.00E-5;0.00E0;0.00E0;4;0;224.508689427628;-989.45253790418;0;110.023432938587;16;79.6721277650552
3536;2.34E4;0.00E0;2.70E-6;5.00E-5;0.00E0;0.00E0;4;0;1091.94671245369;-2729.06410065313;0;43.4886067706796;41;240.693149594748
3539;3.23E4;0.00E0;2.42E-6;5.00E-5;0.00E0;0.00E0;4;0;1195.64489269786;-2901.01312989385;0;65.741549612199;43;219.339993733694
3545;4.48E4;0.00E0;4.51E-6;5.00E-5;0.00E0;0.00E0;4;0;534.685192004843;-4592.27672138003;0;288.6870478532;61;69.3655158542527
3546;3.48E4;0.00E0;6.11E-7;5.00E-5;0.00E0;0.00E0;4;0;421.50394632808;-452.957328006067;0;252.34625642723;13;61.689765090224
3554;4.42E4;0.00E0;1.96E-6;5.00E-5;0.00E0;0.00E0;4;0;750.686304529822;-2671.10006039095;0;295.566334118817;40;66.7868851377506
3563;1.56E5;0.00E0;2.54E-6;5.00E-5;0.00E0;0.00E0;4;0;-1013.47115292212;-4192.02851119677;0;1111.3001237302;65;62.6264890556336
3565;1.14E5;0.00E0;2.35E-6;5.00E-5;0.00E0;0.00E0;4;0;822.177799669055;-1372.73671314406;0;92.8690119047674;22;548.047471539516
3581;1.74E4;0.00E0;3.85E-7;5.00E-5;0.00E0;0.00E0;4;0;989.52713734837;-2547.23694821936;0;28.7874429073835;39;269.683954193299
3582;7.10E3;0.00E0;4.94E-7;5.00E-5;0.00E0;0.00E0;4;0;802.63306070949;-2312.52856415703;0;25.7416428591335;35;123.247123343191
3586;6.62E4;0.00E0;1.80E-6;5.00E-5;0.00E0;0.00E0;4;0;388.028654074949;-4490.49850968264;0;165.411653583549;60;178.904775410123
3588;4.28E4;0.00E0;1.33E-6;5.00E-5;0.00E0;0.00E0;4;0;1097.41521990457;-63.7361312908652;0;152.661927047711;9;125.43633693678
3602;1.37E5;0.00E0;2.09E-6;5.00E-5;0.00E0;0.00E0;4;0;-260.901616408041;-5907.39674795912;0;400.777670791469;71;152.690300923641
3608;1.64E4;0.00E0;4.94E-7;5.00E-5;0.00E0;0.00E0;4;0;606.172488938792;11.4599925221482;0;86.6781674129523;6;84.5375440046899
3619;5.32E4;0.00E0;2.59E-6;5.00E-5;0.00E0;0.00E0;4;0;-394.858507948482;-4728.10852719622;0;351.511292635518;65;67.6740990634194
3621;9.27E4;0.00E0;2.06E-6;5.00E-5;0.00E0;0.00E0;4;0;-267.766326284918;-4266.49446997846;0;447.216163698614;57;92.6509821386937
3638;2.60E4;0.00E0;2.20E-6;5.00E-5;0.00E0;0.00E0;4;0;942.92485550503;-2461.97031211667;0;40.2312871517433;39;289.090734147125
3639;4.15E4;0.00E0;8.73E-7;5.00E-5;0.00E0;0.00E0;4;0;94.5467861013681;-430.476065107287;0;74.6891536808611;13;248.449704093947
3644;3.41E4;0.00E0;9.73E-7;5.00E-5;0.00E0;0.00E0;4;0;463.966089591435;-4119.07640276213;0;210.450754469911;56;72.4757506244595
3657;5.93E4;0.00E0;1.30E-6;5.00E-5;0.00E0;0.00E0;4;0;-37.6334433230979;-306.414576523435;0;219.485526448374;12;120.878725260942
3664;5.01E4;0.00E0;1.70E-6;5.00E-5;0.00E0;0.00E0;4;0;-206.358274358774;-722.24834071204;0;369.785600058583;14;60.5165182422004
3665;5.16E4;0.00E0;9.31E-7;5.00E-5;0.00E0;0.00E0;4;0;1379.84869349191;-3069.6652599277;0;46.5441896767111;44;495.259157127852
3673;6.86E4;0.00E0;1.53E-6;5.00E-5;0.00E0;0.00E0;4;0;-255.093354318102;-5583.81126644348;0;106.301582008807;71;288.294545241473
3676;2.68E4;0.00E0;2.62E-6;5.00E-5;0.00E0;0.00E0;4;0;-14.7955786985574;-5505.47145056135;0;151.312500653095;71;79.2020168978156
3680;2.38E4;0.00E0;8.64E-7;5.00E-5;0.00E0;0.00E0;4;0;-175.88795941837;-5053.81550948693;0;148.574238024191;67;71.7434544931523
3702;7.01E4;0.00E0;2.22E-6;5.00E-5;0.00E0;0.00E0;4;0;-150.860070926869;-314.356450817089;0;327.894385346458;12;95.6051831108692
3707;4.43E4;0.00E0;3.33E-6;5.00E-5;0.00E0;0.00E0;4;0;80.9830126761881;-3883.35746842252;0;239.24254027083;56;82.7592260349378
3724;5.06E4;0.00E0;1.10E-6;5.00E-5;0.00E0;0.00E0;4;0;941.529179289064;-3148.97278856502;0;107.977894278679;47;209.57830986011
3726;1.26E4;0.00E0;1.98E-6;5.00E-5;0.00E0;0.00E0;4;0;117.345580040737;-4810.33854374043;0;33.3635468164514;64;169.226853478565
3727;1.15E5;0.00E0;7.13E-7;5.00E-5;0.00E0;0.00E0;4;0;1291.8634825427;-1214.83832370964;0;586.360551877354;21;87.4325895830951
3730;1.06E5;0.00E0;8.82E-6;5.00E-5;0.00E0;0.00E0;4;0;-14.5600497103831;480.921074590534;0;481.041475153613;1;98.2680836593008
3731;8.29E4;0.00E0;3.02E-6;5.00E-5;0.00E0;0.00E0;4;0;1058.33795300893;-3101.51189827089;0;74.2827613838853;46;498.877321891442
3736;4.76E4;0.00E0;6.04E-7;5.00E-5;0.00E0;0.00E0;4;0;1047.35946587154;-3414.26072888444;0;166.472557236484;47;127.872818428806
3738;2.07E4;0.00E0;8.39E-7;5.00E-5;0.00E0;0.00E0;4;0;481.427035178761;-41.0027658481577;0;121.86932230431;4;75.8235305118261
3747;4.03E4;0.00E0;1.06E-6;5.00E-5;0.00E0;0.00E0;4;0;476.848201359134;-3849.08313507236;0;79.6977907317358;54;225.848562785786
3749;4.08E4;0.00E0;8.22E-7;5.00E-5;0.00E0;0.00E0;4;0;-304.602276129951;-5490.61780773985;0;134.202127313799;71;135.907034343477
3752;3.79E4;0.00E0;1.01E-6;5.00E-5;0.00E0;0.00E0;4;0;290.096814521384;-484.214646973554;0;121.051662723534;13;139.948404179306
3757;9.93E4;0.00E0;1.29E-6;5.00E-5;0.00E0;0.00E0;4;0;909.175850430977;-4276.60559451048;0;670.642427218583;59;66.1729407945134
3763;3.82E4;0.00E0;1.47E-6;5.00E-5;0.00E0;0.00E0;4;0;386.907118532922;-1211.90391085875;0;189.576405051001;18;90.0320257786595
3766;4.24E4;0.00E0;7.96E-7;5.00E-5;0.00E0;0.00E0;4;0;397.955316205136;-2475.87051662488;0;288.271479286153;32;65.8027477536165
3767;3.26E4;0.00E0;3.02E-6;5.00E-5;0.00E0;0.00E0;4;0;136.566270337352;-4882.78540365461;0;38.6236906719988;64;376.816280273484
3772;3.99E4;0.00E0;6.02E-7;5.00E-5;0.00E0;0.00E0;4;0;613.827399079172;-1647.3998634376;0;121.342894894051;24;147.03891816234
3802;4.10E4;0.00E0;1.96E-6;5.00E-5;0.00E0;0.00E0;4;0;-42.4856588283606;-950.052877816474;0;279.979408185351;15;65.4287737847005
3803;8.16E4;0.00E0;5.52E-7;5.00E-5;0.00E0;0.00E0;4;0;227.373922731845;-1424.62809988921;0;455.474165047133;18;80.1029518711053
3807;3.17E4;0.00E0;1.04E-6;5.00E-5;0.00E0;0.00E0;4;0;400.063721781251;-2327.62256913116;0;175.448488260524;32;80.8180709741314
3811;1.92E4;0.00E0;1.72E-6;5.00E-5;0.00E0;0.00E0;4;0;1087.56875644564;-2720.13755250088;0;39.0824974539477;41;219.589279011695
3819;6.95E4;0.00E0;2.04E-6;5.00E-5;0.00E0;0.00E0;4;0;51.6930507731524;-2025.8870595946;0;178.613951196999;33;173.93173941792
3828;4.69E4;0.00E0;1.67E-6;5.00E-5;0.00E0;0.00E0;4;0;889.321186875905;205.285278306033;0;163.06837932628;7;128.652736892046
3829;5.02E4;0.00E0;8.93E-7;5.00E-5;0.00E0;0.00E0;4;0;459.505559590197;-2494.00995709824;0;329.898698725123;29;68.0695631221421
3832;4.41E4;0.00E0;1.19E-6;5.00E-5;0.00E0;0.00E0;4;0;-96.6220634790463;-4873.87713331832;0;96.425939768836;65;204.383084199033
3841;7.65E4;0.00E0;1.14E-6;5.00E-5;0.00E0;0.00E0;4;0;508.169802826875;-513.093734608057;0;339.226458982523;13;100.858146414283
3842;3.28E4;0.00E0;9.11E-7;5.00E-5;0.00E0;0.00E0;4;0;710.155956985332;-2162.93985190978;0;71.2224844969208;34;205.607891999364
3854;5.74E4;0.00E0;2.68E-6;5.00E-5;0.00E0;0.00E0;4;0;-209.351640625807;-227.762430031968;0;309.433993692985;1;82.859792364735
3857;3.66E4;0.00E0;1.76E-6;5.00E-5;0.00E0;0.00E0;4;0;719.233788235005;-3197.78542449863;0;207.259100566822;48;78.9061056509902
3867;4.57E4;0.00E0;1.27E-6;5.00E-5;0.00E0;0.00E0;4;0;456.798704031102;-1207.7811879849;0;144.165099082322;18;141.614399124692
3868;5.98E4;0.00E0;1.96E-6;5.00E-5;0.00E0;0.00E0;4;0;1674.87507479606;-3252.26115600628;0;392.245921243926;44;68.1360184572912
3871;2.01E4;0.00E0;1.01E-6;5.00E-5;0.00E0;0.00E0;4;0;278.4731168365;157.508220835748;0;131.058868686099;3;68.7271152189943
3874;9.39E4;0.00E0;3.65E-6;5.00E-5;0.00E0;0.00E0;4;0;312.585687143812;-769.433864174165;0;113.615074415597;15;369.564886288248
3877;8.13E4;0.00E0;1.90E-6;5.00E-5;0.00E0;0.00E0;4;0;74.4064773800962;-631.835335314364;0;83.6889581288902;14;434.059626558853
3880;3.16E4;0.00E0;3.97E-6;5.00E-5;0.00E0;0.00E0;4;0;-39.4304522270386;-5527.88930540965;0;132.517353797794;71;106.744026376441
3881;4.09E4;0.00E0;2.38E-6;5.00E-5;0.00E0;0.00E0;4;0;1005.69839951833;-1351.14259864663;0;277.058490181183;22;65.9259709704264
3882;7.40E4;0.00E0;1.73E-6;5.00E-5;0.00E0;0.00E0;4;0;487.20359024543;-41.5497516726355;0;123.989958011529;5;266.677671427255
3888;2.48E5;0.00E0;2.38E-6;5.00E-5;0.00E0;0.00E0;4;0;-160.070800536766;-2825.45612036466;0;733.629558534244;32;151.029532964398
3889;2.11E5;0.00E0;2.44E-6;5.00E-5;0.00E0;0.00E0;4;0;887.834477963414;-3777.94346551578;0;354.979831547723;50;265.286420577037
3901;4.15E4;0.00E0;6.66E-7;5.00E-5;0.00E0;0.00E0;4;0;43.6740262395094;-711.184977459303;0;125.693376841291;15;147.769064686024
3911;6.05E4;0.00E0;4.44E-6;5.00E-5;0.00E0;0.00E0;4;0;53.2030801340472;-4145.00520956221;0;128.560289254142;57;210.404793487681
3912;6.82E4;0.00E0;2.74E-6;5.00E-5;0.00E0;0.00E0;4;0;1134.56152875526;341.803861522446;0;432.922665081462;8;70.4333055839563
3918;5.45E4;0.00E0;2.69E-6;5.00E-5;0.00E0;0.00E0;4;0;1364.3647009686;-2199.30862422012;0;312.788878413028;38;77.9068434868087
3921;5.06E4;0.00E0;1.51E-6;5.00E-5;0.00E0;0.00E0;4;0;235.073754160542;-2350.15184767502;0;129.088560680393;32;175.148591613107
3928;4.60E4;0.00E0;1.46E-6;5.00E-5;0.00E0;0.00E0;4;0;-290.077366144537;-5587.56285737695;0;137.093717604501;71;149.996993203321
3932;5.35E4;0.00E0;3.18E-6;5.00E-5;0.00E0;0.00E0;4;0;283.316844131315;-810.275242894049;0;68.4219028310394;16;349.836894349953
3933;5.26E4;0.00E0;3.41E-6;5.00E-5;0.00E0;0.00E0;4;0;-204.500984079242;-545.908444164584;0;371.182989844046;14;63.4000830102022
3939;2.33E4;0.00E0;1.91E-6;5.00E-5;0.00E0;0.00E0;4;0;75.8879832064608;126.463038104314;0;147.399468771419;1;70.6130396672766
3941;9.04E3;0.00E0;9.03E-7;5.00E-5;0.00E0;0.00E0;4;0;816.953281548979;2.81238868511173;0;31.1209602410623;8;129.904438006987
3947;2.26E4;0.00E0;6.45E-7;5.00E-5;0.00E0;0.00E0;4;0;609.46364910274;-3455.21034776572;0;68.5732454221472;50;147.132174472429
3957;8.07E4;0.00E0;1.02E-6;5.00E-5;0.00E0;0.00E0;4;0;218.505572254042;-1580.48020087397;0;521.752035597903;24;69.144849507788
3962;4.79E4;0.00E0;6.89E-7;5.00E-5;0.00E0;0.00E0;4;0;351.765310907043;-3666.3398878553;0;120.92108190579;53;177.051627950806
3968;4.61E4;0.00E0;1.68E-6;5.00E-5;0.00E0;0.00E0;4;0;1390.16760667896;-2744.115378127;0;124.917657459288;42;164.905476832155
3985;2.64E4;0.00E0;1.70E-6;5.00E-5;0.00E0;0.00E0;4;0;53.8136624549056;-4013.16519002487;0;195.1535112229;57;60.5821116183572
3999;4.14E4;0.00E0;1.20E-6;5.00E-5;0.00E0;0.00E0;4;0;718.25178195534;-2091.97041447798;0;75.5077337159747;28;245.367775101387
4001;8.60E4;0.00E0;2.66E-6;5.00E-5;0.00E0;0.00E0;4;0;1800.77367768222;-2828.95506219427;0;498.404946931376;44;77.1125298316604
4002;4.28E4;0.00E0;1.52E-6;5.00E-5;0.00E0;0.00E0;4;0;412.531363642256;-4451.10805593563;0;181.761805376059;60;105.353091861917
4007;4.83E4;0.00E0;2.03E-6;5.00E-5;0.00E0;0.00E0;4;0;1110.53405733747;-3309.44034685106;0;122.414983596798;47;176.482906829235
4014;2.41E4;0.00E0;2.14E-6;5.00E-5;0.00E0;0.00E0;4;0;73.316121012022;-2006.65732433002;0;176.033248016563;33;61.1132863264151
4017;7.56E4;0.00E0;1.75E-6;5.00E-5;0.00E0;0.00E0;4;0;-520.747029240543;-5946.97358219258;0;553.526119919939;71;61.0680810911075
4020;7.24E4;0.00E0;1.90E-6;5.00E-5;0.00E0;0.00E0;4;0;1786.00662911718;-3290.36348510973;0;506.840350547228;44;63.817204633665
4025;4.92E4;0.00E0;8.44E-7;5.00E-5;0.00E0;0.00E0;4;0;897.883656870828;-1089.88585370672;0;260.29748438346;20;84.4844120445519
4031;2.82E4;0.00E0;1.70E-6;5.00E-5;0.00E0;0.00E0;4;0;-48.5048163919112;-194.514369429889;0;188.213555129561;1;66.9629529857035
4049;5.69E4;0.00E0;1.56E-6;5.00E-5;0.00E0;0.00E0;4;0;1016.98494246793;-969.81716999068;0;419.182562516283;19;60.6541821457222
4052;4.34E4;0.00E0;2.15E-6;5.00E-5;0.00E0;0.00E0;4;0;403.398601638642;-460.498289941139;0;234.267975217378;13;82.8113784906844
4065;4.61E4;0.00E0;1.19E-6;5.00E-5;0.00E0;0.00E0;4;0;-178.307486267015;-4456.70074110368;0;308.554482286174;65;66.8508498130175
4076;3.82E4;0.00E0;1.51E-6;5.00E-5;0.00E0;0.00E0;4;0;453.706839770058;-2032.86450759084;0;117.634132767276;30;144.993589791559
4079;7.24E4;0.00E0;3.83E-6;5.00E-5;0.00E0;0.00E0;4;0;-172.663014836623;-5797.15489952962;0;280.754999549173;71;115.310470127547
4082;2.44E4;0.00E0;2.58E-6;5.00E-5;0.00E0;0.00E0;4;0;779.161158894433;-1737.22718017913;0;59.5051949178882;25;183.496743083555
4093;9.50E4;0.00E0;4.09E-6;5.00E-5;0.00E0;0.00E0;4;0;626.762631831725;-535.461561476976;0;457.898462926165;13;92.7733357746242
4110;1.76E4;0.00E0;4.76E-7;5.00E-5;0.00E0;0.00E0;4;0;924.751288750273;-2305.79921533066;0;36.6562755770563;36;215.190508827143
4126;1.37E5;0.00E0;7.55E-6;5.00E-5;0.00E0;0.00E0;4;0;710.174133361819;-3658.81562794002;0;156.138716441712;51;393.415928239856
4129;1.73E5;0.00E0;2.49E-6;5.00E-5;0.00E0;0.00E0;4;0;192.125607572316;-1854.47452151782;0;282.826683512249;33;273.811838320469
4130;5.54E4;0.00E0;7.28E-7;5.00E-5;0.00E0;0.00E0;4;0;1074.68829215795;-2354.59072707774;0;59.8627942158815;37;413.914834123425
4134;3.97E4;0.00E0;2.74E-6;5.00E-5;0.00E0;0.00E0;4;0;495.351159202072;-3901.35856889814;0;122.650845462471;54;144.872449213257
4135;1.03E5;0.00E0;2.27E-6;5.00E-5;0.00E0;0.00E0;4;0;485.136653626385;-5225.82458933854;0;510.579100629522;68;90.155754985675
4143;5.83E4;0.00E0;6.83E-7;5.00E-5;0.00E0;0.00E0;4;0;1089.7231898265;-3535.68027451642;0;288.36111434756;47;90.4240693893253
4145;4.06E4;0.00E0;1.44E-6;5.00E-5;0.00E0;0.00E0;4;0;31.870018834305;-3998.92965325193;0;221.303817332699;57;81.9728309918464
4155;7.90E4;0.00E0;1.47E-6;5.00E-5;0.00E0;0.00E0;4;0;1077.42767766068;-992.566169176945;0;463.785210195496;20;76.1440947478524
4159;2.53E4;0.00E0;5.62E-7;5.00E-5;0.00E0;0.00E0;4;0;475.846566297717;-2280.27271923081;0;117.99935051813;30;95.9722404887428
4170;8.60E4;0.00E0;6.00E-6;5.00E-5;0.00E0;0.00E0;4;0;528.23148986771;689.21527468992;0;584.487937293168;5;65.7748756363759
4175;7.15E4;0.00E0;3.16E-6;5.00E-5;0.00E0;0.00E0;4;0;568.867012208288;-4326.76744203295;0;329.811990064166;59;96.8556390506262
4177;3.58E4;0.00E0;2.50E-6;5.00E-5;0.00E0;0.00E0;4;0;585.248397749288;-1004.9868891812;0;95.075661288506;18;168.530955732656
4185;1.49E5;0.00E0;4.03E-6;5.00E-5;0.00E0;0.00E0;4;0;126.338030843716;-3784.50744447133;0;252.9225825927;55;262.783340606014
4188;5.35E4;0.00E0;1.82E-6;5.00E-5;0.00E0;0.00E0;4;0;384.708524491334;-569.175709935178;0;216.543864165855;13;110.400583154351
4189;4.32E4;0.00E0;2.01E-6;5.00E-5;0.00E0;0.00E0;4;0;803.380178960867;178.568679892536;0;101.203339693127;7;190.969132642571
4194;4.98E4;0.00E0;2.48E-6;5.00E-5;0.00E0;0.00E0;4;0;412.759565032766;-29.6326440581306;0;91.425844724691;4;243.564726541164
4207;3.24E4;0.00E0;3.07E-6;5.00E-5;0.00E0;0.00E0;4;0;796.109425094966;-1791.0577118815;0;87.4931757546885;25;165.494039872503
4220;5.00E4;0.00E0;3.67E-6;5.00E-5;0.00E0;0.00E0;4;0;-181.709589866015;-708.479544827873;0;343.044781883958;14;65.2019996450308
4237;9.69E4;0.00E0;1.75E-6;5.00E-5;0.00E0;0.00E0;4;0;1175.42666227024;-1057.26115180712;0;527.813074458517;20;82.0898216912483
4239;5.79E4;0.00E0;1.05E-6;5.00E-5;0.00E0;0.00E0;4;0;833.09195640038;-1721.80855409533;0;108.861045201482;24;237.97332462627
4240;5.73E4;0.00E0;1.87E-6;5.00E-5;0.00E0;0.00E0;4;0;1177.77363934488;-2794.58709319002;0;44.1948569147588;42;579.291385447501
4246;3.25E4;0.00E0;1.82E-6;5.00E-5;0.00E0;0.00E0;4;0;1111.55242456653;-2501.10274698592;0;101.646740186871;39;142.965391210943
4253;5.38E4;0.00E0;2.27E-6;5.00E-5;0.00E0;0.00E0;4;0;828.985101834481;-1562.82215903305;0;79.4011469968483;23;302.64757673127
4256;6.28E4;0.00E0;2.46E-6;5.00E-5;0.00E0;0.00E0;4;0;1472.06472163237;-3020.45363879164;0;125.556034369731;44;223.529115818792
4279;5.22E4;0.00E0;2.13E-6;5.00E-5;0.00E0;0.00E0;4;0;256.971148673114;-1112.84592795099;0;188.946264404179;17;123.576243229363
4282;5.24E4;0.00E0;1.31E-6;5.00E-5;0.00E0;0.00E0;4;0;-71.2617479461478;-4620.8945391699;0;116.680780133388;65;200.918649183641
4283;2.49E4;0.00E0;1.06E-6;5.00E-5;0.00E0;0.00E0;4;0;63.7826984267067;-855.422055214682;0;149.509837296466;15;74.3127424017115
4290;3.47E4;0.00E0;8.62E-7;5.00E-5;0.00E0;0.00E0;4;0;-92.4635944299168;-118.10357294985;0;150.071985903468;1;103.419212831663
4299;4.62E4;0.00E0;2.97E-6;5.00E-5;0.00E0;0.00E0;4;0;-343.7844358649;-5176.78251890189;0;275.436243893843;70;74.9241036458768
4302;4.38E4;0.00E0;9.28E-7;5.00E-5;0.00E0;0.00E0;4;0;172.798235977991;-910.348517663956;0;78.0319740450136;16;250.78744226756
4305;3.88E4;0.00E0;5.08E-7;5.00E-5;0.00E0;0.00E0;4;0;1612.8533783673;-2937.03991539482;0;283.275727498576;44;61.2715321048789
4307;6.93E4;0.00E0;2.04E-6;5.00E-5;0.00E0;0.00E0;4;0;-106.545806045154;-2156.65202413524;0;298.473826351354;33;103.781603237028
4309;4.74E4;0.00E0;5.18E-7;5.00E-5;0.00E0;0.00E0;4;0;1410.05359202566;-3252.12997452403;0;224.808153262423;44;94.1946446382376
4317;2.17E4;0.00E0;1.20E-6;5.00E-5;0.00E0;0.00E0;4;0;-25.7994796495025;-4600.84486817944;0;134.511596152473;65;72.2795227903639
4323;9.00E4;0.00E0;3.39E-6;5.00E-5;0.00E0;0.00E0;4;0;1205.69148481576;-2119.88773408384;0;185.476848572512;38;216.869695305401
4330;2.67E4;0.00E0;2.33E-6;5.00E-5;0.00E0;0.00E0;4;0;718.020993775318;-1524.55002724477;0;34.1426982972113;23;348.99119446493
4331;4.47E4;0.00E0;3.62E-6;5.00E-5;0.00E0;0.00E0;4;0;-111.325537347754;-2266.06720066513;0;328.881753556125;33;60.7228368040921
4332;3.87E4;0.00E0;1.91E-6;5.00E-5;0.00E0;0.00E0;4;0;350.378624522304;-4295.98043433926;0;111.668629608661;59;154.939895588127
4334;1.27E4;0.00E0;6.60E-7;5.00E-5;0.00E0;0.00E0;4;0;-72.0655526241942;-4675.27708220887;0;65.5257517947779;65;86.3321154933731
4337;3.11E4;0.00E0;1.07E-6;5.00E-5;0.00E0;0.00E0;4;0;718.955705084022;-1059.85312356506;0;130.947092269155;19;106.092478921501
4349;2.69E4;0.00E0;4.56E-7;5.00E-5;0.00E0;0.00E0;4;0;20.0125084911699;-805.797965881443;0;176.491250855963;15;68.2261613350398
4361;2.70E4;0.00E0;2.10E-6;5.00E-5;0.00E0;0.00E0;4;0;461.397592846213;-2233.19489291924;0;75.5264971520797;30;160.011950252955
4362;2.63E4;0.00E0;1.95E-6;5.00E-5;0.00E0;0.00E0;4;0;534.149908536578;-3661.78260014696;0;33.2089015867914;52;354.01725561434
4367;5.53E4;0.00E0;1.97E-6;5.00E-5;0.00E0;0.00E0;4;0;430.568891169423;-1576.08228507354;0;315.731334371249;24;78.3034125652825
4375;7.96E4;0.00E0;1.76E-6;5.00E-5;0.00E0;0.00E0;4;0;1512.77471334804;-321.177937581358;0;590.528410387106;9;60.2278318839449
4379;6.71E4;0.00E0;4.22E-7;5.00E-5;0.00E0;0.00E0;4;0;804.582657408899;241.876408233011;0;164.086940225689;7;182.945128771254
4382;2.60E4;0.00E0;1.24E-6;5.00E-5;0.00E0;0.00E0;4;0;240.739892002192;-4893.00321029731;0;106.039641775939;63;109.594010173179
4383;1.52E5;0.00E0;2.00E-6;5.00E-5;0.00E0;0.00E0;4;0;482.224402390135;651.377902936114;0;550.356150862289;5;123.332495829814
4387;4.21E4;0.00E0;1.37E-6;5.00E-5;0.00E0;0.00E0;4;0;1227.97103239826;-2836.00674651604;0;47.2824365193875;42;398.216304485612
4392;7.61E4;0.00E0;1.22E-6;5.00E-5;0.00E0;0.00E0;4;0;607.14892165424;-1402.48739351634;0;122.934151434827;21;276.782644887991
4401;6.98E4;0.00E0;5.24E-7;5.00E-5;0.00E0;0.00E0;4;0;860.696175773397;-3942.48914525563;0;457.819517516317;53;68.1923426399933
4404;1.07E5;0.00E0;4.72E-6;5.00E-5;0.00E0;0.00E0;4;0;432.409575506151;-788.883021957552;0;175.308780379617;16;272.22533388106
4411;5.36E4;0.00E0;5.50E-7;5.00E-5;0.00E0;0.00E0;4;0;1175.35428134245;-399.78453504563;0;353.028717198903;9;67.8508229681803
4437;8.62E4;0.00E0;3.60E-6;5.00E-5;0.00E0;0.00E0;4;0;-186.867653068487;-5160.08578725695;0;146.740562162533;69;262.754421182131
4438;6.96E4;0.00E0;1.09E-6;5.00E-5;0.00E0;0.00E0;4;0;1076.89176142895;-2397.90444126463;0;82.2442438336381;37;378.123929144762
4439;2.86E4;0.00E0;1.64E-6;5.00E-5;0.00E0;0.00E0;4;0;348.841063393453;-3638.5908732181;0;137.437342662562;53;93.0191723211648
4456;2.09E4;0.00E0;5.51E-7;5.00E-5;0.00E0;0.00E0;4;0;969.849767231807;-2647.49030029104;0;81.4596198022;40;114.685241698953
4461;1.36E5;0.00E0;3.76E-6;5.00E-5;0.00E0;0.00E0;4;0;553.206585231076;-3372.06417610368;0;168.961759321189;50;360.577074039827
4474;5.00E4;0.00E0;1.59E-6;5.00E-5;0.00E0;0.00E0;4;0;999.248167744565;-3572.42561242467;0;260.124971250752;48;85.953658281916
4475;4.33E4;0.00E0;1.77E-6;5.00E-5;0.00E0;0.00E0;4;0;855.867269241553;-2995.08598223613;0;282.06422436856;47;68.5851073490391
4476;5.54E4;0.00E0;2.22E-6;5.00E-5;0.00E0;0.00E0;4;0;1142.81786089978;-89.8921437651716;0;189.085819533921;9;131.036787335392
4478;1.41E4;0.00E0;2.13E-6;5.00E-5;0.00E0;0.00E0;4;0;-232.699951932886;-5346.51052022325;0;103.209513851972;70;61.2430464125669
4485;1.19E5;0.00E0;3.06E-6;5.00E-5;0.00E0;0.00E0;4;0;-384.178196661081;-1387.92955673891;0;809.562387218247;15;65.8047454894246
4487;1.19E5;0.00E0;6.71E-6;5.00E-5;0.00E0;0.00E0;4;0;1577.50151949886;-10.1625750336461;0;631.017724738421;9;84.5057703391193
4492;1.12E5;0.00E0;1.57E-6;5.00E-5;0.00E0;0.00E0;4;0;705.93528532024;-4630.63948984094;0;454.068025580689;62;110.154477752388
4498;2.60E4;0.00E0;1.58E-6;5.00E-5;0.00E0;0.00E0;4;0;1054.08755293587;-2971.65641300889;0;161.548181834531;45;71.9442930178818
4507;2.01E4;0.00E0;1.24E-6;5.00E-5;0.00E0;0.00E0;4;0;506.515711584483;-3557.46113150754;0;46.0621443534562;51;194.921651405728
4513;1.15E4;0.00E0;6.64E-7;5.00E-5;0.00E0;0.00E0;4;0;257.188184903068;-4793.28618258232;0;36.3314537976478;63;141.494286228531
4527;4.60E4;0.00E0;1.46E-6;5.00E-5;0.00E0;0.00E0;4;0;1071.77420656336;-2570.02641413526;0;40.7504761348468;40;504.121150480408
4532;3.02E4;0.00E0;5.88E-7;5.00E-5;0.00E0;0.00E0;4;0;355.547131600551;-4463.47548279727;0;128.283694470023;60;105.139490973207
4541;1.04E5;0.00E0;2.14E-6;5.00E-5;0.00E0;0.00E0;4;0;-229.040456220422;-2475.66310067916;0;539.575075035877;33;86.5662835167093
4544;3.53E4;0.00E0;5.32E-7;5.00E-5;0.00E0;0.00E0;4;0;1241.67409738968;-3328.73272001349;0;217.580489768321;46;72.4599980619215
4546;4.47E4;0.00E0;1.50E-6;5.00E-5;0.00E0;0.00E0;4;0;301.219468454423;-495.123862579559;0;132.213230077997;13;151.222102285135
4547;3.23E4;0.00E0;1.33E-6;5.00E-5;0.00E0;0.00E0;4;0;27.8170885022209;-548.63389366631;0;140.363828996373;14;102.88785641667
4548;3.95E4;0.00E0;9.72E-7;5.00E-5;0.00E0;0.00E0;4;0;992.140340635758;-3447.02604574878;0;158.136006122554;48;111.742138874113
4550;1.02E5;0.00E0;2.83E-6;5.00E-5;0.00E0;0.00E0;4;0;-108.29953294437;-1599.75754008913;0;615.395625876164;33;74.1658613467942
4552;8.57E4;0.00E0;2.06E-6;5.00E-5;0.00E0;0.00E0;4;0;1359.28605613839;-2865.55413143665;0;67.1975146195206;43;570.129645117428
4553;6.88E4;0.00E0;4.01E-6;5.00E-5;0.00E0;0.00E0;4;0;-208.737953501823;-2423.52143562259;0;491.887257866861;33;62.5215769604414
4559;7.85E4;0.00E0;1.32E-6;5.00E-5;0.00E0;0.00E0;4;0;284.551900062204;-2748.39406933099;0;525.715399473298;32;66.7236090656396
4562;8.73E4;0.00E0;1.01E-6;5.00E-5;0.00E0;0.00E0;4;0;-353.715583075;-1932.21864385775;0;582.32323363552;33;67.0271909256355
4571;6.85E4;0.00E0;1.53E-6;5.00E-5;0.00E0;0.00E0;4;0;328.10064901277;-5174.66375092648;0;351.428650557177;68;87.1234738117405
4574;2.77E4;0.00E0;3.87E-7;5.00E-5;0.00E0;0.00E0;4;0;812.134036954636;-2348.30353813949;0;58.4197029898158;35;211.673967556517
4575;4.78E4;0.00E0;8.91E-7;5.00E-5;0.00E0;0.00E0;4;0;64.4116800666202;-323.036046155695;0;116.352432954382;12;183.492809014658
4589;7.06E4;0.00E0;4.78E-6;5.00E-5;0.00E0;0.00E0;4;0;-55.3144873221306;-307.818688992907;0;236.370201395335;12;133.477026384825
4600;2.63E5;0.00E0;3.19E-6;5.00E-5;0.00E0;0.00E0;4;0;-390.991933014612;49.8425223188369;0;394.143387879517;1;298.746952477632
4608;2.32E4;0.00E0;1.18E-6;5.00E-5;0.00E0;0.00E0;4;0;182.446108425967;-973.691268429268;0;122.780671555113;16;84.4481235000009
4620;4.36E4;0.00E0;2.06E-6;5.00E-5;0.00E0;0.00E0;4;0;513.361645107079;-4487.11843399133;0;287.678873552191;60;67.8240032080288
4622;2.83E4;0.00E0;1.19E-6;5.00E-5;0.00E0;0.00E0;4;0;377.902287860243;-3785.43296918802;0;37.9136057657695;54;333.333709368531
4631;3.95E4;0.00E0;2.64E-6;5.00E-5;0.00E0;0.00E0;4;0;1097.90182484652;-225.965582308374;0;175.014245690014;9;100.837997447549
4633;2.88E4;0.00E0;5.62E-7;5.00E-5;0.00E0;0.00E0;4;0;227.350010502063;-1076.74931054577;0;177.992509218531;16;72.4155691781047
4641;3.32E4;0.00E0;2.89E-6;5.00E-5;0.00E0;0.00E0;4;0;142.008062383503;-4482.49072168063;0;77.6640287646559;60;191.158568538249
4643;5.65E4;0.00E0;1.30E-6;5.00E-5;0.00E0;0.00E0;4;0;-18.080119435353;-5293.4150016098;0;67.6343057367846;69;373.408766242844
4647;1.91E5;0.00E0;6.76E-6;5.00E-5;0.00E0;0.00E0;4;0;309.981496637623;-2293.97051910905;0;87.1403194311033;32;979.077179836926
4652;5.29E4;0.00E0;4.35E-6;5.00E-5;0.00E0;0.00E0;4;0;53.7621545251084;302.409940314044;0;307.053202673188;1;77.0634886023887
4656;2.71E4;0.00E0;6.81E-7;5.00E-5;0.00E0;0.00E0;4;0;799.159431888729;-1685.40420570203;0;67.817694101816;24;178.903070117072
4663;5.14E4;0.00E0;2.34E-6;5.00E-5;0.00E0;0.00E0;4;0;141.544053326607;-4886.68828876606;0;44.5340780459237;64;515.573380146008
4682;8.75E3;0.00E0;2.32E-6;5.00E-5;0.00E0;0.00E0;4;0;39.7375391389357;-4819.75096237912;0;50.1614155357312;65;78.0000736782607
4690;6.79E4;0.00E0;3.14E-6;5.00E-5;0.00E0;0.00E0;4;0;729.004418434895;-1971.33248859107;0;60.6580688498712;27;500.313979297955
4691;1.20E5;0.00E0;2.59E-6;5.00E-5;0.00E0;0.00E0;4;0;1750.56440801921;-2867.46508951729;0;436.958106719032;44;123.256024073023
4694;6.94E4;0.00E0;4.83E-6;5.00E-5;0.00E0;0.00E0;4;0;1767.75992736418;-3277.09358487406;0;484.404919237636;44;64.0040122470471
4713;1.01E5;0.00E0;3.02E-6;5.00E-5;0.00E0;0.00E0;4;0;-493.363578746223;-4998.52080050783;0;466.348232486534;67;96.5307640011176
4720;3.99E4;0.00E0;8.62E-7;5.00E-5;0.00E0;0.00E0;4;0;534.193505283752;-4081.99383382575;0;250.646842501237;55;71.1799086137432
4729;1.20E5;0.00E0;1.55E-6;5.00E-5;0.00E0;0.00E0;4;0;476.431241380661;-5204.73075818398;0;496.839154453105;63;107.983933839934
4730;7.33E4;0.00E0;1.49E-6;5.00E-5;0.00E0;0.00E0;4;0;457.769561543047;-1456.22595053898;0;280.837810718498;22;116.6272338263
4733;2.28E4;0.00E0;1.19E-6;5.00E-5;0.00E0;0.00E0;4;0;545.317936200207;-1808.11774617323;0;153.913496923971;26;66.1906737784288
4734;3.38E4;0.00E0;4.28E-6;5.00E-5;0.00E0;0.00E0;4;0;370.301536371232;-1995.08699834613;0;145.413162146746;31;103.922075909976
4736;6.61E4;0.00E0;1.17E-6;5.00E-5;0.00E0;0.00E0;4;0;1215.68631655419;282.186871410101;0;451.435579278101;8;65.4092472607467
4752;8.38E4;0.00E0;2.36E-6;5.00E-5;0.00E0;0.00E0;4;0;1137.78440456111;-1479.62829824226;0;384.776189250032;22;97.337603352769
4756;3.56E4;0.00E0;5.82E-7;5.00E-5;0.00E0;0.00E0;4;0;42.4379391992395;-4604.37959193925;0;155.632548507799;65;102.353350481837
4759;3.28E4;0.00E0;3.05E-6;5.00E-5;0.00E0;0.00E0;4;0;376.991490420604;-358.661752490832;0;196.045293406985;12;74.7484985394121
4760;1.04E5;0.00E0;3.86E-6;5.00E-5;0.00E0;0.00E0;4;0;1337.9975128632;-3852.17640521305;0;690.612064043068;47;67.039497322281
4770;4.91E4;0.00E0;3.89E-6;5.00E-5;0.00E0;0.00E0;4;0;613.073826968287;-826.260754552636;0;254.467214059509;18;86.1753206286281
4772;1.37E5;0.00E0;1.86E-6;5.00E-5;0.00E0;0.00E0;4;0;576.748681169616;415.769366604915;0;311.897266607321;5;196.319825976968
4773;9.06E4;0.00E0;1.46E-6;5.00E-5;0.00E0;0.00E0;4;0;1005.50875735651;480.52928694357;0;457.597058052719;7;88.5117212550558
4775;3.12E4;0.00E0;1.23E-6;5.00E-5;0.00E0;0.00E0;4;0;483.989276417788;-3491.25819711868;0;112.441080568697;51;124.044607943208
4781;6.23E4;0.00E0;6.08E-7;5.00E-5;0.00E0;0.00E0;4;0;100.015329616485;-3995.7025149675;0;164.898292278521;56;168.854533598821
4789;3.42E4;0.00E0;2.03E-6;5.00E-5;0.00E0;0.00E0;4;0;753.757907245649;-3536.91191893411;0;80.3479213529333;50;190.232891415557
4791;5.44E4;0.00E0;2.05E-6;5.00E-5;0.00E0;0.00E0;4;0;985.218314847311;-1583.54950755575;0;236.755407801916;23;102.754353374741
4794;3.45E4;0.00E0;2.30E-6;5.00E-5;0.00E0;0.00E0;4;0;864.371964325499;-1802.39699562437;0;156.607119385509;25;98.3609164915872
4804;3.70E4;0.00E0;7.16E-7;5.00E-5;0.00E0;0.00E0;4;0;1459.86493379272;-2663.1683222997;0;231.532497161639;42;71.3914779228347
4811;6.95E4;0.00E0;7.90E-7;5.00E-5;0.00E0;0.00E0;4;0;908.799208632491;-1681.67424647503;0;174.016369780855;24;178.464682313903
4817;8.07E4;0.00E0;2.72E-6;5.00E-5;0.00E0;0.00E0;4;0;669.432483801386;-3144.92173602429;0;279.678251989739;48;129.042007960833
4822;8.89E4;0.00E0;9.17E-6;5.00E-5;0.00E0;0.00E0;4;0;-404.50387229256;496.725614576553;0;640.515717022787;1;62.0661597699921
4832;8.76E4;0.00E0;1.12E-6;5.00E-5;0.00E0;0.00E0;4;0;820.26489341504;-1588.80646296094;0;72.6738048006112;23;539.041643482619
4835;5.44E4;0.00E0;1.47E-6;5.00E-5;0.00E0;0.00E0;4;0;530.106627027726;-829.528483784867;0;201.796164144663;17;120.602386486608
4836;2.90E4;0.00E0;1.48E-6;5.00E-5;0.00E0;0.00E0;4;0;0.920428188898086;-4706.50360216919;0;52.2627095322261;65;248.260121994837
4841;4.11E4;0.00E0;3.91E-6;5.00E-5;0.00E0;0.00E0;4;0;1402.53311953279;-3021.91934217727;0;56.8557950728049;44;322.860600667264
4870;2.01E5;0.00E0;3.72E-6;5.00E-5;0.00E0;0.00E0;4;0;-740.212580762457;207.708040077247;0;768.775495852809;1;116.604248163587
4872;1.51E5;0.00E0;3.35E-6;5.00E-5;0.00E0;0.00E0;4;0;-622.192456791749;-1257.10764704156;0;934.843378231207;15;72.0913714206752
4874;3.00E4;0.00E0;2.77E-6;5.00E-5;0.00E0;0.00E0;4;0;276.696800609362;-1118.17084488974;0;181.288404657738;17;73.9389567796988
4881;1.18E5;0.00E0;5.51E-6;5.00E-5;0.00E0;0.00E0;4;0;1058.54127335306;-2073.64276928566;0;151.074101797751;38;350.1760813553
4903;1.55E4;0.00E0;2.44E-6;5.00E-5;0.00E0;0.00E0;4;0;1123.28397235832;-2201.66419106132;0;74.3120130263184;38;93.0170602808171
4910;5.63E4;0.00E0;1.84E-6;5.00E-5;0.00E0;0.00E0;4;0;-350.885141925776;112.799149785589;0;368.539660262864;1;68.2681980149426
4913;6.68E4;0.00E0;1.45E-6;5.00E-5;0.00E0;0.00E0;4;0;1668.21884736734;-2902.76908854604;0;347.367798144949;44;86.0210269991321
4921;3.62E4;0.00E0;3.22E-6;5.00E-5;0.00E0;0.00E0;4;0;-32.1829319275116;-4489.16411554652;0;245.292493334067;65;65.8984509281142
4924;4.50E4;0.00E0;6.76E-7;5.00E-5;0.00E0;0.00E0;4;0;-241.756457742289;-4898.28936052077;0;236.355931781739;66;85.0987860213545
4929;8.87E4;0.00E0;5.73E-6;5.00E-5;0.00E0;0.00E0;4;0;977.126997907186;-1114.16354198733;0;323.198458383842;20;122.723957416698
4940;4.58E4;0.00E0;3.14E-6;5.00E-5;0.00E0;0.00E0;4;0;119.242352465622;-2348.91256561461;0;187.911459694797;32;108.871538378837
4946;1.60E5;0.00E0;1.80E-6;5.00E-5;0.00E0;0.00E0;4;0;583.619710484747;-4331.39980010309;0;344.513829561399;59;207.11135410448
4950;1.38E4;0.00E0;4.01E-7;5.00E-5;0.00E0;0.00E0;4;0;1234.36493838774;-3062.75010201844;0;40.4316362627009;45;152.700366711066
4955;1.47E5;0.00E0;2.89E-6;5.00E-5;0.00E0;0.00E0;4;0;1718.49706857687;-690.190453405416;0;950.017135536154;9;68.9891729612741
4961;4.77E4;0.00E0;2.01E-6;5.00E-5;0.00E0;0.00E0;4;0;1537.91534684726;-2834.51299111927;0;236.933254502232;42;89.9258363150086
4970;3.17E4;0.00E0;1.11E-6;5.00E-5;0.00E0;0.00E0;4;0;128.233977069671;-451.224693976492;0;40.9280319009895;13;346.141700575541
4982;4.19E4;0.00E0;2.45E-6;5.00E-5;0.00E0;0.00E0;4;0;616.876766552333;-3948.9040233711;0;251.199894236607;54;74.5499241059009
4983;1.22E4;0.00E0;2.17E-6;5.00E-5;0.00E0;0.00E0;4;0;788.892974137391;-1711.54712203247;0;63.4882371331652;24;85.5554299364727
4987;9.38E4;0.00E0;1.17E-6;5.00E-5;0.00E0;0.00E0;4;0;263.175348568721;-3626.13600386527;0;217.69707190927;53;192.70583979623
4988;6.30E4;0.00E0;6.36E-7;5.00E-5;0.00E0;0.00E0;4;0;1411.18007000772;-2404.68464145937;0;395.701445710245;38;71.2119906677118
4990;4.68E4;0.00E0;2.40E-6;5.00E-5;0.00E0;0.00E0;4;0;636.552803931335;346.514246346742;0;249.672698561468;6;83.8053344411427
5006;1.37E5;0.00E0;6.27E-6;5.00E-5;0.00E0;0.00E0;4;0;535.893299752736;-5743.44148426394;0;744.268619082615;71;82.418248614998
5012;3.06E4;0.00E0;2.51E-6;5.00E-5;0.00E0;0.00E0;4;0;346.051087959739;-2382.73918475006;0;181.655568449579;32;75.3688466592111
5013;2.39E4;0.00E0;1.63E-6;5.00E-5;0.00E0;0.00E0;4;0;974.470117547727;-3391.1190867204;0;103.494954962794;47;103.023030000124
5026;3.73E4;0.00E0;4.18E-7;5.00E-5;0.00E0;0.00E0;4;0;173.802674214352;-4986.10054543443;0;146.348737834274;64;113.859498442542
5029;1.71E5;0.00E0;2.76E-6;5.00E-5;0.00E0;0.00E0;4;0;-592.561569801167;-4882.86888890992;0;568.929581122473;65;134.404268198598
5040;1.27E5;0.00E0;1.74E-6;5.00E-5;0.00E0;0.00E0;4;0;-546.56739987831;-4208.27723050339;0;719.865270281232;57;79.0300869315549
5045;3.07E4;0.00E0;1.25E-6;5.00E-5;0.00E0;0.00E0;4;0;386.097341944744;-2369.26015080889;0;193.540951618961;32;70.9681297207932
5048;2.65E4;0.00E0;1.03E-6;5.00E-5;0.00E0;0.00E0;4;0;291.638675491101;-981.917960782878;0;63.5710737344001;16;186.653022992191
5049;3.71E4;0.00E0;9.13E-7;5.00E-5;0.00E0;0.00E0;4;0;219.747695136504;-4851.74315957009;0;60.4578517271159;63;274.05851738056
5052;5.33E4;0.00E0;2.01E-6;5.00E-5;0.00E0;0.00E0;4;0;708.594785254881;-1171.4691656313;0;54.1783257934366;20;439.908196174381
5056;4.04E4;0.00E0;1.32E-6;5.00E-5;0.00E0;0.00E0;4;0;729.614440120764;-166.326726249594;0;207.123681518172;9;87.2697920512597
5071;3.84E4;0.00E0;3.90E-7;5.00E-5;0.00E0;0.00E0;4;0;492.067315160804;-1661.79804792896;0;237.057253271564;25;72.4055161257572
5076;4.41E4;0.00E0;1.53E-6;5.00E-5;0.00E0;0.00E0;4;0;-83.2295853537055;-5729.75224834101;0;231.430259765236;71;85.2000896546381
5082;7.79E4;0.00E0;1.92E-6;5.00E-5;0.00E0;0.00E0;4;0;-120.347960811961;-4092.63713737677;0;309.622041751282;57;112.483860406371
5101;6.98E4;0.00E0;1.17E-6;5.00E-5;0.00E0;0.00E0;4;0;626.629958053353;-2498.51279111138;0;250.59926686165;34;124.561342698367
5104;3.55E4;0.00E0;5.76E-7;5.00E-5;0.00E0;0.00E0;4;0;104.547997931546;-4684.89844645128;0;142.115642075271;63;111.679951798957
5110;5.10E4;0.00E0;2.91E-6;5.00E-5;0.00E0;0.00E0;4;0;885.616876428557;-455.283746167163;0;340.074333119309;9;67.106508098355
5112;1.56E5;0.00E0;2.94E-6;5.00E-5;0.00E0;0.00E0;4;0;1031.52391750658;-5564.99122398732;0;1123.19434368873;68;62.0292912062402
5118;5.92E4;0.00E0;1.72E-6;5.00E-5;0.00E0;0.00E0;4;0;518.206695303753;-3488.96966549844;0;94.1543004019748;51;281.277242932063
5123;1.58E5;0.00E0;4.37E-6;5.00E-5;0.00E0;0.00E0;4;0;727.919178270917;-5365.63578800961;0;774.032204763082;68;91.4523747759149
5134;2.39E4;0.00E0;1.30E-6;5.00E-5;0.00E0;0.00E0;4;0;-107.31731027927;-5111.25502611827;0;80.7963602523256;68;132.26629556549
5136;7.83E4;0.00E0;2.41E-6;5.00E-5;0.00E0;0.00E0;4;0;168.144350837594;-5279.73803489266;0;216.284427397544;68;161.881310922455
5144;2.59E4;0.00E0;1.13E-6;5.00E-5;0.00E0;0.00E0;4;0;414.108242988101;105.922758591624;0;38.1395115254132;4;303.009297856829
5155;7.07E4;0.00E0;1.04E-6;5.00E-5;0.00E0;0.00E0;4;0;532.071249400554;-368.854577085657;0;349.314628198608;12;90.5067721787274
5156;4.84E4;0.00E0;9.34E-7;5.00E-5;0.00E0;0.00E0;4;0;658.864253611852;-3785.5138955491;0;203.97326852879;52;106.099469056954
5157;5.32E4;0.00E0;2.72E-6;5.00E-5;0.00E0;0.00E0;4;0;977.145197233643;-2605.08376912124;0;60.16095541138;40;395.178851298797
5159;6.41E4;0.00E0;1.37E-6;5.00E-5;0.00E0;0.00E0;4;0;1115.13924591943;-2150.64468807937;0;96.8532159582175;38;295.790088799854
5167;1.65E5;0.00E0;9.26E-6;5.00E-5;0.00E0;0.00E0;4;0;1615.03542875886;640.772269431423;0;987.802536615771;8;74.495878461278
5169;3.95E4;0.00E0;1.47E-6;5.00E-5;0.00E0;0.00E0;4;0;591.488911055061;-1474.50530325716;0;153.306716004921;22;115.2288024853
5170;1.32E4;0.00E0;2.97E-6;5.00E-5;0.00E0;0.00E0;4;0;1087.79975609324;-3070.3415746092;0;81.14071349675;46;72.8638181534742
5181;5.11E4;0.00E0;3.11E-6;5.00E-5;0.00E0;0.00E0;4;0;1039.26561459898;-2447.79040378789;0;54.4479756677952;39;419.55455402039
5187;8.44E4;0.00E0;7.09E-6;5.00E-5;0.00E0;0.00E0;4;0;-23.3358462364861;-1657.06359672213;0;526.018582868433;33;71.7625348009707
5192;2.29E4;0.00E0;8.92E-7;5.00E-5;0.00E0;0.00E0;4;0;287.92488506673;-4817.33023778585;0;74.0359015239332;63;138.533458985667
5193;4.44E4;0.00E0;2.36E-6;5.00E-5;0.00E0;0.00E0;4;0;424.350577042075;-4641.60923873414;0;173.177239343093;62;114.562924716546
5197;6.00E4;0.00E0;2.12E-6;5.00E-5;0.00E0;0.00E0;4;0;1097.28660663166;-3083.37446303365;0;65.0252010104572;46;412.351542022945
5198;6.65E4;0.00E0;1.22E-6;5.00E-5;0.00E0;0.00E0;4;0;550.234170647654;0.0620849027682198;0;101.304423431591;5;293.659554060598
5205;2.57E4;0.00E0;7.57E-7;5.00E-5;0.00E0;0.00E0;4;0;611.712418336564;-1051.58393440206;0;73.6855161567757;19;156.192192284445
5229;4.41E4;0.00E0;1.60E-6;5.00E-5;0.00E0;0.00E0;4;0;400.797688060355;373.239362577385;0;298.573199203343;5;66.0841413850832
5232;1.09E5;0.00E0;1.67E-6;5.00E-5;0.00E0;0.00E0;4;0;-577.841767028582;-824.513150459425;0;754.580379404387;14;64.5018739344884
5234;7.27E4;0.00E0;2.59E-6;5.00E-5;0.00E0;0.00E0;4;0;1037.84229022592;-2431.38185474068;0;59.2462505219704;39;548.655671036027
5236;3.70E4;0.00E0;7.31E-7;5.00E-5;0.00E0;0.00E0;4;0;265.385906101976;-4452.53768991474;0;37.7205678371748;60;438.84297929489
5241;4.08E4;0.00E0;4.43E-6;5.00E-5;0.00E0;0.00E0;4;0;1188.0947540898;-79.4753538157265;0;235.495628852962;9;77.4048501787975
5255;3.12E4;0.00E0;1.42E-6;5.00E-5;0.00E0;0.00E0;4;0;691.097247579177;-3666.19485427292;0;150.877984572461;51;92.3135442872751
5258;1.18E5;0.00E0;2.29E-6;5.00E-5;0.00E0;0.00E0;4;0;1405.3735045763;-3229.95129998123;0;202.210061016655;44;261.636519632363
5265;2.17E4;0.00E0;5.35E-7;5.00E-5;0.00E0;0.00E0;4;0;1299.44878050527;-2769.71861621025;0;48.6158359405538;42;199.939242100944
5267;1.00E5;0.00E0;2.06E-6;5.00E-5;0.00E0;0.00E0;4;0;1047.01927846161;-3114.41244820959;0;70.9129689524362;46;631.783107901028
5268;4.52E4;0.00E0;1.50E-6;5.00E-5;0.00E0;0.00E0;4;0;-14.4110666995377;-4252.16299064263;0;197.110479596177;57;102.573995954987
5276;8.43E4;0.00E0;4.26E-7;5.00E-5;0.00E0;0.00E0;4;0;588.52886814492;-779.728377309369;0;276.762155878134;17;136.194674772944
5305;8.29E4;0.00E0;2.42E-6;5.00E-5;0.00E0;0.00E0;4;0;1801.37964541976;-2530.95582926577;0;583.752265046467;42;63.4540064235862
5306;1.20E5;0.00E0;2.60E-6;5.00E-5;0.00E0;0.00E0;4;0;198.435936327061;-1537.67924508298;0;550.657348703823;24;97.8168405737025
5314;3.43E4;0.00E0;2.74E-6;5.00E-5;0.00E0;0.00E0;4;0;578.793364513876;-1632.65382903939;0;158.746742476084;24;96.4748688129555
5326;2.15E4;0.00E0;6.49E-7;5.00E-5;0.00E0;0.00E0;4;0;323.052999756752;-2034.3903574128;0;101.475415825145;31;94.8606700678185
5334;4.48E4;0.00E0;1.81E-6;5.00E-5;0.00E0;0.00E0;4;0;289.745693089884;-4521.32447574251;0;63.0608789992971;61;317.704678566563
5336;4.23E4;0.00E0;1.28E-6;5.00E-5;0.00E0;0.00E0;4;0;1591.31593446767;-2710.17130539126;0;314.68757471533;42;60.0290623698113
5337;4.50E4;0.00E0;1.80E-6;5.00E-5;0.00E0;0.00E0;4;0;-109.315136341289;-4649.16584506003;0;107.590021401823;65;187.07753332211
5341;5.77E4;0.00E0;1.34E-6;5.00E-5;0.00E0;0.00E0;4;0;-390.159853973142;-5635.85917162781;0;247.936156771119;71;104.01373704473
5344;1.53E5;0.00E0;1.05E-5;5.00E-5;0.00E0;0.00E0;4;0;32.9435643491261;-974.359200159059;0;224.658754854182;15;305.424205593801
5346;1.01E5;0.00E0;2.38E-6;5.00E-5;0.00E0;0.00E0;4;0;1372.44380852452;-3650.0108774748;0;552.04406306065;47;82.1816512496186
5347;6.88E4;0.00E0;7.95E-7;5.00E-5;0.00E0;0.00E0;4;0;783.250476404446;-3733.8049001127;0;259.485270636946;50;118.448377627065
5353;1.16E5;0.00E0;3.13E-6;5.00E-5;0.00E0;0.00E0;4;0;692.228271294643;-5406.70736783608;0;750.856724625392;68;69.2390457049644
5372;1.58E4;0.00E0;7.69E-7;5.00E-5;0.00E0;0.00E0;4;0;66.0671433893801;-156.364010485003;0;102.542474413932;1;68.7636238081173
5373;9.89E4;0.00E0;5.74E-6;5.00E-5;0.00E0;0.00E0;4;0;1113.75429553602;-3572.52658049968;0;332.189169949091;48;133.120789013554
5395;5.80E4;0.00E0;2.17E-6;5.00E-5;0.00E0;0.00E0;4;0;585.463224224957;-2102.5849845925;0;52.9065220109015;28;490.347917101682
5402;2.13E4;0.00E0;3.26E-7;5.00E-5;0.00E0;0.00E0;4;0;1201.66960415422;-2958.35312647909;0;35.8614219532265;43;265.650092258685
5405;6.05E4;0.00E0;5.46E-6;5.00E-5;0.00E0;0.00E0;4;0;566.976660857239;529.658235566033;0;424.934430695311;5;63.6289083826836
5415;4.12E4;0.00E0;9.96E-7;5.00E-5;0.00E0;0.00E0;4;0;-175.231280442857;-23.1218588706724;0;176.763277789966;1;104.224279068059
5430;4.62E4;0.00E0;3.08E-6;5.00E-5;0.00E0;0.00E0;4;0;787.413040383993;-862.737703140754;0;330.038843488584;19;62.5290280702937
5439;7.04E4;0.00E0;1.44E-6;5.00E-5;0.00E0;0.00E0;4;0;-459.324449983192;-5194.16878204126;0;372.911887522421;70;84.3437931682324
5441;8.63E4;0.00E0;5.75E-6;5.00E-5;0.00E0;0.00E0;4;0;827.145620731912;-3635.06596624256;0;202.79684825725;50;190.265013344754
5452;2.19E4;0.00E0;5.07E-7;5.00E-5;0.00E0;0.00E0;4;0;961.249244546825;-223.372762317813;0;100.780060267669;9;97.1595659988198
5467;2.66E4;0.00E0;1.25E-6;5.00E-5;0.00E0;0.00E0;4;0;682.38088655833;47.4687060544047;0;42.4408146306527;7;280.418052051248
5469;1.17E5;0.00E0;2.12E-6;5.00E-5;0.00E0;0.00E0;4;0;1477.37560049073;271.627777128849;0;653.224021207009;9;79.9220962273253
5470;8.13E4;0.00E0;2.11E-6;5.00E-5;0.00E0;0.00E0;4;0;32.6460966696477;223.197090763401;0;225.473012874839;1;161.120728374341
5471;5.03E4;0.00E0;1.42E-6;5.00E-5;0.00E0;0.00E0;4;0;556.786592082083;-4123.54065816177;0;291.852243593068;55;76.9745497577365
5474;5.29E4;0.00E0;2.73E-6;5.00E-5;0.00E0;0.00E0;4;0;48.008010104448;-3720.44874278206;0;353.312018427526;55;66.9525945607661
5476;2.85E4;0.00E0;7.91E-7;5.00E-5;0.00E0;0.00E0;4;0;259.395758940183;-799.308950814978;0;53.9364649410278;15;236.182697235934
5484;6.08E4;0.00E0;6.47E-7;5.00E-5;0.00E0;0.00E0;4;0;537.720532128293;-2339.85866189965;0;166.073928627008;29;163.769497998609
5490;3.02E4;0.00E0;1.09E-6;5.00E-5;0.00E0;0.00E0;4;0;520.202854214357;199.650454786736;0;98.8514186622332;5;136.493722120322
5506;7.48E4;0.00E0;1.26E-6;5.00E-5;0.00E0;0.00E0;4;0;-192.904690298194;-4849.04057685832;0;179.074410153025;65;186.618400062858
5511;1.91E4;0.00E0;3.63E-7;5.00E-5;0.00E0;0.00E0;4;0;-76.5872147892073;-5617.44330314438;0;139.591911317912;71;61.1559849168859
5519;4.30E4;0.00E0;1.63E-6;5.00E-5;0.00E0;0.00E0;4;0;366.998338947856;124.907418511423;0;69.7470669481486;4;275.789680953081
5527;2.75E4;0.00E0;1.01E-6;5.00E-5;0.00E0;0.00E0;4;0;312.291881623883;-2412.28748178693;0;196.357563946946;32;62.5870089668967
5529;4.87E4;0.00E0;6.56E-6;5.00E-5;0.00E0;0.00E0;4;0;-91.985384259249;-2133.80575502624;0;283.306933700619;33;76.8789169453266
5531;7.04E4;0.00E0;2.30E-6;5.00E-5;0.00E0;0.00E0;4;0;-532.008917364896;-5283.38930723467;0;404.399650497847;70;77.8389949340343
5542;4.00E4;0.00E0;2.28E-6;5.00E-5;0.00E0;0.00E0;4;0;641.957715375195;-1863.11519043206;0;47.6741398351438;26;374.745685534394
5546;7.56E4;0.00E0;2.66E-6;5.00E-5;0.00E0;0.00E0;4;0;1087.00562482768;-3770.86336717565;0;469.25091428011;49;72.0514783379913
5550;6.41E4;0.00E0;3.84E-6;5.00E-5;0.00E0;0.00E0;4;0;1298.0550730689;-2487.83597704806;0;273.381076213573;41;104.822683850178
5561;1.45E5;0.00E0;3.13E-6;5.00E-5;0.00E0;0.00E0;4;0;463.133223693839;-5467.59762255016;0;565.551199565763;68;114.732231453295
5563;1.04E5;0.00E0;5.76E-6;5.00E-5;0.00E0;0.00E0;4;0;9.96516066353115;-4049.85877154668;0;213.175188554731;57;218.427990425488
5578;3.18E4;0.00E0;8.00E-7;5.00E-5;0.00E0;0.00E0;4;0;1453.95780486996;-2909.48096874908;0;165.502196658843;44;85.9518427040088
5579;4.60E4;0.00E0;7.52E-7;5.00E-5;0.00E0;0.00E0;4;0;980.956208650105;-1819.9085097158;0;274.251803632852;25;75.024388575127
5580;4.27E4;0.00E0;1.35E-6;5.00E-5;0.00E0;0.00E0;4;0;-304.214767520522;-4977.79043170914;0;277.879532973155;66;68.6882801197048
5586;3.66E4;0.00E0;9.57E-7;5.00E-5;0.00E0;0.00E0;4;0;939.410867522193;-2056.16919142235;0;202.930325454824;38;80.7366477236006
5588;1.35E5;0.00E0;2.90E-6;5.00E-5;0.00E0;0.00E0;4;0;522.839327132358;-4815.56477112026;0;270.285729023016;62;222.680865263355
5592;2.69E4;0.00E0;1.71E-6;5.00E-5;0.00E0;0.00E0;4;0;761.933175177173;-1915.90659812973;0;80.8731947910282;26;148.485315876133
5593;5.50E4;0.00E0;2.12E-6;5.00E-5;0.00E0;0.00E0;4;0;647.693663747966;-3393.27270321521;0;98.092359990193;50;250.568275335245
5614;3.97E4;0.00E0;1.47E-6;5.00E-5;0.00E0;0.00E0;4;0;588.750502565354;-1416.97890134183;0;144.701528867814;22;122.590789405833
5623;3.81E4;0.00E0;1.66E-6;5.00E-5;0.00E0;0.00E0;4;0;571.878731894436;-3979.35601821821;0;228.550122288639;54;74.5597325445513
5632;3.27E4;0.00E0;1.57E-6;5.00E-5;0.00E0;0.00E0;4;0;838.738049082246;-197.302538458543;0;138.978970992224;9;105.075716616972
5643;5.47E4;0.00E0;1.27E-6;5.00E-5;0.00E0;0.00E0;4;0;920.497742891994;-998.774199201172;0;321.339599399779;19;76.0668110552823
5654;2.95E4;0.00E0;1.07E-6;5.00E-5;0.00E0;0.00E0;4;0;550.955494771684;-2344.65333407371;0;169.117724930843;29;78.0211308948911
5655;2.58E4;0.00E0;8.35E-7;5.00E-5;0.00E0;0.00E0;4;0;25.7697872220613;-4147.457687868;0;153.743677569839;57;75.1139500084654
5661;7.00E4;0.00E0;1.41E-6;5.00E-5;0.00E0;0.00E0;4;0;1052.69174885578;-1926.38945084933;0;298.210563264613;38;104.972027527842
5667;4.00E4;0.00E0;1.53E-6;5.00E-5;0.00E0;0.00E0;4;0;-207.404645469462;-4659.39720922836;0;180.258096192069;65;99.1043015200112
5668;3.82E4;0.00E0;1.19E-6;5.00E-5;0.00E0;0.00E0;4;0;568.237073226755;-2239.02717008728;0;62.1438949913502;29;274.63924093319
5670;1.29E4;0.00E0;1.34E-6;5.00E-5;0.00E0;0.00E0;4;0;-106.434301975111;-5249.9268496259;0;30.0202275137448;69;192.746270519549
5677;5.39E4;0.00E0;1.74E-6;5.00E-5;0.00E0;0.00E0;4;0;1114.26887157393;-2888.83024863889;0;144.552984660736;43;166.812738818854
5679;1.10E4;0.00E0;1.13E-6;5.00E-5;0.00E0;0.00E0;4;0;-131.02649675523;-5263.1031461493;0;46.112053357315;70;106.270399054599
5704;6.30E4;0.00E0;2.34E-6;5.00E-5;0.00E0;0.00E0;4;0;1129.78549403717;-1262.2269332271;0;417.500177481883;21;67.4121042372165
5708;1.10E5;0.00E0;1.69E-6;5.00E-5;0.00E0;0.00E0;4;0;1908.80400907226;-2560.22972482323;0;665.633187043609;42;74.0372397370021
5709;4.68E4;0.00E0;2.81E-6;5.00E-5;0.00E0;0.00E0;4;0;98.4675098509047;-4940.04984365267;0;68.053118350931;64;307.183320800148
5710;9.03E4;0.00E0;2.43E-6;5.00E-5;0.00E0;0.00E0;4;0;388.878194765259;-2687.03811361166;0;481.582166916075;32;83.8115476831548
5714;9.59E4;0.00E0;4.98E-6;5.00E-5;0.00E0;0.00E0;4;0;65.1338615359698;-193.600297628173;0;139.593494419371;1;307.068903480971
5725;5.80E4;0.00E0;2.52E-6;5.00E-5;0.00E0;0.00E0;4;0;521.250171191679;-4018.56836085957;0;206.001529031801;55;125.934751177558
5732;5.67E4;0.00E0;3.11E-6;5.00E-5;0.00E0;0.00E0;4;0;328.65843656621;-285.60477198166;0;132.630258640969;11;191.172521910504
5734;5.01E4;0.00E0;2.00E-6;5.00E-5;0.00E0;0.00E0;4;0;211.055754523352;-3742.71252096543;0;202.692707548705;54;110.577912070881
5736;2.65E5;0.00E0;6.12E-6;5.00E-5;0.00E0;0.00E0;4;0;2336.9400739271;-333.584500263694;0;1396.35632706718;9;84.8317246726546
5741;4.25E4;0.00E0;9.87E-7;5.00E-5;0.00E0;0.00E0;4;0;840.331004882295;-1214.40053985008;0;158.882834631789;21;119.553761522049
5742;4.81E4;0.00E0;6.52E-7;5.00E-5;0.00E0;0.00E0;4;0;896.43365643585;-2578.33086351215;0;126.761084805246;39;169.789472583495
5743;5.75E4;0.00E0;2.07E-6;5.00E-5;0.00E0;0.00E0;4;0;382.520782507136;-1402.12911283258;0;335.132469068326;21;76.6779898557236
5749;1.18E5;0.00E0;5.92E-6;5.00E-5;0.00E0;0.00E0;4;0;3.16751879632238;-475.390997601536;0;165.907332533513;13;318.570637055944
5757;4.76E4;0.00E0;3.35E-6;5.00E-5;0.00E0;0.00E0;4;0;1253.20092816773;-2523.41948469741;0;217.82867961925;41;97.7667899535907
5763;7.39E4;0.00E0;2.90E-6;5.00E-5;0.00E0;0.00E0;4;0;-84.1667457520984;-336.088777545008;0;258.184324659492;12;128.023157335481
5771;5.33E4;0.00E0;3.35E-6;5.00E-5;0.00E0;0.00E0;4;0;1001.29121180523;-286.602116093261;0;169.885867783253;9;140.248735211038
5786;4.25E4;0.00E0;1.44E-6;5.00E-5;0.00E0;0.00E0;4;0;1356.58198408284;-2292.50828318482;0;311.474849020027;38;61.0648663211545
5788;1.05E5;0.00E0;1.13E-6;5.00E-5;0.00E0;0.00E0;4;0;286.013619735593;649.57059249379;0;595.810401224944;5;79.0433164243049
5801;4.73E4;0.00E0;1.44E-6;5.00E-5;0.00E0;0.00E0;4;0;545.250017402353;-4103.25209434215;0;271.303585363423;55;77.9182336241221
5809;7.25E4;0.00E0;1.83E-6;5.00E-5;0.00E0;0.00E0;4;0;1573.29347359601;-2636.66619897288;0;334.877473930184;42;96.8320529028629
5819;9.24E4;0.00E0;1.10E-6;5.00E-5;0.00E0;0.00E0;4;0;-221.168718039104;-6079.71099280639;0;565.37522386258;71;73.0617519803874
5821;1.14E4;0.00E0;3.00E-6;5.00E-5;0.00E0;0.00E0;4;0;727.11340317399;-1244.63288148751;0;41.9993100168647;21;121.618008319973
5824;5.61E4;0.00E0;1.70E-6;5.00E-5;0.00E0;0.00E0;4;0;974.503588440143;-1187.28671303392;0;294.554409949596;21;85.1498625611587
5825;5.28E4;0.00E0;1.36E-6;5.00E-5;0.00E0;0.00E0;4;0;1628.44523902964;-3163.17658227272;0;308.307119248135;44;76.5389048057267
5843;4.54E4;0.00E0;7.04E-7;5.00E-5;0.00E0;0.00E0;4;0;925.753922135398;-3157.21579608756;0;111.140560072029;47;182.551430352126
5846;1.63E5;0.00E0;6.72E-6;5.00E-5;0.00E0;0.00E0;4;0;376.40847101409;-4482.47435682443;0;152.449695436632;60;478.536773206138
5854;6.17E4;0.00E0;4.08E-6;5.00E-5;0.00E0;0.00E0;4;0;371.845131702991;-3366.00867179184;0;279.711216109337;51;98.6906613806004
5862;7.46E4;0.00E0;1.65E-6;5.00E-5;0.00E0;0.00E0;4;0;600.138472908749;581.296000756533;0;478.923330871835;5;69.606032376997
5864;6.43E4;0.00E0;8.61E-7;5.00E-5;0.00E0;0.00E0;4;0;-69.1046212223453;-5494.93641201536;0;96.0382972097565;71;299.513177761177
5874;3.52E4;0.00E0;1.01E-6;5.00E-5;0.00E0;0.00E0;4;0;1029.19152677736;-3074.36355300073;0;113.554183982207;46;138.468331774357
5880;7.91E4;0.00E0;4.86E-6;5.00E-5;0.00E0;0.00E0;4;0;933.078523188784;-1024.02054429504;0;319.632198927639;19;110.623525098936
5883;2.97E4;0.00E0;8.96E-7;5.00E-5;0.00E0;0.00E0;4;0;1361.42222134288;-3088.46886299676;0;54.091240382285;44;245.367803958154
5886;8.27E4;0.00E0;1.08E-6;5.00E-5;0.00E0;0.00E0;4;0;-214.683228553806;-657.163458551034;0;371.143050849369;14;99.5724774285364
5888;4.14E4;0.00E0;3.58E-6;5.00E-5;0.00E0;0.00E0;4;0;685.907901927887;-3924.37284485219;0;297.739979752408;53;62.1774321444617
5890;5.82E4;0.00E0;1.97E-6;5.00E-5;0.00E0;0.00E0;4;0;1379.26494952204;-3287.85838089033;0;253.65518463158;44;102.512613098694
5891;1.21E5;0.00E0;5.61E-6;5.00E-5;0.00E0;0.00E0;4;0;188.990069517768;-5611.1871013151;0;374.097603562618;71;144.153250901964
5897;4.80E4;0.00E0;1.44E-6;5.00E-5;0.00E0;0.00E0;4;0;313.743422985438;-1166.70684341695;0;197.633687614367;17;108.507504292275
5905;1.29E4;0.00E0;1.93E-6;5.00E-5;0.00E0;0.00E0;4;0;206.887353054929;-4539.29374797472;0;21.7220802051681;61;264.897173281472
5914;5.12E4;0.00E0;3.57E-6;5.00E-5;0.00E0;0.00E0;4;0;609.523800974926;-4235.8745037772;0;371.918752671661;58;61.5428373186731
5919;4.48E4;0.00E0;7.50E-7;5.00E-5;0.00E0;0.00E0;4;0;787.954223633912;-3355.66281751378;0;41.3907328437219;49;484.2022431553
5929;1.06E5;0.00E0;4.74E-6;5.00E-5;0.00E0;0.00E0;4;0;-37.4564269235168;-909.364642350719;0;262.228423344312;15;180.062436413194
5944;7.80E4;0.00E0;1.86E-6;5.00E-5;0.00E0;0.00E0;4;0;452.11945425566;-840.955926935205;0;145.621068274268;17;239.462164082078
5950;1.24E5;0.00E0;3.17E-6;5.00E-5;0.00E0;0.00E0;4;0;579.053068017207;-5457.41865715365;0;663.543889633196;68;83.7490703045126
5954;5.54E4;0.00E0;2.93E-6;5.00E-5;0.00E0;0.00E0;4;0;776.188336129395;-38.4984282323048;0;89.1470037937206;8;277.843781495397
5955;5.26E4;0.00E0;1.42E-6;5.00E-5;0.00E0;0.00E0;4;0;367.590725220824;298.383855624823;0;235.880398373101;4;99.6163265718688
5963;4.04E4;0.00E0;1.61E-6;5.00E-5;0.00E0;0.00E0;4;0;508.166589831031;-1608.63851082146;0;232.907561927872;24;77.5955523622162
5972;4.84E4;0.00E0;8.39E-7;5.00E-5;0.00E0;0.00E0;4;0;761.230509379007;-1213.01272835317;0;85.7851626423589;20;252.285799881873
5975;5.41E4;0.00E0;3.55E-6;5.00E-5;0.00E0;0.00E0;4;0;361.94491613502;-625.814647580111;0;200.81388164989;14;120.516774117487
5976;2.55E4;0.00E0;6.81E-7;5.00E-5;0.00E0;0.00E0;4;0;943.709900221631;-2194.56193574933;0;112.907752023534;38;100.881583954906
5981;4.54E4;0.00E0;6.60E-7;5.00E-5;0.00E0;0.00E0;4;0;1094.42073892469;-126.19738380687;0;137.865107156383;9;147.314111916674
5983;6.19E4;0.00E0;2.47E-6;5.00E-5;0.00E0;0.00E0;4;0;668.036583003567;-4414.89784988967;0;429.161594225211;59;64.4955670029782
6001;4.36E4;0.00E0;1.84E-6;5.00E-5;0.00E0;0.00E0;4;0;391.477893634403;-1967.59208439079;0;175.047510918037;31;111.243773049671
6004;7.59E4;0.00E0;5.73E-6;5.00E-5;0.00E0;0.00E0;4;0;911.289121400797;-2607.80317097279;0;123.007857418882;40;275.682510976421
6006;3.26E4;0.00E0;1.30E-6;5.00E-5;0.00E0;0.00E0;4;0;443.436785430514;-1946.68530095171;0;201.479665692445;31;72.2591092085531
6009;5.89E4;0.00E0;2.01E-6;5.00E-5;0.00E0;0.00E0;4;0;-27.1674486941683;-4375.11542394299;0;264.31450826251;60;99.6719662290061
6011;2.13E4;0.00E0;6.04E-7;5.00E-5;0.00E0;0.00E0;4;0;542.667957224678;-3778.8904870735;0;100.68795200297;53;94.6822109904327
6013;1.84E4;0.00E0;5.84E-7;5.00E-5;0.00E0;0.00E0;4;0;954.099763241902;-3310.72472720416;0;27.4993703040795;47;298.939703055208
6018;3.97E4;0.00E0;1.16E-6;5.00E-5;0.00E0;0.00E0;4;0;447.37972802988;-1.99330341488076;0;74.7829078592762;4;237.547708040248
6020;9.80E4;0.00E0;1.16E-6;5.00E-5;0.00E0;0.00E0;4;0;386.812456462521;-2513.84941191059;0;317.419257116786;32;138.078902113386
6024;1.23E5;0.00E0;1.88E-6;5.00E-5;0.00E0;0.00E0;4;0;-513.623661723268;-960.1180806668;0;731.867155426132;15;75.0366546327625
6025;3.48E4;0.00E0;2.54E-7;5.00E-5;0.00E0;0.00E0;4;0;800.904837784424;-2451.55706415952;0;150.954261207611;36;103.18903588465
6029;2.86E4;0.00E0;2.16E-6;5.00E-5;0.00E0;0.00E0;4;0;820.802312869829;-1946.99024945285;0;145.06748858612;26;88.2775797560565
6030;6.19E4;0.00E0;1.68E-6;5.00E-5;0.00E0;0.00E0;4;0;765.464121548787;-3215.90941578114;0;164.10119824829;48;168.73611389908
6031;5.22E4;0.00E0;2.71E-6;5.00E-5;0.00E0;0.00E0;4;0;1303.47727731539;-2623.86278409147;0;167.808673039924;42;139.104509255458
6040;8.41E3;0.00E0;9.41E-7;5.00E-5;0.00E0;0.00E0;4;0;1387.90908042919;-3081.23415207904;0;60.5059388375252;44;62.1335837560066
6047;3.10E4;0.00E0;1.77E-6;5.00E-5;0.00E0;0.00E0;4;0;620.06806483832;-3378.97146213026;0;125.49735481244;50;110.494900447731
6056;5.41E4;0.00E0;7.31E-7;5.00E-5;0.00E0;0.00E0;4;0;39.1336434558561;-2008.93445982074;0;199.078657744702;33;121.382424756496
6093;3.04E4;0.00E0;3.45E-7;5.00E-5;0.00E0;0.00E0;4;0;-11.3528077521642;-4269.62624420175;0;200.355143606468;57;67.9080434872501
6096;5.68E4;0.00E0;1.12E-6;5.00E-5;0.00E0;0.00E0;4;0;509.363101286782;-1659.0704121875;0;220.761685570133;24;115.017748712629
6101;2.11E4;0.00E0;9.09E-7;5.00E-5;0.00E0;0.00E0;4;0;677.154907836572;-1424.73055858222;0;59.537853044342;22;158.612355227029
6103;4.62E4;0.00E0;1.19E-6;5.00E-5;0.00E0;0.00E0;4;0;917.052465480986;-3376.25634403091;0;55.8950217690412;48;369.567647355097
6107;7.46E4;0.00E0;3.31E-6;5.00E-5;0.00E0;0.00E0;4;0;-153.679194462162;-4456.22172391095;0;299.05421366144;65;111.502131969025
6111;9.02E4;0.00E0;8.19E-7;5.00E-5;0.00E0;0.00E0;4;0;209.565485086896;-1592.78648400484;0;527.798897880881;24;76.4018231683192
6117;4.59E4;0.00E0;1.89E-6;5.00E-5;0.00E0;0.00E0;4;0;604.102963890953;-3964.57694533674;0;248.418993275647;54;82.6197400419787
6119;1.18E5;0.00E0;2.36E-6;5.00E-5;0.00E0;0.00E0;4;0;1759.56745679062;-140.322859734992;0;803.160819419147;9;65.725195976951
6122;4.35E4;0.00E0;1.28E-6;5.00E-5;0.00E0;0.00E0;4;0;177.357590190673;-5341.3632459102;0;256.933754155305;69;75.713847149031
6123;2.90E4;0.00E0;3.30E-6;5.00E-5;0.00E0;0.00E0;4;0;269.099744065571;-1930.56167998625;0;211.31228963109;31;61.4456771489372
6128;7.79E4;0.00E0;2.44E-6;5.00E-5;0.00E0;0.00E0;4;0;296.786160396542;-3892.99766413901;0;50.8813778300914;55;684.812049029783
6129;1.40E5;0.00E0;3.29E-6;5.00E-5;0.00E0;0.00E0;4;0;14.8278511909575;-6429.4972266309;0;932.195414810555;71;67.307173736313
6133;2.02E5;0.00E0;2.75E-6;5.00E-5;0.00E0;0.00E0;4;0;604.789782734619;-4058.90681926235;0;298.210673351353;55;302.476838055419
6137;3.41E4;0.00E0;5.74E-7;5.00E-5;0.00E0;0.00E0;4;0;975.99955110852;-2643.16288717296;0;74.2038481445491;40;205.425599560675
6138;2.29E4;0.00E0;9.63E-7;5.00E-5;0.00E0;0.00E0;4;0;-195.294729713556;-5259.3646868506;0;105.978726659015;70;96.5031425074211
6150;6.82E4;0.00E0;2.52E-6;5.00E-5;0.00E0;0.00E0;4;0;1668.21927358108;-3310.92148168208;0;422.294618653818;44;72.2336745177041
6152;2.08E4;0.00E0;2.64E-6;5.00E-5;0.00E0;0.00E0;4;0;256.40233857679;-2300.03457672895;0;76.7785328763192;32;120.835480490055
6155;5.20E4;0.00E0;2.22E-6;5.00E-5;0.00E0;0.00E0;4;0;895.224563478518;-1110.5948356862;0;249.571588692147;20;93.2247670056349
6162;3.20E4;0.00E0;2.96E-6;5.00E-5;0.00E0;0.00E0;4;0;1308.74669377382;-2604.68087991926;0;186.323721962133;42;76.8192862918243
6163;1.49E5;0.00E0;1.52E-6;5.00E-5;0.00E0;0.00E0;4;0;359.713734774873;-4598.0594177541;0;115.703994418145;61;574.510172408416
6168;4.12E4;0.00E0;2.52E-6;5.00E-5;0.00E0;0.00E0;4;0;240.410141910903;-534.448505541829;0;71.5448197116818;13;257.562941233954
6174;1.53E5;0.00E0;7.63E-6;5.00E-5;0.00E0;0.00E0;4;0;601.914515375526;-2520.50542588041;0;280.86611831741;34;243.859828131368
6178;2.52E4;0.00E0;1.22E-6;5.00E-5;0.00E0;0.00E0;4;0;421.746355389497;-802.093946956744;0;158.340379765528;16;71.1473859386241
6179;5.99E4;0.00E0;2.94E-6;5.00E-5;0.00E0;0.00E0;4;0;426.719782802244;-494.608350089439;0;257.710900894317;13;103.895379811552
6183;1.14E5;0.00E0;1.83E-6;5.00E-5;0.00E0;0.00E0;4;0;925.621059839414;741.523381442644;0;677.18888340963;7;75.3364558250451
6192;7.27E4;0.00E0;2.17E-6;5.00E-5;0.00E0;0.00E0;4;0;188.988207291606;-4674.6638951997;0;64.4458794942051;62;504.109938364745
6194;3.21E4;0.00E0;1.66E-6;5.00E-5;0.00E0;0.00E0;4;0;861.149018030452;-116.601455895916;0;72.3095583798971;9;198.643843673758
6214;5.94E4;0.00E0;1.84E-6;5.00E-5;0.00E0;0.00E0;4;0;-52.9668151912483;39.0739784630223;0;65.7605847658001;1;404.144504878436
6220;4.32E4;0.00E0;2.26E-6;5.00E-5;0.00E0;0.00E0;4;0;-146.728312364615;-5547.68042870787;0;40.7850763617352;71;473.943257851066
6233;4.16E4;0.00E0;1.70E-6;5.00E-5;0.00E0;0.00E0;4;0;615.547630496719;-3983.17228422746;0;267.854354645236;54;69.4188489752212
6235;1.06E5;0.00E0;1.76E-6;5.00E-5;0.00E0;0.00E0;4;0;15.763057563307;-1830.97238403757;0;353.057823112941;33;134.236927870024
6238;3.66E4;0.00E0;1.83E-6;5.00E-5;0.00E0;0.00E0;4;0;264.792916572645;-4217.12893898473;0;47.8923385000735;58;341.554669529202
6244;8.03E4;0.00E0;2.29E-6;5.00E-5;0.00E0;0.00E0;4;0;279.579852926242;-3236.25206773965;0;438.908134775328;51;81.820727216716
6245;4.55E4;0.00E0;7.36E-7;5.00E-5;0.00E0;0.00E0;4;0;397.655424025223;-4600.10950727966;0;152.407741530337;61;133.520938612161
6250;5.93E4;0.00E0;8.58E-6;5.00E-5;0.00E0;0.00E0;4;0;-473.246915051507;-5761.09554402533;0;387.406993544014;71;68.3772157187519
6252;3.72E4;0.00E0;2.69E-6;5.00E-5;0.00E0;0.00E0;4;0;145.354731968499;-1050.48941619317;0;206.424637477291;16;80.5720575366046
6260;5.31E4;0.00E0;1.35E-6;5.00E-5;0.00E0;0.00E0;4;0;388.17068324479;-4208.88718784022;0;157.900555379307;58;150.434171699631
6264;1.13E5;0.00E0;3.59E-6;5.00E-5;0.00E0;0.00E0;4;0;67.1954442547976;-4661.66731042175;0;132.258622960359;65;383.194063685657
6266;4.29E4;0.00E0;8.08E-7;5.00E-5;0.00E0;0.00E0;4;0;335.109850263447;-4709.349635569;0;76.5134038089164;62;250.582776461883
6273;1.57E5;0.00E0;4.94E-7;5.00E-5;0.00E0;0.00E0;4;0;-143.745248994968;-5878.81694092827;0;363.587731610915;71;192.654840155412
6274;9.39E4;0.00E0;2.62E-6;5.00E-5;0.00E0;0.00E0;4;0;1082.50589955572;-1125.38556023171;0;416.849436320008;21;100.746559076934
6275;1.02E5;0.00E0;2.48E-6;5.00E-5;0.00E0;0.00E0;4;0;-135.607222308124;-5692.59298710849;0;180.096418549033;71;254.226575076515
6276;1.75E4;0.00E0;9.97E-7;5.00E-5;0.00E0;0.00E0;4;0;541.511022992729;-2202.45674910324;0;29.3346568273294;29;265.985043557297
6278;1.06E5;0.00E0;4.62E-7;5.00E-5;0.00E0;0.00E0;4;0;-520.070391987278;-123.48660624518;0;534.552955155055;1;88.6680944657788
6285;6.24E4;0.00E0;7.46E-7;5.00E-5;0.00E0;0.00E0;4;0;941.984718167631;-1292.09540791235;0;229.594514261415;21;121.523637659905
6291;1.75E5;0.00E0;4.24E-6;5.00E-5;0.00E0;0.00E0;4;0;-480.124709690029;969.662917197304;0;1081.92975153615;1;72.2205145106046
6302;6.10E4;0.00E0;2.98E-6;5.00E-5;0.00E0;0.00E0;4;0;738.615764365836;-2218.80167715454;0;46.6007365781746;34;585.57332573112
6304;4.02E4;0.00E0;1.52E-6;5.00E-5;0.00E0;0.00E0;4;0;-77.8337293124164;-170.798182753816;0;185.090140620968;1;96.9750373449783
6311;2.78E4;0.00E0;1.03E-6;5.00E-5;0.00E0;0.00E0;4;0;-119.726298573293;-2.22625506659006;0;119.748895747293;1;103.925095832108
6313;9.03E4;0.00E0;4.66E-6;5.00E-5;0.00E0;0.00E0;4;0;1370.01607050435;-267.477387768654;0;438.033491140091;9;92.178771934332
6317;2.04E4;0.00E0;1.58E-6;5.00E-5;0.00E0;0.00E0;4;0;386.97552255872;-4109.81071772016;0;139.746698353246;56;65.3823134445168
6321;4.48E4;0.00E0;1.45E-6;5.00E-5;0.00E0;0.00E0;4;0;1292.68933066723;-2208.73432710448;0;240.612980274687;38;83.1749917538243
6326;9.28E4;0.00E0;3.85E-6;5.00E-5;0.00E0;0.00E0;4;0;435.935907294448;-3427.47597312674;0;192.288243453358;51;215.779164643934
6335;9.06E4;0.00E0;1.76E-6;5.00E-5;0.00E0;0.00E0;4;0;334.488186385495;-2852.0419134995;0;633.25734111401;32;63.9557729012148
6336;6.42E4;0.00E0;1.32E-6;5.00E-5;0.00E0;0.00E0;4;0;169.745812880211;-2273.56001918787;0;101.219453369827;33;283.709299063094
6339;1.03E5;0.00E0;2.99E-6;5.00E-5;0.00E0;0.00E0;4;0;-689.625377545485;-4521.6317950361;0;680.288527277492;65;67.8211577333442
6357;5.11E4;0.00E0;1.13E-6;5.00E-5;0.00E0;0.00E0;4;0;988.180847829231;-3717.66047437887;0;365.392797312516;49;62.4906734601381
6360;5.28E4;0.00E0;1.18E-6;5.00E-5;0.00E0;0.00E0;4;0;-414.8697181689;-5630.50687700511;0;267.525183656783;71;88.1552866095596
6362;4.76E4;0.00E0;1.67E-6;5.00E-5;0.00E0;0.00E0;4;0;110.128976629787;-3988.77174460923;0;159.820549680316;56;133.235834859365
6366;5.41E4;0.00E0;8.89E-7;5.00E-5;0.00E0;0.00E0;4;0;1488.01765089905;-3072.51804724669;0;145.13514657036;44;166.7368654131
6369;4.38E4;0.00E0;3.81E-6;5.00E-5;0.00E0;0.00E0;4;0;926.613759165961;-213.854978281005;0;95.9604330167778;9;204.152258590311
6371;6.39E4;0.00E0;1.42E-6;5.00E-5;0.00E0;0.00E0;4;0;1699.88006741361;-3149.71876479443;0;370.213751596116;44;77.1584142413581
6377;3.00E4;0.00E0;2.04E-6;5.00E-5;0.00E0;0.00E0;4;0;369.303079880703;240.106104157103;0;179.525496590422;4;74.6776819768764
6378;2.29E4;0.00E0;9.89E-7;5.00E-5;0.00E0;0.00E0;4;0;993.812973814878;-2252.92620694472;0;47.8452152942494;38;213.784757042485
6381;5.43E4;0.00E0;6.25E-7;5.00E-5;0.00E0;0.00E0;4;0;809.199506215063;-1155.57409544536;0;152.734642325705;20;158.918416396017
6383;3.80E4;0.00E0;2.13E-6;5.00E-5;0.00E0;0.00E0;4;0;237.169094646415;-4867.437823264;0;83.4784906132684;63;203.763915804334
6386;5.26E4;0.00E0;3.00E-6;5.00E-5;0.00E0;0.00E0;4;0;216.304991400738;-2564.39302089943;0;343.754727481073;32;68.3997799268606
6389;2.51E4;0.00E0;9.38E-7;5.00E-5;0.00E0;0.00E0;4;0;456.170966607436;-874.75852227721;0;121.112369613809;17;92.6176531516354
6392;1.52E5;0.00E0;2.76E-6;5.00E-5;0.00E0;0.00E0;4;0;-1155.98697032635;-5415.51257613398;0;988.250101704912;71;68.8908476470376
6395;4.16E4;0.00E0;5.68E-7;5.00E-5;0.00E0;0.00E0;4;0;485.260267084335;-232.236771946748;0;275.461395092375;10;67.4428244510388
6398;2.23E4;0.00E0;1.79E-6;5.00E-5;0.00E0;0.00E0;4;0;1100.03336235343;-3279.24134891867;0;92.1213167475823;47;108.358073670797
6405;9.82E4;0.00E0;2.68E-6;5.00E-5;0.00E0;0.00E0;4;0;407.348606271729;-1137.30086845734;0;117.724332537652;18;372.870245003298
6429;7.53E4;0.00E0;2.96E-6;5.00E-5;0.00E0;0.00E0;4;0;494.079658718329;-1717.0521127239;0;223.362709157205;25;150.67429134546
6437;2.11E4;0.00E0;5.16E-7;5.00E-5;0.00E0;0.00E0;4;0;1086.93630772092;-2773.3371517417;0;81.6353868161144;41;115.771982860382
6439;2.57E4;0.00E0;1.08E-6;5.00E-5;0.00E0;0.00E0;4;0;659.90359055664;-2368.16149081141;0;119.377306120042;34;96.2491279277526
6444;2.69E4;0.00E0;1.62E-6;5.00E-5;0.00E0;0.00E0;4;0;-277.142128474133;-5319.99075081858;0;154.686627998869;70;77.6649615042984
6449;5.53E4;0.00E0;2.14E-6;5.00E-5;0.00E0;0.00E0;4;0;599.595520871832;-1577.64014769161;0;148.207502836814;23;166.753100747819
6457;6.08E4;0.00E0;1.21E-6;5.00E-5;0.00E0;0.00E0;4;0;-113.380721942716;-616.359639855679;0;271.932348430114;14;99.9945788013632
6459;3.91E4;0.00E0;1.72E-6;5.00E-5;0.00E0;0.00E0;4;0;918.469796633225;-2713.95291453199;0;153.272839839617;40;114.000107977443
6466;6.20E4;0.00E0;1.19E-6;5.00E-5;0.00E0;0.00E0;4;0;672.687294490926;-2324.79391562742;0;77.0092523090964;34;359.86976923193
6469;4.80E4;0.00E0;1.45E-6;5.00E-5;0.00E0;0.00E0;4;0;-170.673439288932;-5236.19458098094;0;93.4035232312493;70;229.623767546118
6473;3.34E4;0.00E0;5.08E-6;5.00E-5;0.00E0;0.00E0;4;0;-106.843288478184;-5500.61441731851;0;60.6293090025194;71;246.606888531565
6477;4.32E4;0.00E0;2.75E-6;5.00E-5;0.00E0;0.00E0;4;0;-272.744332216743;-5429.36009439404;0;117.238753452078;71;164.61481068156
6479;1.40E5;0.00E0;2.60E-6;5.00E-5;0.00E0;0.00E0;4;0;-766.016261853956;-4691.61324755578;0;723.870080456107;65;86.3115117322368
6491;9.10E4;0.00E0;1.81E-6;5.00E-5;0.00E0;0.00E0;4;0;457.028997147478;-4992.0635675466;0;315.426491711519;62;129.023472577336
6494;9.12E4;0.00E0;3.09E-6;5.00E-5;0.00E0;0.00E0;4;0;1008.50397437472;-3920.87193682646;0;541.082865930857;50;75.3138408983889
6498;4.56E4;0.00E0;1.87E-6;5.00E-5;0.00E0;0.00E0;4;0;13.8599312752124;-578.804523718502;0;150.41924138053;14;135.625999102351
6504;3.86E4;0.00E0;1.14E-6;5.00E-5;0.00E0;0.00E0;4;0;19.4449475289443;-332.509956336013;0;157.936776933428;12;109.151722339373
6516;4.65E4;0.00E0;1.10E-6;5.00E-5;0.00E0;0.00E0;4;0;-271.376197604434;-4963.1863786755;0;246.704452620292;66;84.2956726224967
6517;4.84E4;0.00E0;3.31E-6;5.00E-5;0.00E0;0.00E0;4;0;1036.22594184899;-2924.925567077;0;198.808676152872;45;108.738068726976
6519;4.51E4;0.00E0;7.14E-6;5.00E-5;0.00E0;0.00E0;4;0;158.51457935906;-3761.87331514748;0;237.651317239809;54;84.7792524902776
6521;6.22E4;0.00E0;1.15E-6;5.00E-5;0.00E0;0.00E0;4;0;-303.045394404665;-4491.73917233924;0;355.250592941795;65;78.234424453741
6527;3.38E4;0.00E0;1.88E-6;5.00E-5;0.00E0;0.00E0;4;0;266.649733099218;-2471.55034010228;0;248.368173841555;32;60.829727512181
6530;1.41E5;0.00E0;1.29E-5;5.00E-5;0.00E0;0.00E0;4;0;353.505556337984;-104.544876123803;0;124.875780869238;3;503.859228595693
6546;2.96E4;0.00E0;1.17E-6;5.00E-5;0.00E0;0.00E0;4;0;921.808118986162;172.929593915575;0;162.681934108914;8;81.3482946938178
6549;3.62E4;0.00E0;5.61E-7;5.00E-5;0.00E0;0.00E0;4;0;680.536184337515;-202.291746928975;0;267.959853962299;9;60.4166113102933
6554;3.61E4;0.00E0;2.40E-6;5.00E-5;0.00E0;0.00E0;4;0;-193.276312610317;-5294.61427477324;0;89.304664438974;70;180.785973359233
6556;9.08E4;0.00E0;2.91E-6;5.00E-5;0.00E0;0.00E0;4;0;559.95318964288;-3045.56869238146;0;425.768472118499;48;95.3618511231573
6558;5.63E4;0.00E0;1.98E-6;5.00E-5;0.00E0;0.00E0;4;0;83.2677379563563;-446.144909167969;0;85.9121366788543;13;292.859432932539
6570;5.05E4;0.00E0;1.98E-6;5.00E-5;0.00E0;0.00E0;4;0;396.940437371566;-3969.07584340854;0;74.3837030994879;55;303.474707528653
6572;5.11E4;0.00E0;7.88E-7;5.00E-5;0.00E0;0.00E0;4;0;344.893265236083;-4140.6146687718;0;119.634086762017;56;191.113231572036
6582;4.67E4;0.00E0;6.39E-7;5.00E-5;0.00E0;0.00E0;4;0;418.814783556811;-3915.55714189375;0;64.6078279809856;54;323.253378162571
6584;4.29E4;0.00E0;1.55E-6;5.00E-5;0.00E0;0.00E0;4;0;-27.6717988810208;-435.071551676446;0;196.8905361644;13;97.4886726723083
6587;2.25E5;0.00E0;2.39E-6;5.00E-5;0.00E0;0.00E0;4;0;921.487257090519;-3979.93090699203;0;529.19602611172;53;189.812047246783
6596;3.13E4;0.00E0;6.71E-7;5.00E-5;0.00E0;0.00E0;4;0;1040.72559335319;-3031.73017816394;0;140.409113731472;46;99.5639764548566
6598;1.01E4;0.00E0;1.16E-6;5.00E-5;0.00E0;0.00E0;4;0;675.129376242537;119.230584408138;0;28.1093632634871;7;159.894283578768
6601;2.57E4;0.00E0;1.38E-6;5.00E-5;0.00E0;0.00E0;4;0;433.243303666916;-2272.73764878593;0;120.499000973723;30;95.304677387033
6602;5.25E4;0.00E0;7.27E-7;5.00E-5;0.00E0;0.00E0;4;0;-61.8504044493382;-262.781607451676;0;252.172675508061;1;93.120233048335
6603;6.54E4;0.00E0;1.75E-6;5.00E-5;0.00E0;0.00E0;4;0;393.750901315443;-2617.63492529874;0;416.722736019632;32;70.1475424521493
6616;1.01E5;0.00E0;1.30E-6;5.00E-5;0.00E0;0.00E0;4;0;1258.55739878139;-1398.35820065055;0;515.73297730632;22;87.8327633878052
6618;8.25E4;0.00E0;4.13E-6;5.00E-5;0.00E0;0.00E0;4;0;761.567413303898;-4848.81062773715;0;510.248058454397;62;72.3200610321086
6623;1.96E5;0.00E0;1.05E-6;5.00E-5;0.00E0;0.00E0;4;0;-288.867656816573;-3209.67953755593;0;904.980156447277;52;96.6372280469778
6642;1.83E5;0.00E0;4.14E-6;5.00E-5;0.00E0;0.00E0;4;0;-506.571947291873;-1196.28508413017;0;804.266486521279;15;101.820255057188
6647;1.38E5;0.00E0;2.10E-6;5.00E-5;0.00E0;0.00E0;4;0;-664.5013663819;-4286.63140955468;0;765.561591561824;65;80.7463884465958
6648;4.97E4;0.00E0;8.41E-7;5.00E-5;0.00E0;0.00E0;4;0;1125.88538919667;-87.1023528021678;0;172.987674362914;9;128.464037771355
6665;3.75E4;0.00E0;1.60E-6;5.00E-5;0.00E0;0.00E0;4;0;396.331697605468;-282.729245639977;0;198.365430376365;11;84.4153899320149
6669;5.84E4;0.00E0;1.16E-6;5.00E-5;0.00E0;0.00E0;4;0;902.402630610747;-3045.19900846999;0;213.942847088301;47;121.993558114046
6673;7.52E4;0.00E0;1.49E-6;5.00E-5;0.00E0;0.00E0;4;0;1581.60048747139;-2185.50903642697;0;530.44285194358;38;63.3533943882518
6684;1.23E5;0.00E0;2.90E-6;5.00E-5;0.00E0;0.00E0;4;0;1097.85280207065;-1400.46464263473;0;357.740477892263;22;153.313508994508
6686;6.14E4;0.00E0;1.48E-6;5.00E-5;0.00E0;0.00E0;4;0;-190.580645161748;-4986.7587952454;0;163.900914415873;66;167.417075807542
6695;2.64E4;0.00E0;1.50E-6;5.00E-5;0.00E0;0.00E0;4;0;823.874712277481;-3292.82568082524;0;67.5645428245639;48;174.43951753509
6703;4.85E4;0.00E0;4.18E-6;5.00E-5;0.00E0;0.00E0;4;0;786.7047518431;233.922381853559;0;154.238283602313;7;140.534651335487
6705;4.16E4;0.00E0;2.05E-6;5.00E-5;0.00E0;0.00E0;4;0;-46.2448951117992;-874.991803994332;0;260.367371578409;15;71.4463473683003
6706;7.43E4;0.00E0;2.21E-6;5.00E-5;0.00E0;0.00E0;4;0;1116.04711559857;205.356803126437;0;325.65531040121;8;101.963191864553
6707;1.33E5;0.00E0;1.70E-6;5.00E-5;0.00E0;0.00E0;4;0;-42.1652362607201;-5573.67281746387;0;142.729653787204;71;417.061889318308
6714;2.42E4;0.00E0;8.63E-7;5.00E-5;0.00E0;0.00E0;4;0;375.023940287277;-4051.10554573708;0;99.1808187561594;56;108.945509335627
6725;4.04E4;0.00E0;1.21E-6;5.00E-5;0.00E0;0.00E0;4;0;498.226682289407;-3796.13515569916;0;71.0035876347644;53;254.499837436373
6735;2.84E4;0.00E0;1.21E-6;5.00E-5;0.00E0;0.00E0;4;0;481.039585583541;-2263.58006194174;0;100.55886895735;30;126.152667151046
6736;9.16E4;0.00E0;2.45E-6;5.00E-5;0.00E0;0.00E0;4;0;-658.652309080449;-5790.78361134341;0;557.890376284478;71;73.3802353329858
6741;7.16E4;0.00E0;1.33E-6;5.00E-5;0.00E0;0.00E0;4;0;451.773553942406;-32.3128213617183;0;105.0990304446;4;304.552182420983
6745;6.68E4;0.00E0;2.09E-6;5.00E-5;0.00E0;0.00E0;4;0;303.082622451369;-3442.88494568444;0;277.859817163316;51;107.413455120244
6754;1.03E5;0.00E0;3.94E-6;5.00E-5;0.00E0;0.00E0;4;0;-54.4223809940263;-3602.4265249702;0;502.421820426219;54;91.5121985444456
6755;2.92E4;0.00E0;8.42E-7;5.00E-5;0.00E0;0.00E0;4;0;611.521654904766;-3879.90399044194;0;211.079799122999;53;61.911668575119
6763;2.96E4;0.00E0;9.35E-7;5.00E-5;0.00E0;0.00E0;4;0;-39.6950325990601;-338.295417451561;0;214.182440781444;12;61.8279676898788
6766;2.40E4;0.00E0;6.93E-7;5.00E-5;0.00E0;0.00E0;4;0;202.95064465107;-4378.09559521742;0;36.6370732777691;59;292.91041712539
6774;6.13E4;0.00E0;2.05E-6;5.00E-5;0.00E0;0.00E0;4;0;863.419832350044;-3911.37691310688;0;444.142910274218;52;61.7306461426764
6779;1.22E4;0.00E0;1.45E-6;5.00E-5;0.00E0;0.00E0;4;0;653.014191429558;-1460.80273695041;0;90.2887153300417;22;60.1613043358595
6780;1.22E4;0.00E0;3.48E-6;5.00E-5;0.00E0;0.00E0;4;0;46.6463178766626;-5184.53631269475;0;70.1572582148004;68;78.0004321438896
6782;2.36E4;0.00E0;4.27E-7;5.00E-5;0.00E0;0.00E0;4;0;1223.16589056067;-3087.21043714232;0;41.6626632506765;45;253.527482151085
6789;6.67E4;0.00E0;4.72E-6;5.00E-5;0.00E0;0.00E0;4;0;464.471016806112;-2465.96095558838;0;301.424521713418;29;98.9564980412695
6795;4.84E4;0.00E0;6.75E-7;5.00E-5;0.00E0;0.00E0;4;0;761.929653996014;-1834.38272282339;0;63.2882585123595;25;341.922279763747
6800;3.53E4;0.00E0;1.47E-6;5.00E-5;0.00E0;0.00E0;4;0;908.047961025742;-1414.47657251119;0;168.877086104798;22;93.4482211155045
6811;7.48E3;0.00E0;4.38E-7;5.00E-5;0.00E0;0.00E0;4;0;342.610307103629;-2199.90840986364;0;55.5203888078228;32;60.1908149818829
6822;2.30E4;0.00E0;3.33E-6;5.00E-5;0.00E0;0.00E0;4;0;173.958794665965;-175.700385271178;0;40.9045261714918;11;251.630818989436
6830;7.22E4;0.00E0;3.42E-6;5.00E-5;0.00E0;0.00E0;4;0;672.922798889846;300.836653348753;0;208.344002198124;6;155.020577679032
6838;2.26E4;0.00E0;2.47E-6;5.00E-5;0.00E0;0.00E0;4;0;496.681590291726;249.076888173071;0;152.839086339991;5;65.9639532317701
6840;1.05E5;0.00E0;1.35E-6;5.00E-5;0.00E0;0.00E0;4;0;-138.756907380085;-4012.89683264655;0;359.330087017332;57;130.416074434301
6844;4.24E4;0.00E0;1.28E-6;5.00E-5;0.00E0;0.00E0;4;0;1174.09832454574;-3297.01371406207;0;151.33057359478;46;125.159933071065
6854;5.18E4;0.00E0;2.28E-6;5.00E-5;0.00E0;0.00E0;4;0;595.035084731977;-2490.2854528233;0;257.426261051369;34;89.9877333214345
6858;1.73E5;0.00E0;5.11E-6;5.00E-5;0.00E0;0.00E0;4;0;273.784669040814;-3721.01347050984;0;160.344565138076;54;483.327724894564
6860;1.01E5;0.00E0;2.82E-6;5.00E-5;0.00E0;0.00E0;4;0;357.601276889715;-1950.31597082349;0;188.537917295884;31;238.941233296646
6861;4.24E4;0.00E0;1.65E-6;5.00E-5;0.00E0;0.00E0;4;0;521.020051839364;-4150.23704095591;0;275.399124857452;56;68.8559909670024
6867;4.69E4;0.00E0;1.39E-6;5.00E-5;0.00E0;0.00E0;4;0;293.778974968814;-3786.96383032573;0;109.017512304514;54;192.358585462603
6868;2.53E4;0.00E0;2.29E-6;5.00E-5;0.00E0;0.00E0;4;0;805.127197911618;-2144.94819201483;0;138.017297989547;35;81.9273404651771
6869;2.60E4;0.00E0;1.39E-6;5.00E-5;0.00E0;0.00E0;4;0;6.21720920835151;-4764.24960050876;0;36.8853424102282;65;315.667965339708
6872;8.61E4;0.00E0;1.35E-6;5.00E-5;0.00E0;0.00E0;4;0;1157.01689278175;-3559.155712189;0;348.170967457354;47;110.521793314677
6880;5.50E4;0.00E0;2.15E-6;5.00E-5;0.00E0;0.00E0;4;0;492.522445857756;-2416.66137024482;0;248.076476044571;29;99.1844013538289
6883;1.11E5;0.00E0;9.94E-7;5.00E-5;0.00E0;0.00E0;4;0;527.572468355942;-2988.00956075373;0;490.887505867884;48;100.969848288071
6884;7.54E4;0.00E0;4.41E-6;5.00E-5;0.00E0;0.00E0;4;0;819.089143486003;-4124.76678729286;0;515.326683751852;54;65.415081979095
6893;2.50E4;0.00E0;1.64E-6;5.00E-5;0.00E0;0.00E0;4;0;919.943255216428;-1431.17971736262;0;177.262812054725;22;63.0000921411995
6894;4.46E4;0.00E0;2.54E-6;5.00E-5;0.00E0;0.00E0;4;0;-280.329022005103;-5174.43327299083;0;218.878341967651;69;91.1798801757762
6898;5.50E4;0.00E0;1.96E-6;5.00E-5;0.00E0;0.00E0;4;0;1049.59288813236;-1890.39209795569;0;334.221430358142;38;73.5317034916033
6902;3.35E4;0.00E0;2.50E-6;5.00E-5;0.00E0;0.00E0;4;0;476.969339498857;-126.73213236738;0;202.784445349018;4;73.7716510337441
6903;5.60E4;0.00E0;4.10E-6;5.00E-5;0.00E0;0.00E0;4;0;458.529230149617;-1098.27514054241;0;55.7371936476848;18;448.885545079962
6910;3.40E4;0.00E0;8.84E-7;5.00E-5;0.00E0;0.00E0;4;0;149.668869026969;-876.9101335359;0;74.4681596633991;15;204.251244359569
6923;4.80E4;0.00E0;8.15E-7;5.00E-5;0.00E0;0.00E0;4;0;1371.27088635968;-3084.97797760254;0;54.2618294689621;44;395.539697815042
6924;4.39E4;0.00E0;3.20E-6;5.00E-5;0.00E0;0.00E0;4;0;86.3915518546414;-4177.70735616514;0;87.7829338480132;57;223.817449506867
6930;6.24E4;0.00E0;7.46E-7;5.00E-5;0.00E0;0.00E0;4;0;1178.83184116526;-3678.46802793873;0;455.489347452511;48;61.2055867100823
6936;3.50E4;0.00E0;4.77E-7;5.00E-5;0.00E0;0.00E0;4;0;869.52809809118;-1242.84409374839;0;177.191743862613;21;88.4009385847902
6938;8.16E4;0.00E0;4.81E-7;5.00E-5;0.00E0;0.00E0;4;0;435.006036790197;143.992680949915;0;68.7532010567345;5;530.776552974173
6943;5.11E4;0.00E0;2.56E-6;5.00E-5;0.00E0;0.00E0;4;0;478.118454348064;-71.8761193640958;0;150.524177229483;4;151.677320070117
6953;3.85E4;0.00E0;7.39E-7;5.00E-5;0.00E0;0.00E0;4;0;1484.00891237408;-2886.65754868458;0;191.111474473671;42;90.154471599569
6963;3.24E4;0.00E0;1.57E-6;5.00E-5;0.00E0;0.00E0;4;0;108.348621207874;-4156.79500420309;0;73.4183001000801;57;197.276787084018
6964;5.32E4;0.00E0;1.15E-6;5.00E-5;0.00E0;0.00E0;4;0;513.93352886014;-239.955774005653;0;305.069869861318;10;77.8902825258314
6969;3.74E4;0.00E0;2.01E-6;5.00E-5;0.00E0;0.00E0;4;0;-62.2056175326877;-2155.79397827581;0;254.179317319674;33;65.8151346604169
6984;3.70E4;0.00E0;3.58E-6;5.00E-5;0.00E0;0.00E0;4;0;-92.7151490545029;-5189.3912945633;0;52.109205070867;69;317.755055227177
6990;2.95E4;0.00E0;9.29E-7;5.00E-5;0.00E0;0.00E0;4;0;67.2301265777894;-748.979192272896;0;114.478861629156;15;115.055166466652
6991;2.83E4;0.00E0;2.63E-6;5.00E-5;0.00E0;0.00E0;4;0;612.463749546776;-3774.98858151101;0;158.82863118045;52;79.5471072589466
6992;6.80E4;0.00E0;1.52E-6;5.00E-5;0.00E0;0.00E0;4;0;810.855992450785;-842.320871642162;0;360.404115106732;19;84.2895107473213
6999;4.28E4;0.00E0;8.32E-7;5.00E-5;0.00E0;0.00E0;4;0;418.323990245278;-4675.15095463146;0;163.204241926188;62;117.144869168505
7004;2.89E4;0.00E0;1.11E-6;5.00E-5;0.00E0;0.00E0;4;0;68.3508424780186;-5378.3011539187;0;183.235729367602;70;70.4274059877271
7005;1.22E5;0.00E0;3.40E-6;5.00E-5;0.00E0;0.00E0;4;0;304.549382921808;303.049582243633;0;258.295491977752;4;210.910873585399
7006;1.10E5;0.00E0;1.25E-6;5.00E-5;0.00E0;0.00E0;4;0;992.895130734353;426.420840162222;0;404.327203551884;7;122.111095591365
7011;3.65E4;0.00E0;1.05E-6;5.00E-5;0.00E0;0.00E0;4;0;36.8281779596609;-973.848376017461;0;221.182142573202;15;73.694060269449
7016;1.13E5;0.00E0;7.39E-6;5.00E-5;0.00E0;0.00E0;4;0;-195.226069959518;-3687.14563933575;0;577.127817502039;55;87.2484532714802
7024;8.15E4;0.00E0;6.70E-7;5.00E-5;0.00E0;0.00E0;4;0;583.428353632288;-1855.36227681364;0;106.496222292326;26;342.217618992554
7038;2.71E4;0.00E0;1.87E-6;5.00E-5;0.00E0;0.00E0;4;0;92.0107783176902;-5066.49516758337;0;119.389988267556;67;101.312153402972
7042;3.07E4;0.00E0;7.24E-7;5.00E-5;0.00E0;0.00E0;4;0;264.876069232935;130.519552695294;0;117.024889747834;3;117.200568904954
7049;5.58E4;0.00E0;2.04E-6;5.00E-5;0.00E0;0.00E0;4;0;577.411991047265;-66.5489984401565;0;167.411772498058;6;148.951119615186
7054;1.09E4;0.00E0;1.58E-6;5.00E-5;0.00E0;0.00E0;4;0;675.662718799027;-1121.54436186185;0;55.6070306391479;19;87.7303745745652
7056;3.11E4;0.00E0;1.41E-6;5.00E-5;0.00E0;0.00E0;4;0;738.666462489538;34.3585574793387;0;49.3617550584702;7;281.804460561836
7058;4.33E4;0.00E0;1.16E-5;5.00E-5;0.00E0;0.00E0;4;0;115.922980231028;-2190.43791035927;0;92.2243602667014;33;209.82960829764
7059;3.00E4;0.00E0;2.32E-6;5.00E-5;0.00E0;0.00E0;4;0;998.145015128759;158.635497149751;0;207.402246906571;8;64.6060922497276
7065;5.51E4;0.00E0;2.07E-6;5.00E-5;0.00E0;0.00E0;4;0;465.851244413492;-3430.72370323413;0;172.057209565201;51;143.260362661302
7079;4.46E4;0.00E0;9.48E-7;5.00E-5;0.00E0;0.00E0;4;0;364.299051961112;336.441136122831;0;273.300585086686;4;73.0275244618894
7082;3.71E4;0.00E0;7.11E-7;5.00E-5;0.00E0;0.00E0;4;0;283.312637729613;-1067.55124632468;0;136.932645556292;17;121.179008068358
7088;4.81E4;0.00E0;3.98E-7;5.00E-5;0.00E0;0.00E0;4;0;23.3394984766242;-5527.63246128085;0;193.533004661042;71;111.060290897175
7093;5.23E4;0.00E0;4.95E-6;5.00E-5;0.00E0;0.00E0;4;0;546.989507123558;-4802.54903545009;0;290.745684266877;62;80.3874539007735
7100;4.75E4;0.00E0;1.95E-6;5.00E-5;0.00E0;0.00E0;4;0;790.369663748558;-1025.43017560021;0;202.855741273957;19;104.724747951962
7103;3.40E4;0.00E0;1.20E-6;5.00E-5;0.00E0;0.00E0;4;0;278.210857690047;-4247.54930078841;0;41.4124922531868;58;366.998352484522
7119;3.26E4;0.00E0;1.20E-6;5.00E-5;0.00E0;0.00E0;4;0;372.013022210806;-4240.09414521382;0;134.987551167189;58;107.812239703093
7122;1.07E5;0.00E0;2.18E-6;5.00E-5;0.00E0;0.00E0;4;0;338.373957330247;-1290.23721415985;0;281.33514261338;18;169.502564377634
7143;2.99E4;0.00E0;1.97E-6;5.00E-5;0.00E0;0.00E0;4;0;223.844392701256;-4188.87542823425;0;38.1775443214306;58;349.949430823074
7145;5.56E4;0.00E0;2.98E-6;5.00E-5;0.00E0;0.00E0;4;0;315.515521335889;-1963.93035642823;0;171.913535115705;31;144.628011972716
7165;2.75E4;0.00E0;4.33E-7;5.00E-5;0.00E0;0.00E0;4;0;1140.18208139874;-2825.45545668474;0;91.4319635127984;42;134.514487551266
7167;4.26E4;0.00E0;3.00E-6;5.00E-5;0.00E0;0.00E0;4;0;-197.89718421842;178.278921498636;0;266.291238286197;1;71.5545796491565
7168;3.45E4;0.00E0;8.93E-7;5.00E-5;0.00E0;0.00E0;4;0;656.999525902656;-2347.95906341769;0;104.844737034074;34;146.969470128335
7170;9.13E4;0.00E0;5.31E-6;5.00E-5;0.00E0;0.00E0;4;0;1584.70942651035;-2906.37079429044;0;270.414375876252;44;150.910477124822
7186;3.73E4;0.00E0;1.12E-6;5.00E-5;0.00E0;0.00E0;4;0;-5.99845181433307;-4154.14298538336;0;182.932612129264;57;91.1749520592569
7189;5.51E4;0.00E0;1.97E-6;5.00E-5;0.00E0;0.00E0;4;0;1349.26415982783;-3467.6208818803;0;393.263134342643;46;62.6055878723269
7191;7.21E4;0.00E0;3.41E-6;5.00E-5;0.00E0;0.00E0;4;0;1559.90708213065;-2193.64843890027;0;508.25040552313;38;63.4343670939456
7196;3.97E4;0.00E0;3.13E-6;5.00E-5;0.00E0;0.00E0;4;0;1131.90435824261;-2877.04203334328;0;133.620487071153;43;132.739600623094
7197;6.44E4;0.00E0;1.35E-6;5.00E-5;0.00E0;0.00E0;4;0;704.233802389155;-870.403003911634;0;274.181220921703;18;104.944602789102
7206;6.14E4;0.00E0;1.86E-6;5.00E-5;0.00E0;0.00E0;4;0;673.190680779026;-2489.02601192898;0;227.046053385246;35;120.986954376905
7212;8.62E4;0.00E0;1.50E-6;5.00E-5;0.00E0;0.00E0;4;0;651.587132768474;-4847.3324102585;0;402.864649945218;62;95.7043843393113
7218;5.70E4;0.00E0;1.90E-6;5.00E-5;0.00E0;0.00E0;4;0;1447.63708961437;-2581.71772861355;0;287.923174022461;42;88.4458103847339
7221;3.35E4;0.00E0;2.22E-6;5.00E-5;0.00E0;0.00E0;4;0;989.291796877809;-1575.51111929563;0;240.208434593893;23;62.4255587748426
7224;1.65E5;0.00E0;1.29E-5;5.00E-5;0.00E0;0.00E0;4;0;1423.6365729367;-4167.07837319419;0;989.093358701105;49;74.5187250763821
7226;4.13E4;0.00E0;1.92E-6;5.00E-5;0.00E0;0.00E0;4;0;257.982132568866;-2012.85913989682;0;137.428561524515;31;134.428713152475
7235;2.67E4;0.00E0;3.76E-7;5.00E-5;0.00E0;0.00E0;4;0;-52.5018438748832;70.9096430184527;0;88.1501511891121;1;135.578707915584
7250;2.12E4;0.00E0;2.98E-6;5.00E-5;0.00E0;0.00E0;4;0;539.251726279666;-1298.81763726322;0;151.98075797095;20;62.3352085451795
7252;3.25E4;0.00E0;1.06E-6;5.00E-5;0.00E0;0.00E0;4;0;318.502438661265;-1209.63647503231;0;228.993186832533;17;63.5113847652563
7261;6.13E4;0.00E0;2.07E-6;5.00E-5;0.00E0;0.00E0;4;0;404.493036544297;-4491.0040563267;0;181.594260523784;61;150.919421693594
7266;2.11E4;0.00E0;1.41E-6;5.00E-5;0.00E0;0.00E0;4;0;570.914915105526;-1775.78978372849;0;135.810754473994;25;69.5293018903385
7271;6.26E4;0.00E0;1.66E-6;5.00E-5;0.00E0;0.00E0;4;0;-147.625648007383;-1084.82525528133;0;436.16095230818;15;64.1613161155452
7272;1.01E5;0.00E0;2.33E-6;5.00E-5;0.00E0;0.00E0;4;0;950.990642242467;-3702.09201989145;0;329.748202801959;49;136.876560196763
7295;7.70E4;0.00E0;3.15E-6;5.00E-5;0.00E0;0.00E0;4;0;204.143910325305;-2367.52118875099;0;154.301464215826;32;223.006137497586
7308;2.90E4;0.00E0;1.24E-6;5.00E-5;0.00E0;0.00E0;4;0;233.786449343672;-1027.34277690975;0;134.678779487026;16;96.247872394632
7309;3.56E4;0.00E0;1.52E-6;5.00E-5;0.00E0;0.00E0;4;0;886.525824756303;-1062.39453498004;0;260.938799486718;19;61.0015694977513
7345;3.70E4;0.00E0;1.42E-6;5.00E-5;0.00E0;0.00E0;4;0;883.796565108332;-1154.44552726243;0;221.547033968697;20;74.7024079832378
7360;1.03E5;0.00E0;5.66E-6;5.00E-5;0.00E0;0.00E0;4;0;764.992766862109;454.296603467667;0;370.951936438989;7;124.423250598843
7361;1.72E5;0.00E0;6.36E-6;5.00E-5;0.00E0;0.00E0;4;0;826.940788968313;-553.493528392479;0;449.882845983486;9;170.753593041752
7363;3.47E4;0.00E0;8.30E-7;5.00E-5;0.00E0;0.00E0;4;0;523.773961394733;-4070.8653979991;0;235.908534054312;55;65.8449433226253
7367;5.25E4;0.00E0;6.08E-6;5.00E-5;0.00E0;0.00E0;4;0;655.481124720448;-1740.12513677263;0;60.7415438278514;25;386.553811776814
7376;3.07E4;0.00E0;1.17E-6;5.00E-5;0.00E0;0.00E0;4;0;679.100737462282;-48.7377707560272;0;138.434623626754;7;99.2091286569379
7378;3.63E4;0.00E0;2.24E-6;5.00E-5;0.00E0;0.00E0;4;0;612.504505415482;-3602.40997911039;0;53.0561715779414;51;305.962998374893
7394;9.88E3;0.00E0;2.85E-7;5.00E-5;0.00E0;0.00E0;4;0;579.457571079651;136.491898268144;0;34.5867215696044;6;127.647526991166
7396;4.52E4;0.00E0;1.34E-6;5.00E-5;0.00E0;0.00E0;4;0;467.450277037822;-718.320658105414;0;252.740017530357;16;79.9778944602293
7397;5.02E4;0.00E0;1.42E-6;5.00E-5;0.00E0;0.00E0;4;0;248.525613694781;-5437.47886600439;0;369.411959180036;69;60.760238086433
7421;4.85E4;0.00E0;7.15E-7;5.00E-5;0.00E0;0.00E0;4;0;-0.0657090854238049;-3871.26632050916;0;314.880971988422;56;68.8645264248424
7426;5.78E4;0.00E0;4.48E-6;5.00E-5;0.00E0;0.00E0;4;0;795.847700354965;-2730.08302323484;0;273.186809248226;40;94.6563300466379
7429;2.60E4;0.00E0;1.57E-6;5.00E-5;0.00E0;0.00E0;4;0;4.46634777685699;-720.400517401909;0;165.865338636908;15;69.9456445949987
7431;2.76E4;0.00E0;6.83E-7;5.00E-5;0.00E0;0.00E0;4;0;185.412133081941;-5011.31131444535;0;173.936260922469;64;70.9920576353218
7435;3.40E4;0.00E0;2.62E-6;5.00E-5;0.00E0;0.00E0;4;0;-3.20479291038419;127.919354145629;0;127.859524446965;1;118.72640124183
7448;4.10E4;0.00E0;1.54E-6;5.00E-5;0.00E0;0.00E0;4;0;-176.580364940524;-5364.63052942625;0;44.677851759821;70;410.276900898082
7449;3.87E4;0.00E0;2.01E-6;5.00E-5;0.00E0;0.00E0;4;0;428.835376636917;-4334.08907372557;0;189.709485449333;59;91.1260111087139
7460;1.06E5;0.00E0;1.46E-6;5.00E-5;0.00E0;0.00E0;4;0;1068.99887976784;-3267.1756231404;0;63.5592781083907;47;743.45524782678
7469;3.58E4;0.00E0;1.19E-6;5.00E-5;0.00E0;0.00E0;4;0;1200.52630712249;-2155.91462605752;0;163.094674752167;38;97.9996796410312
7470;7.83E4;0.00E0;1.48E-6;5.00E-5;0.00E0;0.00E0;4;0;-455.430371149187;-5917.89486886596;0;490.939446721682;71;71.3398844205493
7471;6.56E4;0.00E0;2.73E-6;5.00E-5;0.00E0;0.00E0;4;0;122.02356264996;-5208.72100770665;0;148.311637975023;68;197.800740018772
7478;2.85E4;0.00E0;3.40E-6;5.00E-5;0.00E0;0.00E0;4;0;-25.6365561709765;178.521217905573;0;180.253610258479;1;70.6102736532957
7480;1.46E5;0.00E0;3.15E-6;5.00E-5;0.00E0;0.00E0;4;0;475.914863770081;-4067.66605974038;0;193.654542609855;55;336.013735942587
7490;3.08E4;0.00E0;2.04E-6;5.00E-5;0.00E0;0.00E0;4;0;428.914734355687;-1936.12083689656;0;210.40256723638;31;65.3822964652018
7491;4.16E4;0.00E0;1.62E-6;5.00E-5;0.00E0;0.00E0;4;0;-237.953780443617;-9.99222578888021;0;238.167702782688;1;78.0333916343194
7496;5.50E4;0.00E0;1.57E-6;5.00E-5;0.00E0;0.00E0;4;0;919.097814374385;-506.721449127414;0;385.848269811616;9;63.7654207171108
7503;8.16E4;0.00E0;1.93E-6;5.00E-5;0.00E0;0.00E0;4;0;-504.285817145665;-5467.50894852456;0;334.972976103557;71;108.909813347105
7505;7.49E4;0.00E0;2.13E-6;5.00E-5;0.00E0;0.00E0;4;0;400.708897903786;-739.802376456495;0;195.389083289638;16;171.48514493356
7510;2.62E4;0.00E0;1.74E-6;5.00E-5;0.00E0;0.00E0;4;0;1154.39535865514;-2273.33166715742;0;111.62960237185;38;105.055234229947
7511;3.43E4;0.00E0;6.96E-7;5.00E-5;0.00E0;0.00E0;4;0;416.199726239678;-3929.88852185504;0;69.8963383475561;55;219.215113636937
7527;1.43E5;0.00E0;6.05E-6;5.00E-5;0.00E0;0.00E0;4;0;154.633403326221;-2633.5172755444;0;423.285482454027;32;151.086932509559
7532;8.55E4;0.00E0;1.92E-6;5.00E-5;0.00E0;0.00E0;4;0;-624.788268919492;-5255.6034565874;0;501.236064455449;70;76.2231780385784
7533;1.50E4;0.00E0;1.44E-6;5.00E-5;0.00E0;0.00E0;4;0;1224.21889421278;-2652.47526759835;0;97.4136956952782;42;69.0212283693274
7540;2.60E4;0.00E0;8.63E-7;5.00E-5;0.00E0;0.00E0;4;0;829.06891512606;-1758.75426655379;0;112.84502021215;25;102.921282153049
7542;2.32E4;0.00E0;6.14E-7;5.00E-5;0.00E0;0.00E0;4;0;1307.56858655497;-2904.1199433638;0;36.839551424048;43;281.814222411436
7545;1.40E5;0.00E0;4.62E-6;5.00E-5;0.00E0;0.00E0;4;0;429.093501510147;-1611.10602307451;0;309.54734848263;24;202.03629279181
7546;4.90E4;0.00E0;2.21E-6;5.00E-5;0.00E0;0.00E0;4;0;1000.52979244378;-2169.72805885263;0;75.6454654307019;38;289.414783746634
7547;9.91E4;0.00E0;5.94E-6;5.00E-5;0.00E0;0.00E0;4;0;207.055587812298;-5762.06556368935;0;452.457531590085;71;97.8808608804983
7553;5.03E4;0.00E0;4.17E-6;5.00E-5;0.00E0;0.00E0;4;0;1209.23503072107;-1989.6714624802;0;282.357841382497;38;79.5925431244316
7555;3.85E4;0.00E0;2.53E-6;5.00E-5;0.00E0;0.00E0;4;0;721.9940500143;-3778.42044553058;0;254.305140960805;52;67.6284645804223
7562;4.53E4;0.00E0;1.47E-6;5.00E-5;0.00E0;0.00E0;4;0;-97.235717817359;-4801.67653414514;0;73.1240581943343;65;276.996898836967
7566;5.56E4;0.00E0;1.31E-6;5.00E-5;0.00E0;0.00E0;4;0;1211.91761668656;-127.645210423761;0;255.365503732674;9;97.3424358487723
7568;6.65E4;0.00E0;1.51E-6;5.00E-5;0.00E0;0.00E0;4;0;292.953320279747;-645.284049375586;0;131.896314813984;15;225.452553302673
7570;2.25E4;0.00E0;1.15E-6;5.00E-5;0.00E0;0.00E0;4;0;363.045314754389;-3967.4354466914;0;44.7903743260201;55;224.625933653212
7576;2.72E4;0.00E0;1.42E-6;5.00E-5;0.00E0;0.00E0;4;0;64.1413458091849;-346.463052939615;0;111.229810066198;12;109.337506327392
7577;5.06E4;0.00E0;8.38E-7;5.00E-5;0.00E0;0.00E0;4;0;-408.627039369499;-5757.83547727945;0;337.428995166484;71;67.0234913991082
7581;7.18E4;0.00E0;1.65E-6;5.00E-5;0.00E0;0.00E0;4;0;-173.561661906266;-352.681371777138;0;344.453036117816;12;93.182030291944
7596;2.51E4;0.00E0;2.96E-6;5.00E-5;0.00E0;0.00E0;4;0;1023.85907002906;-2847.83615255574;0;179.143952611052;41;62.7415895629786
7601;3.54E4;0.00E0;9.40E-7;5.00E-5;0.00E0;0.00E0;4;0;-44.1708276091217;-760.982297898775;0;224.390966212266;15;70.569803167286
7602;3.50E4;0.00E0;7.80E-7;5.00E-5;0.00E0;0.00E0;4;0;1008.96800638159;-179.033701695444;0;76.9148492756322;9;203.314290138344
7618;8.41E4;0.00E0;3.19E-6;5.00E-5;0.00E0;0.00E0;4;0;886.582507904405;-4184.37165016305;0;603.956033261052;54;62.2204675195053
7628;3.79E4;0.00E0;2.11E-6;5.00E-5;0.00E0;0.00E0;4;0;178.109562360771;-2201.75143480345;0;50.2306317178873;33;337.697221068102
7632;6.80E4;0.00E0;2.04E-6;5.00E-5;0.00E0;0.00E0;4;0;1101.25186152002;-3341.19358378013;0;141.804895371178;47;214.414096044231
7633;7.69E4;0.00E0;2.52E-6;5.00E-5;0.00E0;0.00E0;4;0;-189.995424197368;-5255.02797156638;0;102.99831808851;70;333.874504952435
7645;3.84E4;0.00E0;1.09E-6;5.00E-5;0.00E0;0.00E0;4;0;508.006712141422;-1684.68849966532;0;216.622397524952;25;79.2315678835034
7649;7.43E4;0.00E0;4.10E-6;5.00E-5;0.00E0;0.00E0;4;0;1352.37446930787;-2289.79192290381;0;306.781223774713;38;108.271045559268
7650;3.60E4;0.00E0;1.69E-6;5.00E-5;0.00E0;0.00E0;4;0;807.757313687842;-269.224619207364;0;208.862656553254;9;77.1195061291979
7659;4.75E4;0.00E0;2.21E-6;5.00E-5;0.00E0;0.00E0;4;0;802.409426363072;-2120.39736928012;0;161.307310732353;35;131.594560183876
7661;1.15E5;0.00E0;3.24E-6;5.00E-5;0.00E0;0.00E0;4;0;14.7552702705632;-2949.87581865047;0;766.529783014464;32;66.9942790797932
7662;3.24E4;0.00E0;2.84E-6;5.00E-5;0.00E0;0.00E0;4;0;718.183348422437;-185.965937828081;0;228.107315537015;9;63.5212099808951
7663;4.93E4;0.00E0;2.61E-6;5.00E-5;0.00E0;0.00E0;4;0;555.257148685587;-248.175378825577;0;341.36232787738;5;64.5106824496421
7667;2.43E4;0.00E0;9.99E-7;5.00E-5;0.00E0;0.00E0;4;0;509.412842068866;-3864.6244461158;0;115.598501854132;54;94.0170811385696
7674;3.72E4;0.00E0;2.13E-6;5.00E-5;0.00E0;0.00E0;4;0;422.369325776473;140.511420689071;0;68.9464781906966;4;241.218686990486
7676;2.85E4;0.00E0;7.65E-7;5.00E-5;0.00E0;0.00E0;4;0;-65.2500901050385;-4901.27820222323;0;75.8828792759703;65;167.611281451709
7680;5.18E4;0.00E0;1.40E-6;5.00E-5;0.00E0;0.00E0;4;0;496.413239567439;-1212.60448002457;0;124.330355359864;19;186.314012405599
7681;1.59E4;0.00E0;4.01E-7;5.00E-5;0.00E0;0.00E0;4;0;763.144630342164;-3563.29579366438;0;107.422116619776;50;66.1079033880313
7684;2.55E4;0.00E0;2.44E-6;5.00E-5;0.00E0;0.00E0;4;0;-123.791102236446;121.645878892986;0;173.486707470004;1;65.7373426599822
7687;2.10E5;0.00E0;2.57E-6;5.00E-5;0.00E0;0.00E0;4;0;930.744563665163;-4620.57688847393;0;678.4784624879;62;138.420532341611
7690;4.13E4;0.00E0;3.89E-6;5.00E-5;0.00E0;0.00E0;4;0;64.8550849680269;-5318.93826803731;0;150.830323824395;69;122.461612400866
7695;4.37E4;0.00E0;1.10E-6;5.00E-5;0.00E0;0.00E0;4;0;195.306971799725;-1921.29822022401;0;216.038942529807;33;90.3813938044234
7698;7.86E4;0.00E0;6.69E-6;5.00E-5;0.00E0;0.00E0;4;0;-357.285690292384;-4130.50770377382;0;533.86969590587;57;65.7947086882376
7699;5.26E4;0.00E0;3.39E-6;5.00E-5;0.00E0;0.00E0;4;0;504.914523302227;-3260.19636865711;0;288.553107990794;50;81.5088200154972
7703;9.07E4;0.00E0;5.02E-6;5.00E-5;0.00E0;0.00E0;4;0;1159.4690626846;-3566.17427284934;0;355.218704554763;47;114.098714718671
7705;2.09E4;0.00E0;4.11E-7;5.00E-5;0.00E0;0.00E0;4;0;-30.6249895857404;93.1623657849877;0;97.9719036899129;1;95.2025806286956
7709;3.70E4;0.00E0;1.43E-6;5.00E-5;0.00E0;0.00E0;4;0;331.146814965073;-4279.17925651064;0;92.6192840428261;59;178.631224174859
7710;2.98E4;0.00E0;5.47E-7;5.00E-5;0.00E0;0.00E0;4;0;416.011751229273;-164.376621700976;0;196.458756510443;10;67.8442209529646
7713;4.75E4;0.00E0;3.83E-7;5.00E-5;0.00E0;0.00E0;4;0;-442.641632974984;-5696.4090046814;0;324.289670397318;71;65.4374802078347
7716;3.88E4;0.00E0;1.15E-6;5.00E-5;0.00E0;0.00E0;4;0;568.869925215234;29.5041079743569;0;72.9141584367731;6;237.774794897424
7722;6.88E4;0.00E0;3.50E-6;5.00E-5;0.00E0;0.00E0;4;0;467.519731844403;-773.005966954885;0;209.131812704719;16;147.062316655407
7727;9.94E4;0.00E0;9.83E-7;5.00E-5;0.00E0;0.00E0;4;0;612.535620657374;726.285904485937;0;624.41653237258;5;71.146257859441
7728;7.04E4;0.00E0;3.08E-6;5.00E-5;0.00E0;0.00E0;4;0;1076.36946436531;395.945744285188;0;429.72516028563;7;73.2204950363943
7740;9.37E4;0.00E0;4.77E-6;5.00E-5;0.00E0;0.00E0;4;0;763.46412015744;-5064.04931542951;0;594.724543351044;62;70.4698985570782
7741;1.16E5;0.00E0;2.82E-6;5.00E-5;0.00E0;0.00E0;4;0;1267.7002030363;-1975.1443288845;0;329.387657932026;38;157.24930652501
7743;5.48E4;0.00E0;4.83E-6;5.00E-5;0.00E0;0.00E0;4;0;1031.55566879051;-1397.85903527118;0;293.244131557488;22;83.5115069219712
7746;7.27E4;0.00E0;1.83E-6;5.00E-5;0.00E0;0.00E0;4;0;385.925689281082;-546.445407357553;0;217.102309275125;13;149.731635832599
7748;9.86E4;0.00E0;3.11E-6;5.00E-5;0.00E0;0.00E0;4;0;-651.608948438247;-4409.28632614936;0;689.555668829921;65;63.908286913295
7753;1.72E5;0.00E0;3.35E-6;5.00E-5;0.00E0;0.00E0;4;0;1502.2032865555;-294.930638950867;0;572.141887378981;9;134.441033009942
7754;6.16E4;0.00E0;3.27E-6;5.00E-5;0.00E0;0.00E0;4;0;-155.67227151961;-2013.315776525;0;368.458742431464;33;74.7268856986871
7759;5.02E4;0.00E0;1.92E-6;5.00E-5;0.00E0;0.00E0;4;0;-300.879007367841;-4946.73088225945;0;278.454116283469;66;80.5744000181897
7762;6.51E4;0.00E0;1.57E-6;5.00E-5;0.00E0;0.00E0;4;0;345.092664413852;-2451.0302975035;0;243.460541498839;32;119.622981254938
7763;9.01E4;0.00E0;1.63E-6;5.00E-5;0.00E0;0.00E0;4;0;1350.45872709324;437.822541759323;0;655.057667185722;8;61.457069713194
7783;5.82E4;0.00E0;6.40E-6;5.00E-5;0.00E0;0.00E0;4;0;-160.974645774685;-5615.60334461875;0;99.9175542982614;71;260.562010648139
7793;1.69E4;0.00E0;1.73E-6;5.00E-5;0.00E0;0.00E0;4;0;333.765959016205;-2021.06472935845;0;115.617046344922;31;65.2572985178588
7796;1.10E5;0.00E0;3.11E-6;5.00E-5;0.00E0;0.00E0;4;0;1212.66204979141;-4023.95278539837;0;744.550654919473;49;66.2192271753402
7798;1.32E5;0.00E0;1.54E-6;5.00E-5;0.00E0;0.00E0;4;0;1165.83137967923;-2591.09126696606;0;110.920247723643;41;533.182020553976
7811;6.73E4;0.00E0;2.39E-6;5.00E-5;0.00E0;0.00E0;4;0;-283.36757184583;-725.093004162924;0;446.04891381689;14;67.416397432581
7822;4.73E4;0.00E0;2.53E-6;5.00E-5;0.00E0;0.00E0;4;0;571.626949409431;-4771.99056788864;0;310.690374668342;62;67.9979965214835
7825;3.59E4;0.00E0;3.01E-6;5.00E-5;0.00E0;0.00E0;4;0;10.4946377893077;-4223.89771110813;0;165.821003033204;57;96.7057213729754
7826;6.76E4;0.00E0;1.68E-6;5.00E-5;0.00E0;0.00E0;4;0;-282.269930501465;-5606.33028456677;0;141.595331067642;71;213.318774316138
7831;4.20E4;0.00E0;1.72E-6;5.00E-5;0.00E0;0.00E0;4;0;514.255559564987;-1179.84552667946;0;87.3905249378576;19;215.059684192101
7832;2.36E4;0.00E0;2.42E-6;5.00E-5;0.00E0;0.00E0;4;0;298.510871976151;-393.452758883705;0;127.66494207539;12;82.5778949398587
7835;2.18E4;0.00E0;8.84E-7;5.00E-5;0.00E0;0.00E0;4;0;421.864795268425;-23.8464447317638;0;88.470405247067;4;110.026125330374
7848;4.07E4;0.00E0;1.09E-6;5.00E-5;0.00E0;0.00E0;4;0;403.964328242526;-1269.05443924882;0;224.90225132181;18;80.9522223649132
7849;3.36E4;0.00E0;2.83E-6;5.00E-5;0.00E0;0.00E0;4;0;246.307799053057;-4810.78794377312;0;43.7529770990416;63;343.570903738862
7850;4.90E4;0.00E0;3.69E-6;5.00E-5;0.00E0;0.00E0;4;0;666.858074160242;-1583.76863904914;0;80.6739914241895;23;271.391053784655
7854;8.26E4;0.00E0;3.45E-6;5.00E-5;0.00E0;0.00E0;4;0;603.176752267682;-4390.16533146793;0;363.481538596594;59;101.553090405267
7855;1.95E4;0.00E0;1.22E-6;5.00E-5;0.00E0;0.00E0;4;0;281.569067831543;-605.044749011671;0;118.465240824739;14;73.4025892341362
7857;4.45E4;0.00E0;1.03E-6;5.00E-5;0.00E0;0.00E0;4;0;231.588301187221;-386.110279833618;0;60.8468510594253;12;326.918714926577
7859;4.56E4;0.00E0;5.42E-6;5.00E-5;0.00E0;0.00E0;4;0;288.712954261561;98.6303678554532;0;77.2126748855381;3;263.736441746132
7860;5.06E4;0.00E0;2.25E-6;5.00E-5;0.00E0;0.00E0;4;0;-189.18638200824;-62.2636775351466;0;199.200189289758;1;113.667618887561
7868;2.54E4;0.00E0;1.52E-6;5.00E-5;0.00E0;0.00E0;4;0;668.618412290192;-2353.93073466335;0;102.695821661684;34;110.533817349715
7871;3.13E4;0.00E0;1.70E-6;5.00E-5;0.00E0;0.00E0;4;0;380.595304587241;-4400.5478975379;0;141.426651833487;59;98.8175817462876
7874;5.82E4;0.00E0;6.06E-7;5.00E-5;0.00E0;0.00E0;4;0;-367.772043184264;-4528.23638268489;0;384.237210661666;65;67.6789384581496
7875;6.58E4;0.00E0;1.30E-6;5.00E-5;0.00E0;0.00E0;4;0;71.4579684693201;-233.676989313655;0;129.759399714668;11;226.767509600808
7878;1.81E4;0.00E0;7.19E-7;5.00E-5;0.00E0;0.00E0;4;0;222.346362896267;117.334191794816;0;131.585415510336;3;61.3412626930726
7889;2.95E4;0.00E0;2.40E-6;5.00E-5;0.00E0;0.00E0;4;0;80.7865297839321;-360.557854078735;0;91.7901510432846;12;143.883136841109
7891;5.09E4;0.00E0;2.03E-6;5.00E-5;0.00E0;0.00E0;4;0;838.491333622828;143.987467336002;0;83.4440707077926;7;272.544586847801
7909;1.51E5;0.00E0;1.37E-6;5.00E-5;0.00E0;0.00E0;4;0;179.043301574304;-5663.37931961644;0;381.401373775624;71;176.488153681658
7910;5.43E4;0.00E0;4.46E-6;5.00E-5;0.00E0;0.00E0;4;0;1055.50849870843;-2026.53008025833;0;198.091273081902;38;122.61336333669
7912;4.61E4;0.00E0;1.42E-6;5.00E-5;0.00E0;0.00E0;4;0;289.18748424056;-1923.91983398562;0;214.023365216965;31;96.2750954038792
7919;6.17E4;0.00E0;2.90E-6;5.00E-5;0.00E0;0.00E0;4;0;461.52977156094;-4113.31308087299;0;205.386921053186;56;134.299948111837
7935;3.88E4;0.00E0;4.66E-6;5.00E-5;0.00E0;0.00E0;4;0;871.388119417179;-1615.52228767271;0;125.673441511075;23;138.080293340194
7945;3.69E4;0.00E0;1.94E-6;5.00E-5;0.00E0;0.00E0;4;0;546.767572714226;-889.058790911376;0;164.38201552055;17;100.44621332831
7951;4.85E4;0.00E0;1.93E-6;5.00E-5;0.00E0;0.00E0;4;0;841.764279706766;-2840.43181285862;0;288.989088809881;40;74.9912839153787
7955;5.09E4;0.00E0;2.00E-6;5.00E-5;0.00E0;0.00E0;4;0;88.5264416964958;-4107.07863496833;0;116.266460258842;57;195.857997249659
7961;4.34E4;0.00E0;3.62E-6;5.00E-5;0.00E0;0.00E0;4;0;1203.15275909988;-169.228139657222;0;250.904624907008;9;77.3780817444402
7965;4.85E4;0.00E0;3.01E-6;5.00E-5;0.00E0;0.00E0;4;0;1399.04314541532;-2648.42026137082;0;205.403589981582;42;105.517011569783
7970;1.22E5;0.00E0;3.81E-7;5.00E-5;0.00E0;0.00E0;4;0;1132.62519877798;-4230.55869025553;0;838.222331580004;54;65.1044418233922
7971;4.61E4;0.00E0;9.37E-7;5.00E-5;0.00E0;0.00E0;4;0;552.902621070717;-1343.70958939663;0;155.014072240318;21;132.963026954029
7974;9.51E3;0.00E0;8.40E-7;5.00E-5;0.00E0;0.00E0;4;0;696.763659181187;-3507.58024418367;0;23.9516877799605;50;177.412760431763
7984;3.82E4;0.00E0;4.76E-7;5.00E-5;0.00E0;0.00E0;4;0;1025.71619801951;-1950.8869875396;0;275.030092897256;38;62.0452066483402
7990;3.45E4;0.00E0;2.62E-6;5.00E-5;0.00E0;0.00E0;4;0;432.430263265103;-299.221858444251;0;237.030829635573;11;65.1387325645616
8001;6.70E4;0.00E0;3.39E-6;5.00E-5;0.00E0;0.00E0;4;0;1799.44155976975;-3128.83628197784;0;461.337895891712;44;64.9567627701366
8005;3.60E4;0.00E0;3.40E-6;5.00E-5;0.00E0;0.00E0;4;0;268.762071316674;-171.266084195171;0;52.0378745174129;10;309.221492425419
8017;5.39E4;0.00E0;7.45E-7;5.00E-5;0.00E0;0.00E0;4;0;495.50756488903;-352.063943604851;0;309.870215548213;12;77.7230988352496
8042;3.71E4;0.00E0;1.07E-6;5.00E-5;0.00E0;0.00E0;4;0;322.386029358838;-2351.86402474707;0;143.340493849594;32;115.828486906419
8051;1.93E4;0.00E0;1.26E-6;5.00E-5;0.00E0;0.00E0;4;0;1089.72797817387;-3309.66449320929;0;109.833132687061;47;78.6311273394206
8057;9.45E4;0.00E0;1.92E-6;5.00E-5;0.00E0;0.00E0;4;0;972.351799223722;-1260.91625056446;0;268.47807713289;21;157.293523208903
8061;4.15E4;0.00E0;9.23E-7;5.00E-5;0.00E0;0.00E0;4;0;248.948324280101;-3819.05929895143;0;130.6710109362;54;141.88950256935
8063;3.97E4;0.00E0;1.42E-6;5.00E-5;0.00E0;0.00E0;4;0;898.371497832608;25.6454942175251;0;43.3936945311596;8;408.673795530451
8073;6.13E4;0.00E0;2.73E-6;5.00E-5;0.00E0;0.00E0;4;0;721.429166002183;-173.261943618232;0;217.836823826847;9;125.874530564353
8081;2.27E5;0.00E0;4.12E-6;5.00E-5;0.00E0;0.00E0;4;0;844.58978989094;-4159.48518284365;0;555.14575694248;54;183.125327900958
8092;2.55E4;0.00E0;1.21E-6;5.00E-5;0.00E0;0.00E0;4;0;603.572014688509;-1436.98307299236;0;134.094367770101;22;85.1380228199038
8095;2.55E4;0.00E0;6.48E-7;5.00E-5;0.00E0;0.00E0;4;0;280.250078941373;-4248.13982330578;0;43.2345280957445;58;263.203956936986
8096;8.49E4;0.00E0;2.02E-6;5.00E-5;0.00E0;0.00E0;4;0;1156.83630602251;417.377778918668;0;501.604179515341;8;75.6465716517977
8104;3.61E4;0.00E0;2.12E-6;5.00E-5;0.00E0;0.00E0;4;0;976.835510334257;-2790.53622875108;0;162.39742878899;41;99.3212100997144
8107;2.12E5;0.00E0;7.71E-6;5.00E-5;0.00E0;0.00E0;4;0;-936.848726363173;-4344.31599798171;0;974.812885465602;65;97.306293811521
8111;3.70E4;0.00E0;1.56E-6;5.00E-5;0.00E0;0.00E0;4;0;539.597026615125;-55.9571141119777;0;152.242629662087;5;108.589920217373
8120;3.47E4;0.00E0;1.33E-6;5.00E-5;0.00E0;0.00E0;4;0;-18.3542699449947;-606.749998259117;0;178.866594256714;14;86.8243293961542
8122;5.02E4;0.00E0;1.69E-6;5.00E-5;0.00E0;0.00E0;4;0;-392.624097199655;-5436.88684577084;0;232.144005425476;71;96.740930718266
8127;4.35E4;0.00E0;1.53E-6;5.00E-5;0.00E0;0.00E0;4;0;70.6856183648695;215.728267641385;0;226.91850177905;1;85.7858435382156
8149;5.02E4;0.00E0;2.57E-6;5.00E-5;0.00E0;0.00E0;4;0;494.501374258507;-643.312242138694;0;324.863115021611;15;69.1227893278545
8150;4.04E4;0.00E0;3.56E-6;5.00E-5;0.00E0;0.00E0;4;0;135.410090175856;-4316.57680367786;0;103.509689617891;59;174.581373340864
8157;5.91E4;0.00E0;6.41E-7;5.00E-5;0.00E0;0.00E0;4;0;-100.033176580678;-5616.51601452973;0;123.825644842008;71;213.195613980924
8158;2.16E4;0.00E0;7.13E-7;5.00E-5;0.00E0;0.00E0;4;0;958.548134676725;-242.274284793164;0;119.590153493151;9;80.7938524083384
8164;3.32E4;0.00E0;2.17E-6;5.00E-5;0.00E0;0.00E0;4;0;574.846692544335;-1732.51209635904;0;141.154552660929;25;105.169177402799
8165;9.59E4;0.00E0;4.16E-6;5.00E-5;0.00E0;0.00E0;4;0;352.14221335162;-3478.68707730724;0;217.310339397446;52;197.256156110629
8167;6.64E4;0.00E0;1.64E-6;5.00E-5;0.00E0;0.00E0;4;0;731.124169492761;361.361884107157;0;274.889135359753;7;107.956630424252
8187;2.45E4;0.00E0;1.34E-6;5.00E-5;0.00E0;0.00E0;4;0;527.801799212848;-2106.58210160524;0;62.992723205353;30;173.710928516929
8193;3.85E4;0.00E0;1.59E-6;5.00E-5;0.00E0;0.00E0;4;0;211.399209025484;-528.350912566008;0;42.5122821147207;13;404.42831695569
8194;4.93E4;0.00E0;9.45E-7;5.00E-5;0.00E0;0.00E0;4;0;355.099982575417;-2086.10175558345;0;53.2851553187634;31;413.728840175293
8196;7.98E4;0.00E0;3.30E-6;5.00E-5;0.00E0;0.00E0;4;0;453.204320662979;-5249.78230936709;0;481.718129685766;68;74.0242964769713
8202;4.66E4;0.00E0;9.39E-7;5.00E-5;0.00E0;0.00E0;4;0;22.5502948975468;-1884.11549595434;0;304.267737463262;33;68.4601674151944
8212;5.92E4;0.00E0;3.05E-6;5.00E-5;0.00E0;0.00E0;4;0;274.951247178144;-4903.01424692876;0;134.632606850182;63;196.571676229005
8217;3.29E4;0.00E0;3.58E-7;5.00E-5;0.00E0;0.00E0;4;0;1134.88041695346;-2337.29147698961;0;111.805171182065;38;131.505521560495
8219;1.28E5;0.00E0;1.56E-6;5.00E-5;0.00E0;0.00E0;4;0;-662.456228956084;-978.225337987705;0;879.328166392797;15;64.907354678705
8225;3.25E4;0.00E0;1.48E-6;5.00E-5;0.00E0;0.00E0;4;0;980.621663654304;-289.579934320701;0;168.599978658367;9;86.2528545600065
8227;4.24E4;0.00E0;2.11E-6;5.00E-5;0.00E0;0.00E0;4;0;265.649240618466;-426.719214421732;0;96.3987831024275;13;196.409926810421
8231;2.07E4;0.00E0;1.84E-6;5.00E-5;0.00E0;0.00E0;4;0;541.926507615968;-1181.89694001577;0;72.5498562003376;19;127.773300551437
8235;3.58E4;0.00E0;6.49E-7;5.00E-5;0.00E0;0.00E0;4;0;-5.31109856421517;-5374.96249256417;0;115.017146419573;70;139.104330021172
8236;8.50E4;0.00E0;1.21E-5;5.00E-5;0.00E0;0.00E0;4;0;488.992963366391;-551.795657704138;0;320.188044562199;13;118.721478208388
8238;4.77E4;0.00E0;7.04E-7;5.00E-5;0.00E0;0.00E0;4;0;1195.13293623513;-2383.75916496074;0;183.065899782301;37;116.606085788283
8240;2.75E4;0.00E0;5.80E-7;5.00E-5;0.00E0;0.00E0;4;0;635.518514340732;-3599.42458712387;0;64.1863053293133;51;191.51930709161
8247;1.36E5;0.00E0;4.17E-6;5.00E-5;0.00E0;0.00E0;4;0;731.651204085983;-5615.76708900614;0;872.140738167854;68;69.500101081418
8248;5.12E4;0.00E0;1.81E-6;5.00E-5;0.00E0;0.00E0;4;0;1351.53527085775;-3077.1874613705;0;41.1856212833291;44;556.217144165237
8251;3.04E4;0.00E0;1.43E-6;5.00E-5;0.00E0;0.00E0;4;0;662.127301701451;-3242.68218919872;0;208.572428108792;49;65.0704443246374
8259;9.50E4;0.00E0;5.20E-6;5.00E-5;0.00E0;0.00E0;4;0;346.33740359293;-668.839838456593;0;175.827599517837;15;241.572465614419
8267;1.72E4;0.00E0;9.14E-7;5.00E-5;0.00E0;0.00E0;4;0;1336.75170323194;-2818.58349830479;0;38.0475176636555;42;202.645063099054
8269;6.21E4;0.00E0;2.71E-6;5.00E-5;0.00E0;0.00E0;4;0;828.121814111954;-384.744476246765;0;291.845767110857;9;95.1201541230296
8272;5.28E4;0.00E0;1.66E-6;5.00E-5;0.00E0;0.00E0;4;0;792.674586641883;-2331.50119975829;0;46.481513068895;35;507.486292300379
8285;3.31E4;0.00E0;9.21E-7;5.00E-5;0.00E0;0.00E0;4;0;971.715181800829;-3340.46366008696;0;61.7925892534437;47;239.251494801758
8289;4.59E4;0.00E0;1.63E-6;5.00E-5;0.00E0;0.00E0;4;0;-300.862765345995;-5227.79869283697;0;215.023014353978;70;95.4461857397678
8310;5.73E4;0.00E0;6.74E-7;5.00E-5;0.00E0;0.00E0;4;0;-270.10841009803;-4516.13664242348;0;314.56053650565;65;81.5052594354402
8311;6.38E4;0.00E0;1.37E-6;5.00E-5;0.00E0;0.00E0;4;0;44.6144389765525;-4756.32187643884;0;75.7435601167969;65;376.789944169953
8315;3.86E4;0.00E0;1.20E-6;5.00E-5;0.00E0;0.00E0;4;0;1028.97812319985;-294.55546459643;0;186.474913673629;9;92.6356924371376
8318;6.17E4;0.00E0;2.27E-6;5.00E-5;0.00E0;0.00E0;4;0;612.453130267656;-4998.18650457752;0;432.767875854517;62;63.7136435536723
8331;6.99E4;0.00E0;2.71E-6;5.00E-5;0.00E0;0.00E0;4;0;-52.311493542551;-2139.18518244565;0;243.618787655808;33;128.258691206871
8333;6.06E4;0.00E0;1.48E-6;5.00E-5;0.00E0;0.00E0;4;0;284.096366101488;-3722.51117604431;0;150.753808914041;54;179.653130632224
8334;3.53E4;0.00E0;1.87E-6;5.00E-5;0.00E0;0.00E0;4;0;238.495440641354;-1948.75032150091;0;194.366640346128;33;81.2866377297148
8335;9.26E4;0.00E0;1.43E-6;5.00E-5;0.00E0;0.00E0;4;0;1902.71679665032;-2662.97992947894;0;624.896656699052;42;66.273769381368
8342;1.37E5;0.00E0;1.10E-6;5.00E-5;0.00E0;0.00E0;4;0;1142.75556648394;426.757854695838;0;498.060195567379;7;122.669419101525
8343;3.45E4;0.00E0;1.85E-6;5.00E-5;0.00E0;0.00E0;4;0;793.848241566487;-1302.37895790707;0;86.2201117559474;21;179.038804181147
8353;3.12E4;0.00E0;2.95E-6;5.00E-5;0.00E0;0.00E0;4;0;230.394906009581;-288.410377691833;0;37.2248481008978;12;375.148311290249
8356;6.84E4;0.00E0;2.29E-6;5.00E-5;0.00E0;0.00E0;4;0;553.882055314424;-672.156087304749;0;341.654148027725;16;89.5113186134429
8361;2.79E4;0.00E0;1.17E-6;5.00E-5;0.00E0;0.00E0;4;0;1087.36792125544;-2508.49111932498;0;76.4445488636159;39;162.899771549413
8362;2.67E4;0.00E0;6.51E-7;5.00E-5;0.00E0;0.00E0;4;0;503.728155733354;292.000376312812;0;192.328767785861;5;62.1605708523908
8368;7.43E4;0.00E0;3.41E-6;5.00E-5;0.00E0;0.00E0;4;0;-91.8565988615617;-4014.34190871832;0;318.467798513186;57;104.29201106584
8372;2.71E4;0.00E0;8.36E-7;5.00E-5;0.00E0;0.00E0;4;0;753.804477653262;-2418.78265807446;0;140.314493715939;35;86.4369360242531
8375;3.72E4;0.00E0;3.02E-6;5.00E-5;0.00E0;0.00E0;4;0;-11.3722283448985;139.965130486326;0;140.326698469983;1;118.463474527774
8378;3.13E4;0.00E0;1.33E-6;5.00E-5;0.00E0;0.00E0;4;0;130.85161461918;-2337.15966022017;0;171.423542435579;32;81.7391457417335
8387;6.94E4;0.00E0;7.75E-7;5.00E-5;0.00E0;0.00E0;4;0;-51.0879683324599;-2357.18212388302;0;326.4632590748;33;95.0278333018087
8404;3.73E4;0.00E0;4.35E-6;5.00E-5;0.00E0;0.00E0;4;0;925.12512081668;-2635.4987327583;0;119.428770045018;40;139.478091393189
8414;7.96E4;0.00E0;2.57E-6;5.00E-5;0.00E0;0.00E0;4;0;1671.0428002321;-2864.48190861414;0;366.288201408718;44;97.1531605621532
8423;2.83E4;0.00E0;1.31E-6;5.00E-5;0.00E0;0.00E0;4;0;298.339806176014;-1076.97408509302;0;135.377806152398;17;93.3898137287024
8424;6.86E3;0.00E0;1.12E-6;5.00E-5;0.00E0;0.00E0;4;0;1101.18090349038;-3220.37106614837;0;46.1536176172175;46;66.4178669445516
8425;5.79E4;0.00E0;1.78E-6;5.00E-5;0.00E0;0.00E0;4;0;-5.64681564778493;-3727.30633089467;0;395.137272344924;55;65.4533168764598
8436;1.20E5;0.00E0;5.96E-6;5.00E-5;0.00E0;0.00E0;4;0;127.097979767781;-4936.84408863836;0;80.0651320084279;64;668.147546631697
8459;8.92E4;0.00E0;4.90E-6;5.00E-5;0.00E0;0.00E0;4;0;899.698086441518;-4710.33642468552;0;638.386283154292;62;62.4848044019508
8467;5.92E4;0.00E0;3.05E-6;5.00E-5;0.00E0;0.00E0;4;0;516.109858151959;450.48696006125;0;346.958933649943;5;76.3209716843258
8468;4.68E4;0.00E0;2.62E-6;5.00E-5;0.00E0;0.00E0;4;0;328.198540471851;-1281.80341463139;0;280.737431940539;18;74.6028536333111
8473;4.84E4;0.00E0;1.26E-6;5.00E-5;0.00E0;0.00E0;4;0;1039.38459708078;-339.377868752827;0;231.953849550063;9;93.2770632175266
8475;2.16E4;0.00E0;1.08E-6;5.00E-5;0.00E0;0.00E0;4;0;451.646573395956;-868.923050927737;0;123.035142967519;17;78.4714048629003
8478;8.71E4;0.00E0;3.28E-6;5.00E-5;0.00E0;0.00E0;4;0;-566.331161879544;-5725.75135154692;0;445.66362599208;71;87.391137388851
8479;1.09E5;0.00E0;3.72E-6;5.00E-5;0.00E0;0.00E0;4;0;1188.7555312743;-508.893829663582;0;450.601669738889;9;108.578850169562
8489;4.49E4;0.00E0;2.98E-6;5.00E-5;0.00E0;0.00E0;4;0;103.878014530387;-455.337202567944;0;65.2691427406538;13;307.324669164279
8490;2.61E4;0.00E0;3.14E-6;5.00E-5;0.00E0;0.00E0;4;0;852.927338701822;-2435.2769637949;0;100.080473129123;36;116.798080365827
8496;5.32E4;0.00E0;2.82E-6;5.00E-5;0.00E0;0.00E0;4;0;784.267701052838;-1400.25080993343;0;50.2962052879385;22;473.045693782794
8500;2.08E4;0.00E0;4.54E-7;5.00E-5;0.00E0;0.00E0;4;0;745.037661122685;-1922.48456759993;0;65.7978195435888;26;141.622537972587
8501;3.15E4;0.00E0;2.04E-6;5.00E-5;0.00E0;0.00E0;4;0;1554.03313066855;-3013.61155665532;0;207.764703057296;44;67.8694674211032
8503;7.28E4;0.00E0;7.61E-7;5.00E-5;0.00E0;0.00E0;4;0;-168.273198611767;-5023.17816693869;0;141.127557017181;67;230.539033516208
8510;1.25E5;0.00E0;1.31E-6;5.00E-5;0.00E0;0.00E0;4;0;1120.82036025599;-2226.41139561945;0;68.2444042214996;38;818.933877765555
8518;5.97E4;0.00E0;2.74E-6;5.00E-5;0.00E0;0.00E0;4;0;133.285081935505;-1139.45064128717;0;284.704461222819;16;93.807283781106
8526;2.96E4;0.00E0;1.23E-6;5.00E-5;0.00E0;0.00E0;4;0;532.452772985582;-1571.59633053471;0;215.615140412731;23;61.4692318180836
8531;4.34E4;0.00E0;1.29E-6;5.00E-5;0.00E0;0.00E0;4;0;-68.277794445509;-4127.22982059373;0;249.761989855164;57;77.6393520164036
8532;5.82E4;0.00E0;1.61E-6;5.00E-5;0.00E0;0.00E0;4;0;-588.256842230525;-5511.76361177536;0;415.382718084759;71;62.5839377002478
8574;2.21E5;0.00E0;4.64E-6;5.00E-5;0.00E0;0.00E0;4;0;2032.33362586226;-3004.80055624177;0;685.553076121736;44;143.845441025677
8575;2.48E4;0.00E0;1.69E-6;5.00E-5;0.00E0;0.00E0;4;0;168.969562920091;-1010.24420659361;0;160.07547576089;16;69.2222455539038
8581;6.07E4;0.00E0;1.65E-6;5.00E-5;0.00E0;0.00E0;4;0;548.75023376372;-2347.52430338322;0;172.24964785839;29;157.474181147309
8582;3.07E4;0.00E0;3.73E-6;5.00E-5;0.00E0;0.00E0;4;0;677.17168426487;-2317.65396542546;0;68.6547862526185;34;200.199351497823
8590;1.10E5;0.00E0;1.08E-6;5.00E-5;0.00E0;0.00E0;4;0;1419.54233757591;-3228.918706303;0;205.744011243349;44;238.553525210599
8597;1.04E4;0.00E0;6.40E-7;5.00E-5;0.00E0;0.00E0;4;0;596.594713896566;-2031.91132481206;0;55.789712611818;27;83.0218559877739
8600;3.70E4;0.00E0;1.24E-6;5.00E-5;0.00E0;0.00E0;4;0;-9.77762178627086;-985.611751228818;0;266.609254470611;15;62.1253387799933
8602;3.46E4;0.00E0;2.08E-6;5.00E-5;0.00E0;0.00E0;4;0;351.669057092272;-2217.81539200887;0;73.1481501146988;32;211.59339498975
8605;8.25E4;0.00E0;6.81E-7;5.00E-5;0.00E0;0.00E0;4;0;354.756628069584;-3362.14281079225;0;293.210299198333;51;125.782787727382
8612;2.59E4;0.00E0;2.63E-6;5.00E-5;0.00E0;0.00E0;4;0;397.476933909691;-1022.74894066766;0;32.3130875623714;17;358.206913960012
8614;8.48E4;0.00E0;5.47E-6;5.00E-5;0.00E0;0.00E0;4;0;-149.544603217858;-3980.83775639462;0;385.154753045053;57;98.3882059964522
8615;2.69E4;0.00E0;1.70E-6;5.00E-5;0.00E0;0.00E0;4;0;356.998618865749;-4168.87683930305;0;144.619855537665;57;83.2649823231803
8619;6.27E4;0.00E0;7.93E-7;5.00E-5;0.00E0;0.00E0;4;0;846.544479844474;-2733.24416263274;0;226.815628247893;40;123.56705204602
8620;4.19E4;0.00E0;1.27E-6;5.00E-5;0.00E0;0.00E0;4;0;1027.98876637255;-3103.38535666154;0;91.2336777728953;46;205.376102965026
8621;5.22E4;0.00E0;2.19E-6;5.00E-5;0.00E0;0.00E0;4;0;1242.16515298658;-2055.96729076323;0;253.716254606126;38;92.0324286518083
8645;2.24E4;0.00E0;4.96E-7;5.00E-5;0.00E0;0.00E0;4;0;991.830435711654;-93.0789253417779;0;45.972168485608;9;218.077040644333
8656;3.80E4;0.00E0;7.09E-7;5.00E-5;0.00E0;0.00E0;4;0;772.013569322777;-2445.98394867637;0;162.663586611252;35;104.340281010097
8660;1.83E4;0.00E0;1.10E-6;5.00E-5;0.00E0;0.00E0;4;0;100.316888947813;-340.321039547371;0;77.4352090597163;12;105.795807339926
8662;2.86E4;0.00E0;2.89E-6;5.00E-5;0.00E0;0.00E0;4;0;576.848041426796;-3610.46790866268;0;38.5870397327616;51;330.998884882164
8676;4.83E4;0.00E0;9.55E-7;5.00E-5;0.00E0;0.00E0;4;0;-386.989097549868;-5334.24416790934;0;250.81292537004;70;86.122606752344
8700;8.28E4;0.00E0;1.93E-6;5.00E-5;0.00E0;0.00E0;4;0;1168.65123269573;365.370262383984;0;473.787153558811;8;78.1382187185252
8702;3.36E4;0.00E0;4.22E-7;5.00E-5;0.00E0;0.00E0;4;0;887.208704401494;-1392.26916808097;0;152.801632871426;22;98.3795430776377
8706;9.25E4;0.00E0;1.39E-6;5.00E-5;0.00E0;0.00E0;4;0;570.141655198681;-1569.21836538351;0;178.214576993507;23;231.965549509441
8721;4.21E4;0.00E0;2.42E-6;5.00E-5;0.00E0;0.00E0;4;0;904.570073346204;-3074.9918342917;0;189.080215047891;47;99.4296966321173
8726;4.55E4;0.00E0;1.79E-6;5.00E-5;0.00E0;0.00E0;4;0;742.086199862156;364.530281395088;0;279.229095943918;7;72.9246841184258
8728;1.54E4;0.00E0;7.01E-7;5.00E-5;0.00E0;0.00E0;4;0;765.893726960902;-2376.69379534609;0;96.579312468498;35;71.4669333584924
8732;6.73E4;0.00E0;2.32E-6;5.00E-5;0.00E0;0.00E0;4;0;1272.51059713852;282.63386161036;0;496.765836529448;9;60.5337689821638
8738;4.02E4;0.00E0;1.78E-6;5.00E-5;0.00E0;0.00E0;4;0;1145.35992747562;-2122.81663164813;0;137.710777422594;38;130.445172303479
8742;5.45E4;0.00E0;7.18E-7;5.00E-5;0.00E0;0.00E0;4;0;933.320824057484;75.9157025704753;0;103.250635564251;8;236.010586530049
8746;4.19E4;0.00E0;2.67E-6;5.00E-5;0.00E0;0.00E0;4;0;-221.793071981433;-5566.86035958578;0;70.2622258209025;71;266.75074582183
8750;3.40E4;0.00E0;1.64E-6;5.00E-5;0.00E0;0.00E0;4;0;-168.82431428098;-5276.15347125527;0;74.8999621191861;70;202.813599255885
8757;6.95E4;0.00E0;1.70E-6;5.00E-5;0.00E0;0.00E0;4;0;1454.63120289885;-2202.0108697683;0;402.665316247772;38;77.1494040866834
8760;8.89E4;0.00E0;2.35E-6;5.00E-5;0.00E0;0.00E0;4;0;804.082910330377;148.66260614276;0;72.0657273245092;7;551.566139153989
8771;3.24E4;0.00E0;8.74E-7;5.00E-5;0.00E0;0.00E0;4;0;1427.53631713481;-2986.39675111688;0;94.2665139899499;44;153.724009661988
8773;7.46E4;0.00E0;2.75E-6;5.00E-5;0.00E0;0.00E0;4;0;-211.26728776199;-5431.53799021681;0;56.9191082706711;71;585.729547222407
8783;1.84E5;0.00E0;2.66E-6;5.00E-5;0.00E0;0.00E0;4;0;-8.17288445503414;-1553.38772538612;0;617.043739193235;33;133.164263261519
8787;2.66E4;0.00E0;1.40E-6;5.00E-5;0.00E0;0.00E0;4;0;1022.08924700423;-2775.60261072474;0;122.968994680848;41;96.5698793094978
8795;5.11E4;0.00E0;1.22E-6;5.00E-5;0.00E0;0.00E0;4;0;1051.01486173573;-2793.70552040981;0;119.681536603838;41;190.883665890921
8800;6.80E4;0.00E0;2.66E-6;5.00E-5;0.00E0;0.00E0;4;0;243.414150407027;-1062.99347594003;0;157.335715826087;16;193.191238526271
8806;8.34E4;0.00E0;1.77E-6;5.00E-5;0.00E0;0.00E0;4;0;1297.87019138664;318.768635287308;0;538.819613777212;9;69.2352777248875
8811;2.80E4;0.00E0;1.18E-6;5.00E-5;0.00E0;0.00E0;4;0;-210.38563842393;-5047.48912084435;0;183.106082214473;67;68.3708202471608
8824;3.33E4;0.00E0;8.98E-7;5.00E-5;0.00E0;0.00E0;4;0;1432.30781759448;-3206.81787751074;0;190.533005149792;44;78.1187604929033
8830;8.22E4;0.00E0;1.71E-6;5.00E-5;0.00E0;0.00E0;4;0;-391.209118419373;-546.213555923892;0;556.372914227538;14;66.0212041740147
8835;1.80E5;0.00E0;1.51E-5;5.00E-5;0.00E0;0.00E0;4;0;-709.333153094143;-357.728913098668;0;794.47784936262;1;101.182390395041
8836;1.57E4;0.00E0;5.85E-7;5.00E-5;0.00E0;0.00E0;4;0;635.793127128347;-8.59897708536118;0;103.302585414693;6;67.9182718624143
8865;1.43E5;0.00E0;2.30E-6;5.00E-5;0.00E0;0.00E0;4;0;-356.155241965459;-3277.46969973747;0;928.340483236281;53;68.9058405997041
8886;3.10E4;0.00E0;1.47E-6;5.00E-5;0.00E0;0.00E0;4;0;790.089693782158;-1687.18563617659;0;59.3532314366088;24;233.408455447851
8895;5.43E4;0.00E0;1.03E-6;5.00E-5;0.00E0;0.00E0;4;0;961.755596298945;-1796.22192600341;0;250.461058390595;25;96.9582877978354
8910;4.06E4;0.00E0;1.79E-6;5.00E-5;0.00E0;0.00E0;4;0;941.815006415743;-189.981279420424;0;68.8866213116577;9;263.519406532425
8911;3.71E4;0.00E0;2.47E-6;5.00E-5;0.00E0;0.00E0;4;0;88.4563377336112;-4642.23517762539;0;158.833291358263;61;104.334974229661
8912;3.23E4;0.00E0;2.47E-6;5.00E-5;0.00E0;0.00E0;4;0;-154.794022055723;-5052.84250148874;0;127.485952061572;67;113.346591361335
8913;3.15E4;0.00E0;3.15E-6;5.00E-5;0.00E0;0.00E0;4;0;-53.4351339247119;-4860.90466815926;0;51.3790158530086;65;274.497876042598
8915;2.04E5;0.00E0;1.31E-6;5.00E-5;0.00E0;0.00E0;4;0;895.772471069738;-5983.30637382366;0;1166.21713773185;71;78.2173858640153
8918;6.73E4;0.00E0;2.80E-6;5.00E-5;0.00E0;0.00E0;4;0;665.253830253367;-1641.64634768544;0;72.4020988934558;24;415.363474654788
8920;3.58E4;0.00E0;2.37E-6;5.00E-5;0.00E0;0.00E0;4;0;875.56154201125;-1119.35278429529;0;228.046906369888;20;70.1273573374724
8923;6.08E4;0.00E0;1.62E-6;5.00E-5;0.00E0;0.00E0;4;0;-90.6123317961594;-2040.9268841535;0;297.930092935761;33;91.2028356321178
8924;1.41E5;0.00E0;3.24E-6;5.00E-5;0.00E0;0.00E0;4;0;1650.69728599057;-3419.29904257072;0;488.562657855319;44;128.876468523495
8925;6.87E4;0.00E0;1.82E-6;5.00E-5;0.00E0;0.00E0;4;0;360.143061508777;-810.65610644052;0;114.397007287142;16;268.57257237508
8926;3.38E4;0.00E0;9.00E-7;5.00E-5;0.00E0;0.00E0;4;0;-65.3205989709702;-598.754142299291;0;226.46538934356;14;66.738257932123
8928;1.09E5;0.00E0;2.12E-6;5.00E-5;0.00E0;0.00E0;4;0;-744.493514131737;-4846.62772769681;0;710.050779531052;65;68.3562539397398
8936;8.28E4;0.00E0;1.98E-6;5.00E-5;0.00E0;0.00E0;4;0;757.055668804627;-2780.16191431648;0;327.565891782624;40;113.060565824422
8940;1.56E5;0.00E0;5.63E-6;5.00E-5;0.00E0;0.00E0;4;0;220.840894022329;-3054.8585396314;0;620.131659409119;51;112.764841749807
8951;2.06E4;0.00E0;1.10E-6;5.00E-5;0.00E0;0.00E0;4;0;343.07057367608;-40.1104961092497;0;66.7748885338033;3;137.819748978672
8954;3.69E4;0.00E0;6.97E-7;5.00E-5;0.00E0;0.00E0;4;0;1105.09995189209;-2751.60951691139;0;53.3389729157051;41;309.09406267748
8957;5.90E4;0.00E0;1.97E-6;5.00E-5;0.00E0;0.00E0;4;0;711.406925442065;-2147.75701675007;0;79.290251441071;28;332.601931334618
8962;2.36E5;0.00E0;6.18E-6;5.00E-5;0.00E0;0.00E0;4;0;2199.65757759584;468.75268782109;0;1376.59304921579;9;76.6045540081384
8970;7.53E4;0.00E0;4.28E-7;5.00E-5;0.00E0;0.00E0;4;0;-454.796132326788;-5943.63717096142;0;511.856454166515;71;65.7737346287466
8974;2.77E4;0.00E0;1.69E-6;5.00E-5;0.00E0;0.00E0;4;0;-78.9094714672531;-5617.92702998018;0;138.354462416148;71;89.3784645837344
8975;6.74E4;0.00E0;4.31E-6;5.00E-5;0.00E0;0.00E0;4;0;-421.460080822105;-4843.66673215823;0;393.589113366489;65;76.5976235233275
8978;8.44E4;0.00E0;3.02E-6;5.00E-5;0.00E0;0.00E0;4;0;462.754557380115;-1895.15038485417;0;215.724177154157;26;174.848251085493
9002;3.80E4;0.00E0;2.12E-6;5.00E-5;0.00E0;0.00E0;4;0;82.1064514264665;260.139413840455;0;272.693905535738;1;62.3352388355955
9007;6.18E4;0.00E0;3.66E-6;5.00E-5;0.00E0;0.00E0;4;0;493.946807897329;-836.269981147942;0;174.59918106492;17;158.268061245656
9009;6.60E4;0.00E0;1.45E-6;5.00E-5;0.00E0;0.00E0;4;0;-173.34320605672;-124.829425922097;0;213.670841593436;1;138.022793199404
9010;2.56E4;0.00E0;1.44E-6;5.00E-5;0.00E0;0.00E0;4;0;-0.251764494740428;-5224.45468300309;0;44.3032003938141;69;258.755418997111
9015;4.54E4;0.00E0;2.03E-6;5.00E-5;0.00E0;0.00E0;4;0;107.334532508997;-835.746987175095;0;102.072407853159;15;198.859961589872
9025;7.47E4;0.00E0;3.45E-6;5.00E-5;0.00E0;0.00E0;4;0;643.756248812878;-2785.40038605846;0;435.025523052078;40;76.7690646426253
9039;8.94E4;0.00E0;3.82E-6;5.00E-5;0.00E0;0.00E0;4;0;220.940413290019;-2523.48809216544;0;302.591180999152;32;132.044720162505
9045;1.73E4;0.00E0;1.87E-6;5.00E-5;0.00E0;0.00E0;4;0;1387.44730571583;-2842.91821692029;0;87.1850830118349;42;88.5414412565169
9052;5.78E4;0.00E0;2.86E-6;5.00E-5;0.00E0;0.00E0;4;0;504.904636782873;-4242.64469553679;0;267.081643125546;58;96.8261132076291
9060;1.12E4;0.00E0;1.43E-6;5.00E-5;0.00E0;0.00E0;4;0;293.923084389535;-4703.78165207067;0;36.2811769645252;62;137.526578350229
9065;8.50E4;0.00E0;2.50E-6;5.00E-5;0.00E0;0.00E0;4;0;528.670744103057;-15.6494369709126;0;110.48422665106;5;343.87028960233
9066;6.49E4;0.00E0;3.31E-6;5.00E-5;0.00E0;0.00E0;4;0;-247.899495967014;-5254.1883596829;0;155.87190162284;70;186.179159150308
9072;4.78E4;0.00E0;1.47E-6;5.00E-5;0.00E0;0.00E0;4;0;873.136036695339;-2727.22023812797;0;199.98980826281;40;106.92246529607
9082;2.44E4;0.00E0;6.67E-7;5.00E-5;0.00E0;0.00E0;4;0;442.111677094689;-2218.37762117695;0;65.5596670658902;30;166.116016659381
9086;7.56E4;0.00E0;1.88E-6;5.00E-5;0.00E0;0.00E0;4;0;323.612798711161;-2252.7090274511;0;69.8812215625562;32;483.57979422192
9089;3.20E4;0.00E0;2.34E-6;5.00E-5;0.00E0;0.00E0;4;0;53.2388361877931;-5240.03751840513;0;97.475455828011;69;146.983776000798
9093;6.30E4;0.00E0;1.38E-6;5.00E-5;0.00E0;0.00E0;4;0;305.340970019231;-1944.58178341808;0;191.734354451071;31;146.812374052487
9102;1.01E5;0.00E0;1.87E-6;5.00E-5;0.00E0;0.00E0;4;0;663.9760972134;-4506.83863226543;0;432.237017139706;61;104.726971695764
9104;4.54E4;0.00E0;1.05E-6;5.00E-5;0.00E0;0.00E0;4;0;775.594826947165;-2833.88797144245;0;337.31083557566;40;60.1515770173786
9109;4.15E4;0.00E0;1.05E-6;5.00E-5;0.00E0;0.00E0;4;0;1038.38790937724;-3000.2875221426;0;162.411272456288;45;114.303264194898
9117;8.68E4;0.00E0;3.52E-6;5.00E-5;0.00E0;0.00E0;4;0;863.85271796863;-3069.57306875344;0;218.329613778754;47;177.72059898437
9120;4.91E4;0.00E0;9.50E-7;5.00E-5;0.00E0;0.00E0;4;0;-48.8432071470224;238.299425452884;0;243.15555755625;1;90.1814852477855
9127;4.81E4;0.00E0;2.88E-6;5.00E-5;0.00E0;0.00E0;4;0;327.795901274853;-1221.72522021142;0;233.038158284353;18;92.3671348839038
9141;6.49E4;0.00E0;2.45E-6;5.00E-5;0.00E0;0.00E0;4;0;-291.649307968198;-5730.26439629336;0;244.62088656705;71;118.640547506204
9142;2.63E4;0.00E0;4.17E-7;5.00E-5;0.00E0;0.00E0;4;0;445.098669827111;-3814.51946212096;0;34.6182343329191;54;340.137541151816
9149;2.99E4;0.00E0;2.68E-6;5.00E-5;0.00E0;0.00E0;4;0;451.40999034843;-2058.8362619348;0;91.8213162120528;30;145.55260075807
9154;3.32E4;0.00E0;1.68E-6;5.00E-5;0.00E0;0.00E0;4;0;353.775587327955;-351.17639770537;0;171.730375481901;12;86.3291118525642
9161;5.20E4;0.00E0;1.10E-6;5.00E-5;0.00E0;0.00E0;4;0;1057.91955701803;-1209.96622457771;0;365.992377133051;21;63.4994614320037
9166;7.30E4;0.00E0;1.57E-6;5.00E-5;0.00E0;0.00E0;4;0;727.860050950976;-2962.8280185029;0;386.042764978465;47;84.5801475653494
9168;1.44E5;0.00E0;3.34E-6;5.00E-5;0.00E0;0.00E0;4;0;-98.7846063958423;-3461.84875469768;0;613.114826461788;53;105.21048922033
9187;3.68E4;0.00E0;3.39E-6;5.00E-5;0.00E0;0.00E0;4;0;988.369973616718;47.6780243126204;0;128.37723213208;9;128.251321951843
9191;3.78E4;0.00E0;9.07E-7;5.00E-5;0.00E0;0.00E0;4;0;402.818960795614;-1199.50173485224;0;170.090010852277;18;99.3503520309761
9198;8.99E4;0.00E0;1.47E-6;5.00E-5;0.00E0;0.00E0;4;0;704.989174433425;-4775.34175753255;0;443.897013687481;62;90.5358312242094
9200;2.80E4;0.00E0;8.01E-7;5.00E-5;0.00E0;0.00E0;4;0;123.917376167959;-5209.07179271132;0;150.237359548511;68;83.1883591760256
9202;1.29E5;0.00E0;1.46E-6;5.00E-5;0.00E0;0.00E0;4;0;178.061047762816;280.626520879603;0;289.395427285618;3;200.031445887731
9203;5.68E4;0.00E0;2.50E-6;5.00E-5;0.00E0;0.00E0;4;0;166.770270543691;-1872.14245822299;0;266.289747433932;33;95.3189003742192
9213;9.00E4;0.00E0;2.77E-6;5.00E-5;0.00E0;0.00E0;4;0;1380.0254984239;-423.73388986793;0;519.529167193285;9;77.4081652708309
9216;5.84E4;0.00E0;1.53E-6;5.00E-5;0.00E0;0.00E0;4;0;827.680564868474;-3751.31912570927;0;299.033110145095;50;87.3070334690598
9218;4.39E4;0.00E0;5.51E-7;5.00E-5;0.00E0;0.00E0;4;0;379.118087126757;-4572.44829714089;0;139.97201863589;61;140.242431788972
9233;5.11E4;0.00E0;4.19E-6;5.00E-5;0.00E0;0.00E0;4;0;47.2458678189353;313.537762148044;0;316.978552533666;1;72.1306730236802
9239;4.25E4;0.00E0;8.92E-7;5.00E-5;0.00E0;0.00E0;4;0;-133.677252751183;-5682.64875500711;0;170.812975043345;71;111.218617478974
9240;7.98E4;0.00E0;7.44E-7;5.00E-5;0.00E0;0.00E0;4;0;-186.392908343337;-3833.07738295077;0;494.139768394988;56;72.1656333829076
9248;7.23E4;0.00E0;2.19E-6;5.00E-5;0.00E0;0.00E0;4;0;-237.972230580464;-496.553439773211;0;406.969917528826;13;79.3912028659544
9249;6.93E4;0.00E0;1.37E-6;5.00E-5;0.00E0;0.00E0;4;0;689.493505293082;-2907.07483801585;0;449.742937167459;40;68.8449656850776
9253;6.06E4;0.00E0;2.26E-6;5.00E-5;0.00E0;0.00E0;4;0;-152.692909652317;-1862.1701244232;0;440.485607399346;33;61.491390696375
9262;2.08E4;0.00E0;1.41E-6;5.00E-5;0.00E0;0.00E0;4;0;88.2567713489157;-99.2758680073521;0;44.950458410165;2;207.048766435355
9264;1.34E4;0.00E0;2.01E-6;5.00E-5;0.00E0;0.00E0;4;0;1326.95721817719;-2729.10041139781;0;97.6179901120222;42;61.412399410663
9268;9.65E4;0.00E0;5.14E-6;5.00E-5;0.00E0;0.00E0;4;0;757.748808725831;-3755.94143630426;0;262.662293836223;51;164.295420043324
9275;3.63E4;0.00E0;2.33E-6;5.00E-5;0.00E0;0.00E0;4;0;815.440114599285;-307.370602123691;0;232.442131583475;9;69.9004798552575
9279;5.21E4;0.00E0;4.19E-6;5.00E-5;0.00E0;0.00E0;4;0;227.655084457416;-5278.94732947596;0;270.088769885958;68;86.2614419289738
9287;1.36E5;0.00E0;1.33E-6;5.00E-5;0.00E0;0.00E0;4;0;-15.7318325731233;-1257.36955217339;0;468.593677527737;16;129.337824682574
9294;7.14E4;0.00E0;5.47E-6;5.00E-5;0.00E0;0.00E0;4;0;1353.93455091473;-2632.59886320503;0;191.044845262457;42;167.021884102849
9295;7.74E4;0.00E0;2.94E-6;5.00E-5;0.00E0;0.00E0;4;0;177.443959125374;-3578.8601489523;0;315.570078421893;53;109.715720661154
9301;5.65E4;0.00E0;2.23E-6;5.00E-5;0.00E0;0.00E0;4;0;894.250974920105;-3807.78471157889;0;383.229479981981;50;65.8542368235892
9309;3.66E4;0.00E0;2.88E-6;5.00E-5;0.00E0;0.00E0;4;0;858.069925427886;-2589.72721308081;0;166.607352846489;39;98.1795951552252
9325;5.03E4;0.00E0;2.07E-6;5.00E-5;0.00E0;0.00E0;4;0;1689.88944207688;-3085.31094262392;0;345.893646560796;44;64.9948729347761
9331;1.05E5;0.00E0;1.88E-6;5.00E-5;0.00E0;0.00E0;4;0;-80.0426901834514;664.980388440479;0;669.68109065776;1;70.3597816107793
9333;6.81E4;0.00E0;1.63E-6;5.00E-5;0.00E0;0.00E0;4;0;175.073492756122;-4928.78302878828;0;97.8890439452376;64;310.973827360101
9338;3.45E4;0.00E0;1.03E-6;5.00E-5;0.00E0;0.00E0;4;0;1466.82147633652;-2951.67606285365;0;146.225547240713;44;105.388747030715
9354;1.36E5;0.00E0;5.17E-6;5.00E-5;0.00E0;0.00E0;4;0;-607.487499371389;-2513.8122103442;0;883.075825561016;33;68.8668280467983
9356;1.21E5;0.00E0;3.62E-6;5.00E-5;0.00E0;0.00E0;4;0;830.510987985578;-614.655977051677;0;507.857383827038;9;106.66725162962
9366;2.48E4;0.00E0;3.47E-7;5.00E-5;0.00E0;0.00E0;4;0;846.638115723346;-1566.09933594413;0;97.2516508404274;23;114.136794084686
9369;8.62E4;0.00E0;7.95E-6;5.00E-5;0.00E0;0.00E0;4;0;1269.75654660476;324.486965356463;0;520.07978667125;8;74.0582574111284
9384;4.94E4;0.00E0;1.41E-6;5.00E-5;0.00E0;0.00E0;4;0;849.3596133635;97.0050618710266;0;57.8083818089638;8;382.233571437957
9387;6.32E4;0.00E0;2.46E-6;5.00E-5;0.00E0;0.00E0;4;0;-308.300919573916;-5233.42550250996;0;219.400148482951;70;128.716032283523
9392;5.04E4;0.00E0;5.04E-7;5.00E-5;0.00E0;0.00E0;4;0;-41.4498119183438;-4472.5045393298;0;261.270718576142;60;86.1542014371576
9393;9.64E4;0.00E0;7.33E-6;5.00E-5;0.00E0;0.00E0;4;0;980.822284098351;-1797.24593798086;0;269.3106445046;25;160.100152931521
9394;4.23E4;0.00E0;2.85E-6;5.00E-5;0.00E0;0.00E0;4;0;1235.53830151987;-25.8748280199652;0;295.265456807518;9;64.0399945994213
9405;3.62E4;0.00E0;1.41E-6;5.00E-5;0.00E0;0.00E0;4;0;840.586954426195;-3496.54852462163;0;100.86180439902;49;160.385842186232
9413;5.67E4;0.00E0;7.99E-7;5.00E-5;0.00E0;0.00E0;4;0;721.447391557178;-2070.1784772264;0;74.3512556319413;27;340.916423038618
9420;4.05E4;0.00E0;1.20E-6;5.00E-5;0.00E0;0.00E0;4;0;576.440767975078;-1053.72505100021;0;50.8749131806711;18;355.974453779565
9425;7.04E4;0.00E0;1.35E-6;5.00E-5;0.00E0;0.00E0;4;0;-331.230790629436;-4384.60621004853;0;452.838141069186;65;69.4889294015886
9426;5.81E4;0.00E0;9.63E-7;5.00E-5;0.00E0;0.00E0;4;0;817.916604913527;-208.868303861173;0;162.554751505168;9;159.663251840019
9427;7.60E4;0.00E0;2.97E-6;5.00E-5;0.00E0;0.00E0;4;0;1198.22776268163;-3164.9298258707;0;61.0798987095689;46;556.354068852675
9429;2.25E4;0.00E0;7.66E-7;5.00E-5;0.00E0;0.00E0;4;0;617.267199643694;-3571.32485491472;0;30.7268575131183;51;326.763902527118
9431;6.63E4;0.00E0;3.78E-6;5.00E-5;0.00E0;0.00E0;4;0;611.016347376295;-3643.38425352323;0;85.3078896195223;51;347.56893555121
9444;6.41E4;0.00E0;1.90E-6;5.00E-5;0.00E0;0.00E0;4;0;433.341200043848;-2642.5694898923;0;454.072416236967;32;63.0650960291516
9453;5.33E4;0.00E0;3.99E-6;5.00E-5;0.00E0;0.00E0;4;0;848.174586728607;-2066.08371053824;0;197.291017516441;27;120.693313766885
9454;1.03E5;0.00E0;2.61E-6;5.00E-5;0.00E0;0.00E0;4;0;1218.19351720727;473.262818764252;0;584.551142908136;8;78.9117760314084
9466;3.19E4;0.00E0;2.22E-6;5.00E-5;0.00E0;0.00E0;4;0;-157.677008801259;-132.894251357183;0;206.275325714371;1;69.2274331267398
9474;7.47E4;0.00E0;1.25E-6;5.00E-5;0.00E0;0.00E0;4;0;1059.59813915731;-417.372571076866;0;312.154674504354;9;107.029687347038
9487;1.23E5;0.00E0;1.62E-6;5.00E-5;0.00E0;0.00E0;4;0;-292.299883890891;-4773.54726285594;0;251.990792084064;65;218.469244173583
9496;2.49E4;0.00E0;4.06E-7;5.00E-5;0.00E0;0.00E0;4;0;560.236677511871;-1304.5610061657;0;135.049047804822;20;82.5283696464867
9499;4.24E4;0.00E0;1.25E-6;5.00E-5;0.00E0;0.00E0;4;0;501.322030028088;-3491.97964913288;0;101.657416003257;51;186.433709643185
9501;2.92E4;0.00E0;9.26E-7;5.00E-5;0.00E0;0.00E0;4;0;-226.968875510956;-4798.6814602398;0;194.564571603574;65;67.1590550224198
9505;1.88E5;0.00E0;5.35E-6;5.00E-5;0.00E0;0.00E0;4;0;2135.61004794487;-3117.60908206136;0;792.303531680719;44;105.808007721744
9512;1.00E5;0.00E0;8.29E-6;5.00E-5;0.00E0;0.00E0;4;0;-96.5626820701484;-3816.80323795997;0;425.639496984607;56;105.51603778805
9513;4.77E4;0.00E0;1.98E-6;5.00E-5;0.00E0;0.00E0;4;0;231.677907707019;-5051.70579524133;0;232.399866214717;64;91.7203040739633
9528;4.03E4;0.00E0;1.53E-6;5.00E-5;0.00E0;0.00E0;4;0;447.467175613185;-1160.23565188286;0;111.847942831048;18;160.946677110937
9538;2.74E4;0.00E0;1.22E-6;5.00E-5;0.00E0;0.00E0;4;0;988.344718813674;-97.0640712723343;0;40.7857160895927;9;299.966517939963
9545;5.44E4;0.00E0;1.68E-6;5.00E-5;0.00E0;0.00E0;4;0;1309.82434077619;-2026.65266584344;0;324.572809377856;38;74.9867710730708
9547;7.56E4;0.00E0;2.72E-6;5.00E-5;0.00E0;0.00E0;4;0;133.062162316733;-2729.81397023479;0;521.93557169764;32;64.7825284595145
9565;2.95E4;0.00E0;9.55E-7;5.00E-5;0.00E0;0.00E0;4;0;1175.05991354824;-2864.04150552581;0;100.116466851597;43;131.738693475889
9568;2.90E4;0.00E0;9.50E-7;5.00E-5;0.00E0;0.00E0;4;0;-218.433801223452;-4862.26248274345;0;207.539885881979;65;62.4539919249087
9570;4.53E4;0.00E0;1.26E-6;5.00E-5;0.00E0;0.00E0;4;0;268.562680335323;-5063.28162231547;0;261.333156891658;64;77.4725755495772
9575;4.28E4;0.00E0;6.92E-7;5.00E-5;0.00E0;0.00E0;4;0;443.510444999513;-2367.45816045319;0;210.293660355749;30;90.9677605880642
9576;9.58E4;0.00E0;4.16E-6;5.00E-5;0.00E0;0.00E0;4;0;222.469381294271;-5184.46128492204;0;245.827850655259;68;174.131982878233
9589;1.57E5;0.00E0;1.80E-6;5.00E-5;0.00E0;0.00E0;4;0;1042.67501792782;-1155.78816238664;0;369.274395436539;21;190.067691909784
9592;1.29E5;0.00E0;2.45E-6;5.00E-5;0.00E0;0.00E0;4;0;-310.964137403748;-6385.10268662618;0;879.60562969355;71;65.715804068098
9599;6.21E4;0.00E0;1.09E-6;5.00E-5;0.00E0;0.00E0;4;0;-281.286611155641;-194.824865159452;0;342.224868577454;1;81.1385131140139
9601;4.48E4;0.00E0;3.25E-6;5.00E-5;0.00E0;0.00E0;4;0;623.03082568066;-3827.63613747342;0;194.665821175418;53;102.897936362616
9602;3.17E4;0.00E0;1.75E-6;5.00E-5;0.00E0;0.00E0;4;0;619.814447994974;-3829.96172159826;0;193.060737328042;53;73.4303149879658
9603;4.08E4;0.00E0;1.25E-6;5.00E-5;0.00E0;0.00E0;4;0;613.963944845392;11.9483580192009;0;85.3224561974579;6;213.853533930556
9605;1.54E4;0.00E0;1.25E-6;5.00E-5;0.00E0;0.00E0;4;0;277.233052894232;-4615.83346516638;0;31.3308309798948;61;220.266458690906
9613;1.02E5;0.00E0;1.86E-6;5.00E-5;0.00E0;0.00E0;4;0;1216.32242743845;-2454.8993597827;0;216.082151570978;39;210.328286074183
9618;9.40E4;0.00E0;2.23E-6;5.00E-5;0.00E0;0.00E0;4;0;-329.183579509874;-1024.59280674191;0;575.08691447136;15;73.0376320006026
9623;1.01E5;0.00E0;2.57E-6;5.00E-5;0.00E0;0.00E0;4;0;1244.72616312363;550.821806348481;0;657.92663532655;7;68.3101461126464
9636;2.49E4;0.00E0;9.41E-7;5.00E-5;0.00E0;0.00E0;4;0;1075.56578263353;6.80098078252195;0;173.072338847978;9;64.4309156494717
9638;6.04E4;0.00E0;1.05E-6;5.00E-5;0.00E0;0.00E0;4;0;590.483085984779;-3196.61003316502;0;289.660565259566;49;93.2371184052148
9645;1.62E5;0.00E0;2.85E-6;5.00E-5;0.00E0;0.00E0;4;0;975.780537902553;-4677.67416276138;0;716.656333788169;62;100.83190296827
9652;3.07E4;0.00E0;2.16E-6;5.00E-5;0.00E0;0.00E0;4;0;971.026743344972;-3545.8361424321;0;221.705169327576;48;61.821049474943
9664;5.97E4;0.00E0;3.04E-6;5.00E-5;0.00E0;0.00E0;4;0;162.518342658318;-135.98867850137;0;58.3782237427846;10;456.848406117759
9665;8.44E4;0.00E0;7.07E-6;5.00E-5;0.00E0;0.00E0;4;0;-301.645344580071;-1987.253800752;0;515.275629786558;33;73.2634118679812
9672;9.16E4;0.00E0;5.59E-6;5.00E-5;0.00E0;0.00E0;4;0;1002.04546749738;-1203.78830148801;0;315.198283230684;21;129.961551997122
9676;1.36E4;0.00E0;9.21E-7;5.00E-5;0.00E0;0.00E0;4;0;1249.06039615968;-2821.1652664276;0;22.7642627620079;42;266.895524051963
9687;1.68E4;0.00E0;1.55E-6;5.00E-5;0.00E0;0.00E0;4;0;85.2663869387388;-4112.27462764638;0;116.309388408374;57;64.5470672608488
9693;7.90E4;0.00E0;2.63E-6;5.00E-5;0.00E0;0.00E0;4;0;1416.16288559761;-2014.68174337002;0;419.813823320087;38;84.1468874005451
9694;1.83E5;0.00E0;1.31E-5;5.00E-5;0.00E0;0.00E0;4;0;57.7486119074683;-5354.60998123232;0;163.643151616673;70;499.159132223008
9697;3.29E4;0.00E0;3.14E-6;5.00E-5;0.00E0;0.00E0;4;0;653.698664458401;-1128.18029152866;0;37.1902193415734;19;395.332987343283
9702;3.90E4;0.00E0;3.16E-6;5.00E-5;0.00E0;0.00E0;4;0;162.201136365088;-2195.13689195586;0;58.6392252766742;33;297.599589813935
9704;5.85E4;0.00E0;2.48E-6;5.00E-5;0.00E0;0.00E0;4;0;646.283712650466;-891.822662866617;0;222.163849142195;18;117.756986426182
9705;4.22E4;0.00E0;2.38E-6;5.00E-5;0.00E0;0.00E0;4;0;-142.240904669576;-747.055737844678;0;313.846656108726;15;60.0686904422966
9707;5.41E4;0.00E0;6.32E-7;5.00E-5;0.00E0;0.00E0;4;0;-159.962568476776;-4190.93195580994;0;333.062897341795;57;72.5616935800835
9708;6.27E4;0.00E0;2.25E-6;5.00E-5;0.00E0;0.00E0;4;0;-39.9773451017147;-4581.4768000153;0;152.761547452621;65;183.404044929416
9709;4.40E4;0.00E0;1.20E-6;5.00E-5;0.00E0;0.00E0;4;0;523.3462362409;-689.199604129389;0;309.655562078308;16;63.5705553097167
9717;3.80E4;0.00E0;6.49E-7;5.00E-5;0.00E0;0.00E0;4;0;697.822618350591;-2519.25832517368;0;250.886549207659;35;67.6658242443098
9722;3.10E4;0.00E0;8.72E-7;5.00E-5;0.00E0;0.00E0;4;0;161.096634618884;-3781.63440604207;0;224.994067683269;55;61.6583517306066
9739;9.65E4;0.00E0;1.65E-6;5.00E-5;0.00E0;0.00E0;4;0;1384.05590008156;305.921080367621;0;599.66877894988;9;71.9463611973819
9742;2.83E4;0.00E0;1.76E-6;5.00E-5;0.00E0;0.00E0;4;0;298.69746670977;-2021.32803993011;0;116.328949650876;31;108.894954891363
9761;4.48E4;0.00E0;7.83E-7;5.00E-5;0.00E0;0.00E0;4;0;179.087057331987;-4898.03938388204;0;73.6141161218202;64;271.900430598989
9764;8.27E4;0.00E0;3.11E-6;5.00E-5;0.00E0;0.00E0;4;0;176.472213121722;449.043761458342;0;437.590869969;3;84.5355799847768
9778;7.40E4;0.00E0;2.93E-6;5.00E-5;0.00E0;0.00E0;4;0;-106.196922235759;-2543.63815982734;0;485.783211579031;32;68.1213818396026
9779;3.03E4;0.00E0;3.34E-6;5.00E-5;0.00E0;0.00E0;4;0;470.980507042506;-2027.53058306046;0;126.798230927419;30;106.74567834096
9780;4.70E4;0.00E0;2.43E-6;5.00E-5;0.00E0;0.00E0;4;0;-31.8804742687742;-5522.05212339857;0;138.516114952243;71;151.641787112798
9788;5.10E4;0.00E0;2.79E-6;5.00E-5;0.00E0;0.00E0;4;0;279.510862036918;-3807.02722919816;0;110.796246447834;54;205.687398530683
9790;6.75E4;0.00E0;3.59E-6;5.00E-5;0.00E0;0.00E0;4;0;1288.56324566549;-117.158570824618;0;332.009493704736;9;90.9120298720099
9799;8.30E4;0.00E0;8.73E-7;5.00E-5;0.00E0;0.00E0;4;0;-367.94715965416;-1004.57276355876;0;606.074082738709;15;61.2135084749572
9800;6.27E4;0.00E0;1.01E-6;5.00E-5;0.00E0;0.00E0;4;0;893.559775910676;-2077.31536101418;0;216.763829454006;38;129.394077902305
9804;8.06E4;0.00E0;3.68E-6;5.00E-5;0.00E0;0.00E0;4;0;-366.86654882705;-455.070981742094;0;536.011651701042;13;67.1920192412466
9811;4.91E4;0.00E0;4.17E-6;5.00E-5;0.00E0;0.00E0;4;0;515.614148628929;-831.654364137591;0;191.355223595996;17;114.682196731076
9816;1.84E4;0.00E0;1.64E-6;5.00E-5;0.00E0;0.00E0;4;0;633.238061033609;-1469.21014189298;0;111.330290562922;22;73.767804446857
9828;5.06E4;0.00E0;1.32E-6;5.00E-5;0.00E0;0.00E0;4;0;185.525966573971;-4643.45713302608;0;64.101327422543;61;352.938055404739
9829;6.59E4;0.00E0;2.43E-6;5.00E-5;0.00E0;0.00E0;4;0;497.580320964833;-5072.34685117815;0;403.88081679154;63;72.9155162963605
9835;6.25E4;0.00E0;1.42E-6;5.00E-5;0.00E0;0.00E0;4;0;537.951064580074;-1833.13221498981;0;155.702171008208;26;179.589573645024
9846;2.73E4;0.00E0;1.30E-6;5.00E-5;0.00E0;0.00E0;4;0;422.804968670063;5.72551764040782;0;60.3890421280893;4;202.294683660191
9847;7.51E4;0.00E0;2.31E-6;5.00E-5;0.00E0;0.00E0;4;0;316.800242641816;-339.94649693104;0;133.163704922241;12;252.286923876602
9852;1.95E4;0.00E0;1.32E-6;5.00E-5;0.00E0;0.00E0;4;0;761.14890912028;-1955.27584251203;0;88.6129286868677;26;98.3430733058165
9853;1.32E5;0.00E0;3.04E-6;5.00E-5;0.00E0;0.00E0;4;0;2054.91051326012;-2671.17406602559;0;770.790206408783;42;76.5003751067687
9854;9.95E4;0.00E0;1.46E-6;5.00E-5;0.00E0;0.00E0;4;0;1263.96570026373;-2578.44723109075;0;180.497805213054;42;246.550414043491
9855;8.65E4;0.00E0;3.63E-6;5.00E-5;0.00E0;0.00E0;4;0;1556.92064511537;-2600.37508076219;0;344.906276940268;42;112.14116965361
9879;4.25E4;0.00E0;4.01E-6;5.00E-5;0.00E0;0.00E0;4;0;526.832918676917;-1275.11233209856;0;153.872907540592;20;123.441490564029
9889;3.44E4;0.00E0;1.56E-6;5.00E-5;0.00E0;0.00E0;4;0;-120.712330933465;-25.6711670119721;0;123.432653250869;1;124.606669981084
9898;4.69E4;0.00E0;2.59E-6;5.00E-5;0.00E0;0.00E0;4;0;302.587804698613;177.989766450117;0;139.11461291715;3;150.578093938688
9903;1.13E5;0.00E0;1.96E-6;5.00E-5;0.00E0;0.00E0;4;0;705.68146192716;-2742.5567027672;0;362.212533952933;40;139.398213947686
9905;1.10E5;0.00E0;3.09E-6;5.00E-5;0.00E0;0.00E0;4;0;1260.33080528015;-426.855538536084;0;429.840660824805;9;113.93544335845
9929;6.64E4;0.00E0;1.30E-6;5.00E-5;0.00E0;0.00E0;4;0;509.443634371889;-4420.08275875815;0;271.609594893911;59;109.209297017272
9930;8.14E4;0.00E0;2.31E-6;5.00E-5;0.00E0;0.00E0;4;0;595.29497183507;-4339.06276202334;0;356.1057005406;59;102.227193376586
9942;9.87E4;0.00E0;1.53E-6;5.00E-5;0.00E0;0.00E0;4;0;-625.752429957957;-5517.63102848823;0;452.854103161233;71;97.464658845662
9945;2.71E4;0.00E0;1.06E-6;5.00E-5;0.00E0;0.00E0;4;0;850.540851614009;-3564.60936528667;0;159.756594344391;49;75.7993134138793
9947;3.03E4;0.00E0;1.88E-6;5.00E-5;0.00E0;0.00E0;4;0;432.354687373583;-4724.01228408643;0;171.324622931567;62;79.0988229103389
9954;6.16E4;0.00E0;1.82E-6;5.00E-5;0.00E0;0.00E0;4;0;301.498035194066;-5473.65759161782;0;433.555040035135;69;63.5552501044727
9956;4.96E4;0.00E0;4.16E-6;5.00E-5;0.00E0;0.00E0;4;0;1069.95053635105;-3409.85037352188;0;176.842311806491;47;125.454503940823
9960;5.41E4;0.00E0;6.17E-7;5.00E-5;0.00E0;0.00E0;4;0;991.65348160485;-3527.96065136668;0;220.771036190513;48;109.606847106913
9964;2.58E4;0.00E0;2.14E-6;5.00E-5;0.00E0;0.00E0;4;0;476.844037578806;175.268575856965;0;87.3255624878566;5;132.198964514367
9972;3.06E4;0.00E0;6.37E-7;5.00E-5;0.00E0;0.00E0;4;0;1360.10510779314;-2754.81234392605;0;96.9007631165538;42;141.048208967722
9978;4.64E4;0.00E0;1.48E-6;5.00E-5;0.00E0;0.00E0;4;0;880.9118194115;-2844.15185237774;0;264.032536368959;40;78.5377954843197
9992;6.55E4;0.00E0;1.68E-6;5.00E-5;0.00E0;0.00E0;4;0;242.480925928543;-3967.14793842086;0;57.6789970051839;56;507.509923577443
9994;8.70E4;0.00E0;2.88E-6;5.00E-5;0.00E0;0.00E0;4;0;1575.22741677638;69.4167465015807;0;647.772124341401;9;60.0092711561342
9997;9.84E4;0.00E0;2.05E-6;5.00E-5;0.00E0;0.00E0;4;0;-375.703620134602;-4970.87187732029;0;349.68113116058;66;125.749473200342
