Case;Ih1;Ih2;tao11;tao21;tao12;tao22;n1;n2;X0;Y0;direc_strike;min_dist;Line_id;Rusck_maxV
4;4.47E4;0.00E0;2.29E-6;5.00E-5;0.00E0;0.00E0;4;0;-1562.07511889029;-1694.02507428113;0;186.337414923063;45;107.151144876658
10;2.51E4;0.00E0;1.10E-6;5.00E-5;0.00E0;0.00E0;4;0;-1321.78164954823;-730.53639100327;0;69.8665207245079;37;160.860016345255
22;3.39E4;0.00E0;3.00E-6;5.00E-5;0.00E0;0.00E0;4;0;-2320.94676058724;321.234951681508;0;68.0672741824295;75;222.713024976472
27;3.62E4;0.00E0;9.58E-7;5.00E-5;0.00E0;0.00E0;4;0;-2275.52855353684;-2054.32931729145;0;191.908986495353;52;84.3743048241729
36;3.67E4;0.00E0;7.87E-7;5.00E-5;0.00E0;0.00E0;4;0;-1768.99818354902;359.114067121455;0;46.029314909212;72;355.986763015067
42;7.20E4;0.00E0;2.82E-6;5.00E-5;0.00E0;0.00E0;4;0;-1999.15484629119;-837.286416953807;0;462.168811379383;35;69.6098903336404
47;3.87E4;0.00E0;8.22E-7;5.00E-5;0.00E0;0.00E0;4;0;-1644.27019132574;519.259173424331;0;51.2039723507945;61;338.003386798115
49;4.39E4;0.00E0;2.00E-6;5.00E-5;0.00E0;0.00E0;4;0;-481.292415346476;45.4505372358071;0;75.0965608380867;20;261.627329201533
53;2.60E4;0.00E0;2.50E-6;5.00E-5;0.00E0;0.00E0;4;0;-1768.15618308386;258.489984352884;0;54.4821440941094;72;213.689271048652
55;1.92E4;0.00E0;6.19E-7;5.00E-5;0.00E0;0.00E0;4;0;-1394.3460534208;1310.24946042761;0;100.594504196507;66;85.5143093880739
59;1.12E5;0.00E0;6.47E-6;5.00E-5;0.00E0;0.00E0;4;0;-3256.88321171226;833.596779826292;0;522.934341134611;80;95.4956885027569
60;2.06E4;0.00E0;2.09E-6;5.00E-5;0.00E0;0.00E0;4;0;295.404635145205;839.453194200622;0;95.1320249688713;6;96.759410180494
62;4.41E4;0.00E0;2.49E-6;5.00E-5;0.00E0;0.00E0;4;0;-477.092510965957;-331.6814766422;0;202.901084524854;22;97.0881905418245
76;1.60E4;0.00E0;9.04E-7;5.00E-5;0.00E0;0.00E0;4;0;-1854.23480632254;-1566.32103541048;0;56.845817822306;47;126.095009737997
79;1.01E5;0.00E0;2.33E-6;5.00E-5;0.00E0;0.00E0;4;0;-3294.01367437833;710.792557110373;0;477.580413809956;80;94.5496897798691
87;4.05E4;0.00E0;3.69E-6;5.00E-5;0.00E0;0.00E0;4;0;428.41766204778;377.033660873497;0;263.059031172805;3;68.8464810492141
89;5.53E4;0.00E0;9.58E-7;5.00E-5;0.00E0;0.00E0;4;0;-1474.22554318337;489.645031405278;0;114.147455373873;61;216.573922201595
92;2.29E4;0.00E0;1.11E-6;5.00E-5;0.00E0;0.00E0;4;0;-1919.17071371871;376.077736800808;0;79.7147086504801;73;128.54314829402
98;7.52E4;0.00E0;2.74E-6;5.00E-5;0.00E0;0.00E0;4;0;-714.406886492106;86.4871483271359;0;255.726805401791;21;131.424929133161
99;5.29E3;0.00E0;1.69E-6;5.00E-5;0.00E0;0.00E0;4;0;-1296.32178907861;1465.90109871694;0;18.991924530287;68;124.504819940234
102;2.56E4;0.00E0;9.16E-7;5.00E-5;0.00E0;0.00E0;4;0;-1248.930862923;-1099.68088487847;0;124.751233956516;40;91.8577153940999
106;2.09E4;0.00E0;2.92E-6;5.00E-5;0.00E0;0.00E0;4;0;-327.415164651962;143.680426514041;0;130.780018145895;19;71.3358646023638
108;9.95E4;0.00E0;1.41E-6;5.00E-5;0.00E0;0.00E0;4;0;-888.571134842418;-1786.34122503842;0;592.592207733079;53;75.0372381421543
131;7.96E4;0.00E0;5.17E-6;5.00E-5;0.00E0;0.00E0;4;0;548.579265488193;1501.08672651305;0;334.274301933782;11;106.44662660524
133;3.83E4;0.00E0;2.63E-6;5.00E-5;0.00E0;0.00E0;4;0;142.247830162553;-209.743838642711;0;121.192564918611;15;141.177140178992
141;3.85E4;0.00E0;2.56E-6;5.00E-5;0.00E0;0.00E0;4;0;-2530.55149496616;243.024087708729;0;53.2033657145004;76;323.494004090011
142;6.61E4;0.00E0;1.77E-6;5.00E-5;0.00E0;0.00E0;4;0;-2103.05564564904;34.5919771622498;0;253.296944006687;74;116.714551010913
149;7.32E4;0.00E0;2.91E-6;5.00E-5;0.00E0;0.00E0;4;0;-1822.01530078833;-457.430194367797;0;125.038770416786;32;261.818514836079
153;6.30E4;0.00E0;2.56E-6;5.00E-5;0.00E0;0.00E0;4;0;-1765.1243230817;-1744.34250071844;0;137.515352627555;47;204.852912463911
155;8.54E4;0.00E0;1.08E-6;5.00E-5;0.00E0;0.00E0;4;0;-350.213797395714;1014.14243255911;0;546.609143545675;12;69.8135017664569
158;3.53E4;0.00E0;1.39E-6;5.00E-5;0.00E0;0.00E0;4;0;-1095.98751450635;-286.199362142315;0;88.7664254757536;26;177.708891934455
164;2.27E4;0.00E0;6.08E-6;5.00E-5;0.00E0;0.00E0;4;0;-1498.75453409136;-537.576314815978;0;104.263661977755;36;97.4241481262761
168;4.86E4;0.00E0;2.02E-6;5.00E-5;0.00E0;0.00E0;4;0;-2110.15114801463;-2181.91010911151;0;169.441340051857;52;128.237207412839
170;3.07E4;0.00E0;1.42E-6;5.00E-5;0.00E0;0.00E0;4;0;-85.2196566944726;-133.013401282451;0;113.724003196678;15;120.547087216339
171;1.78E5;0.00E0;4.16E-6;5.00E-5;0.00E0;0.00E0;4;0;-551.976940197153;881.029147186037;0;724.271021543575;12;110.074466813992
176;6.10E3;0.00E0;1.25E-6;5.00E-5;0.00E0;0.00E0;4;0;-2166.47004725562;244.774227233259;0;43.327987865824;75;62.9815906742407
182;2.46E4;0.00E0;5.29E-7;5.00E-5;0.00E0;0.00E0;4;0;-2774.17718626984;601.827869218468;0;107.74819499294;79;102.265028181928
184;3.21E4;0.00E0;1.28E-6;5.00E-5;0.00E0;0.00E0;4;0;-1530.11232009591;-1662.36427097937;0;165.172593569792;44;86.773852962031
186;7.69E4;0.00E0;8.39E-7;5.00E-5;0.00E0;0.00E0;4;0;-2877.33783623281;-433.904952647129;0;181.789140152625;86;189.028653395337
190;7.39E4;0.00E0;1.51E-6;5.00E-5;0.00E0;0.00E0;4;0;-2646.38021082898;-576.472149384217;0;406.335294543137;86;81.2499762433728
192;1.58E5;0.00E0;1.85E-6;5.00E-5;0.00E0;0.00E0;4;0;-541.900367494759;1384.79590546974;0;708.10936336988;67;99.4439476622444
195;6.29E4;0.00E0;1.73E-6;5.00E-5;0.00E0;0.00E0;4;0;-1887.23404037757;-2248.25375657117;0;245.405209610306;51;114.579762627229
199;5.73E4;0.00E0;2.82E-6;5.00E-5;0.00E0;0.00E0;4;0;-1419.37973394257;2074.73829330681;0;324.505262988131;71;79.0029741696012
200;9.78E3;0.00E0;1.31E-6;5.00E-5;0.00E0;0.00E0;4;0;-1557.07471841984;-113.012207027373;0;22.7689777520075;56;192.008667005332
203;7.07E4;0.00E0;4.24E-6;5.00E-5;0.00E0;0.00E0;4;0;-3383.87142095111;-133.558574953413;0;392.853141062445;84;80.4943596324401
204;6.74E4;0.00E0;1.01E-6;5.00E-5;0.00E0;0.00E0;4;0;-1853.18199234332;-539.432511998632;0;193.098271920604;34;155.94283237566
209;9.16E4;0.00E0;5.19E-6;5.00E-5;0.00E0;0.00E0;4;0;-746.910595735189;1158.12787465546;0;529.278283875066;66;77.405191652104
218;3.43E4;0.00E0;1.92E-6;5.00E-5;0.00E0;0.00E0;4;0;-2100.12639553712;-343.895927547042;0;252.379719761833;32;60.6964965621241
230;1.02E5;0.00E0;3.72E-6;5.00E-5;0.00E0;0.00E0;4;0;-2122.54184214878;-2513.02864535434;0;485.018043027704;51;94.4157114640068
234;1.05E4;0.00E0;1.28E-6;5.00E-5;0.00E0;0.00E0;4;0;-1536.07873682251;-26.7410070633473;0;20.0217597182235;56;235.514078260635
235;7.65E4;0.00E0;1.35E-6;5.00E-5;0.00E0;0.00E0;4;0;-698.119500638898;-1162.69450110411;0;538.754760768235;53;63.481666347588
242;3.17E4;0.00E0;1.50E-6;5.00E-5;0.00E0;0.00E0;4;0;-1300.87867979414;-677.384298646715;0;120.395036941875;37;117.762046591859
257;5.25E4;0.00E0;1.00E-6;5.00E-5;0.00E0;0.00E0;4;0;504.728047280213;1222.22106811697;0;157.189296325881;10;149.270839986485
263;5.87E4;0.00E0;1.60E-6;5.00E-5;0.00E0;0.00E0;4;0;-1146.77558787417;-1097.05718633053;0;211.438057950872;53;124.079945274177
266;4.95E4;0.00E0;2.21E-6;5.00E-5;0.00E0;0.00E0;4;0;-1877.30900350743;-2132.35330178469;0;150.582531041423;51;146.861859684742
269;6.57E4;0.00E0;9.60E-7;5.00E-5;0.00E0;0.00E0;4;0;-958.236226101146;1727.62685893381;0;437.417297400969;69;67.1284499112233
274;3.85E4;0.00E0;7.99E-7;5.00E-5;0.00E0;0.00E0;4;0;-87.9491192539058;568.422720265215;0;241.105513758881;4;71.4198330872868
276;2.66E4;0.00E0;1.47E-6;5.00E-5;0.00E0;0.00E0;4;0;-2456.42901069489;302.979177922597;0;32.5605013135658;76;365.82818047212
279;4.13E4;0.00E0;1.26E-6;5.00E-5;0.00E0;0.00E0;4;0;-1708.55352894229;-1436.24083715616;0;105.93166453233;46;174.502740129352
285;1.79E4;0.00E0;8.10E-7;5.00E-5;0.00E0;0.00E0;4;0;-2860.15266639344;-136.788856811647;0;100.564351080723;86;79.3639431911685
290;3.92E4;0.00E0;1.80E-6;5.00E-5;0.00E0;0.00E0;4;0;-1645.35587553962;264.569730873359;0;52.3061864095772;58;335.036736443091
291;2.92E4;0.00E0;1.95E-6;5.00E-5;0.00E0;0.00E0;4;0;-382.287573608473;218.434522341281;0;204.23536755106;19;63.9477176911249
303;7.26E4;0.00E0;1.69E-6;5.00E-5;0.00E0;0.00E0;4;0;-14.052788964972;1022.92867857099;0;252.632854105387;12;128.553929949302
309;7.63E4;0.00E0;3.83E-6;5.00E-5;0.00E0;0.00E0;4;0;-1805.4736923052;-1275.98372499934;0;292.582228148487;46;116.656695149032
313;6.07E4;0.00E0;2.62E-6;5.00E-5;0.00E0;0.00E0;4;0;-570.679562804669;265.400593925854;0;311.003392206123;20;87.1888785842935
316;1.06E5;0.00E0;2.21E-6;5.00E-5;0.00E0;0.00E0;4;0;-988.42993871419;1319.28004814393;0;263.053184772222;67;179.90534866247
324;5.27E4;0.00E0;2.83E-6;5.00E-5;0.00E0;0.00E0;4;0;-723.192070683352;-29.7697623144181;0;180.80486765231;22;130.217462246466
327;9.67E4;0.00E0;2.37E-6;5.00E-5;0.00E0;0.00E0;4;0;-1632.17029955778;-1713.41418646137;0;176.254900668949;46;245.330299631161
328;5.65E4;0.00E0;4.17E-6;5.00E-5;0.00E0;0.00E0;4;0;-2012.97489060772;-1835.25409752578;0;53.1124827066712;49;475.398457426223
330;3.10E4;0.00E0;2.50E-6;5.00E-5;0.00E0;0.00E0;4;0;-2783.33598674557;-135.04490373566;0;159.265820393512;86;87.0736342081728
331;5.52E4;0.00E0;3.26E-6;5.00E-5;0.00E0;0.00E0;4;0;-2975.085843967;770.572277075671;0;315.87643437607;80;78.1448701505683
334;3.15E4;0.00E0;6.84E-7;5.00E-5;0.00E0;0.00E0;4;0;-3.36046463224648;-557.08524916392;0;173.254570728015;16;81.3922560350712
342;4.77E4;0.00E0;1.63E-6;5.00E-5;0.00E0;0.00E0;4;0;36.9876253643656;304.34885763022;0;63.3278753890657;2;336.407958322182
352;2.92E4;0.00E0;8.06E-7;5.00E-5;0.00E0;0.00E0;4;0;-2992.95083445125;149.139714210529;0;51.5386855291653;83;253.47183644793
353;2.25E4;0.00E0;1.41E-6;5.00E-5;0.00E0;0.00E0;4;0;-747.994559786266;-348.195157320814;0;61.5701839544578;24;163.546336918665
354;2.49E4;0.00E0;9.26E-7;5.00E-5;0.00E0;0.00E0;4;0;-88.7556371954356;-218.56816177158;0;107.167354747294;15;103.827934668155
359;3.24E4;0.00E0;1.40E-6;5.00E-5;0.00E0;0.00E0;4;0;-1568.63524557839;1586.66252634207;0;177.242270089457;70;81.6276007965168
360;1.13E5;0.00E0;1.70E-6;5.00E-5;0.00E0;0.00E0;4;0;-1753.45516418132;-987.110656260071;0;391.619454167076;40;128.915977986176
362;6.60E4;0.00E0;6.18E-7;5.00E-5;0.00E0;0.00E0;4;0;-945.889987023877;-883.215406924531;0;421.622894105229;39;70.0098853917964
363;3.31E4;0.00E0;1.45E-6;5.00E-5;0.00E0;0.00E0;4;0;-1763.13504580728;921.386729894802;0;228.136877370123;63;64.9583936818941
365;5.65E4;0.00E0;3.56E-6;5.00E-5;0.00E0;0.00E0;4;0;-2408.7840849409;-1765.7118206236;0;394.351738827685;52;64.0268193448227
379;1.06E5;0.00E0;8.21E-6;5.00E-5;0.00E0;0.00E0;4;0;-815.288997526611;-1543.34116770965;0;474.929819029367;53;99.5050090564473
380;9.78E4;0.00E0;3.57E-6;5.00E-5;0.00E0;0.00E0;4;0;-2328.14844647488;153.013557284619;0;94.5113168533147;75;462.442817766369
381;3.65E4;0.00E0;1.99E-6;5.00E-5;0.00E0;0.00E0;4;0;-1912.75200953609;-1850.80962051243;0;38.3263612151967;48;425.836488311989
383;1.00E5;0.00E0;3.66E-6;5.00E-5;0.00E0;0.00E0;4;0;-2014.22994292279;-2275.54804265686;0;235.860976863565;51;189.463472668832
388;3.95E4;0.00E0;5.69E-7;5.00E-5;0.00E0;0.00E0;4;0;-1728.04830318381;179.366536643649;0;45.4233261083045;58;388.358558846708
402;9.87E3;0.00E0;6.09E-7;5.00E-5;0.00E0;0.00E0;4;0;-1299.68930642245;1483.98498396594;0;25.5902417843998;68;172.369796644392
404;1.75E4;0.00E0;8.47E-7;5.00E-5;0.00E0;0.00E0;4;0;-1831.39091355749;-1706.26572215582;0;66.1786301721217;47;118.19645733077
408;1.30E5;0.00E0;4.61E-6;5.00E-5;0.00E0;0.00E0;4;0;-3368.88053538942;337.629543902506;0;346.666082128888;82;167.618131189757
417;1.41E5;0.00E0;2.36E-6;5.00E-5;0.00E0;0.00E0;4;0;-1353.51343124725;982.639512297547;0;170.595515051137;64;368.38805394381
420;2.16E4;0.00E0;6.02E-7;5.00E-5;0.00E0;0.00E0;4;0;37.8667798079186;567.744390396314;0;117.332773324035;4;82.3394344327676
423;7.78E4;0.00E0;4.06E-6;5.00E-5;0.00E0;0.00E0;4;0;-906.363737492003;-1053.24099713988;0;396.419648583576;53;87.760674508925
425;5.68E4;0.00E0;2.70E-6;5.00E-5;0.00E0;0.00E0;4;0;-1828.16030681671;925.580670916966;0;293.209300024622;63;86.5607957404568
431;3.65E4;0.00E0;2.04E-6;5.00E-5;0.00E0;0.00E0;4;0;198.161845122464;440.136481084524;0;37.4389382774425;4;436.116833059466
435;6.24E4;0.00E0;7.05E-7;5.00E-5;0.00E0;0.00E0;4;0;619.480587250816;1388.61051025318;0;337.698008552394;11;82.5731504220586
444;4.66E4;0.00E0;9.18E-7;5.00E-5;0.00E0;0.00E0;4;0;-2431.40123666358;356.940400892933;0;90.2521301431558;76;230.808774664858
445;4.15E4;0.00E0;4.21E-6;5.00E-5;0.00E0;0.00E0;4;0;-629.083481377005;87.0115209109376;0;196.915913339856;21;94.2676846476711
460;6.76E4;0.00E0;1.31E-6;5.00E-5;0.00E0;0.00E0;4;0;658.867883005632;632.986774207481;0;306.214423625009;7;98.738842187067
466;8.79E3;0.00E0;6.78E-7;5.00E-5;0.00E0;0.00E0;4;0;-2967.24380119927;253.119602825886;0;30.3625724001859;82;129.399453877034
469;2.31E4;0.00E0;1.54E-6;5.00E-5;0.00E0;0.00E0;4;0;-3203.63633609583;195.61651487667;0;151.036359168973;82;68.4343894792578
473;1.05E5;0.00E0;8.90E-6;5.00E-5;0.00E0;0.00E0;4;0;-1267.78278335662;1017.60069790642;0;218.18784690719;66;215.948863225448
474;6.60E4;0.00E0;1.65E-6;5.00E-5;0.00E0;0.00E0;4;0;-974.643049189804;87.4350801039373;0;301.217895293532;26;98.0230303994467
490;3.86E4;0.00E0;7.39E-7;5.00E-5;0.00E0;0.00E0;4;0;-1085.71298208467;-1222.95797427137;0;152.797362797479;53;112.863502527852
491;6.49E4;0.00E0;8.77E-7;5.00E-5;0.00E0;0.00E0;4;0;-2363.3786342692;484.067849222205;0;225.564039857375;77;128.668643011571
493;2.72E4;0.00E0;4.26E-6;5.00E-5;0.00E0;0.00E0;4;0;-655.0318603919;-413.105787752405;0;142.450235776383;23;85.4366426822582
494;5.85E4;0.00E0;8.59E-7;5.00E-5;0.00E0;0.00E0;4;0;-1155.82892775768;646.733274050613;0;380.112718481574;61;68.7669271152273
499;4.91E4;0.00E0;2.41E-6;5.00E-5;0.00E0;0.00E0;4;0;-1413.94428866142;1792.67345315509;0;55.3647761388278;70;396.077191283883
504;3.35E4;0.00E0;1.51E-6;5.00E-5;0.00E0;0.00E0;4;0;-25.1621643338572;577.151490515108;0;180.777467529116;4;82.7885353200696
511;3.03E4;0.00E0;1.35E-6;5.00E-5;0.00E0;0.00E0;4;0;-603.522969592981;-417.62693369307;0;174.527861636385;23;77.6801646132949
513;1.01E5;0.00E0;4.96E-6;5.00E-5;0.00E0;0.00E0;4;0;-480.620611019147;-728.445747726432;0;502.631210651325;23;89.9553703286461
519;8.12E4;0.00E0;1.81E-6;5.00E-5;0.00E0;0.00E0;4;0;-298.949026154274;-408.832657481461;0;274.866861635375;16;132.135937213055
526;6.29E4;0.00E0;1.65E-6;5.00E-5;0.00E0;0.00E0;4;0;-2395.4722038903;449.276321211386;0;178.978173404144;77;157.054268627997
539;7.18E4;0.00E0;3.64E-6;5.00E-5;0.00E0;0.00E0;4;0;-2163.78107132978;-2102.02331321513;0;125.114844741211;52;256.49189276652
558;8.82E4;0.00E0;1.52E-6;5.00E-5;0.00E0;0.00E0;4;0;597.760483766572;336.743238358421;0;435.224980211757;3;90.6215646458051
567;4.04E4;0.00E0;1.05E-6;5.00E-5;0.00E0;0.00E0;4;0;-1654.693419132;1623.55486939654;0;174.332622117479;71;103.697013264598
570;6.35E4;0.00E0;2.68E-6;5.00E-5;0.00E0;0.00E0;4;0;-3304.03625037563;261.826770593096;0;259.986418476095;82;109.103865713141
575;2.58E4;0.00E0;1.42E-6;5.00E-5;0.00E0;0.00E0;4;0;-1361.73415080821;-1545.50404488021;0;77.213904229131;43;149.252733164531
576;2.66E4;0.00E0;8.62E-7;5.00E-5;0.00E0;0.00E0;4;0;-1584.34810474618;1812.9644683105;0;42.1646308119551;71;282.38483542583
581;4.66E4;0.00E0;1.71E-6;5.00E-5;0.00E0;0.00E0;4;0;-781.823325048829;-24.1476505411547;0;228.793959177282;22;91.0999740973062
590;4.35E4;0.00E0;4.04E-6;5.00E-5;0.00E0;0.00E0;4;0;-2787.95098102284;-557.594032438874;0;322.126946347478;86;60.4150364148644
605;7.16E4;0.00E0;1.82E-6;5.00E-5;0.00E0;0.00E0;4;0;-2335.50747470558;-23.4676447809429;0;270.572331436753;75;118.27664292981
606;6.44E4;0.00E0;2.89E-6;5.00E-5;0.00E0;0.00E0;4;0;-902.381383716222;1434.13411050844;0;356.257004689235;67;80.7659030539526
620;3.36E4;0.00E0;1.29E-6;5.00E-5;0.00E0;0.00E0;4;0;-1033.86723162461;-467.425329280921;0;229.937617117888;25;65.2529796276836
623;5.86E4;0.00E0;1.01E-6;5.00E-5;0.00E0;0.00E0;4;0;336.665926503679;-489.868308007739;0;376.421585590468;16;69.5592300095286
624;3.43E4;0.00E0;1.34E-6;5.00E-5;0.00E0;0.00E0;4;0;-1450.40937133397;1051.25948042031;0;65.4781326632283;64;234.253534901197
626;6.91E4;0.00E0;7.16E-6;5.00E-5;0.00E0;0.00E0;4;0;-1550.94725241217;119.561215340307;0;93.0501397430019;57;332.042856776424
627;6.64E4;0.00E0;2.01E-6;5.00E-5;0.00E0;0.00E0;4;0;-2101.93648363182;-1350.40190343919;0;380.617575568566;47;78.0396165947401
628;9.36E4;0.00E0;5.06E-6;5.00E-5;0.00E0;0.00E0;4;0;-252.012712622583;264.688911383163;0;253.611557953861;19;165.076540613967
630;4.18E4;0.00E0;1.94E-6;5.00E-5;0.00E0;0.00E0;4;0;497.708416655776;1281.66175987239;0;188.707700739805;10;98.9340808154504
631;6.39E4;0.00E0;2.54E-6;5.00E-5;0.00E0;0.00E0;4;0;-278.35299138115;-163.337165499625;0;174.933999368654;19;163.17877439162
633;5.01E4;0.00E0;2.23E-6;5.00E-5;0.00E0;0.00E0;4;0;-1026.61644547145;149.714463708141;0;339.166931081571;26;66.0956928962085
641;4.29E4;0.00E0;1.26E-6;5.00E-5;0.00E0;0.00E0;4;0;-1080.43691462984;-1230.6769455516;0;154.070833760002;53;124.555442499002
644;3.62E4;0.00E0;3.03E-6;5.00E-5;0.00E0;0.00E0;4;0;264.719258473083;1428.91778373357;0;156.555911095505;11;103.239735004649
656;4.77E4;0.00E0;1.06E-6;5.00E-5;0.00E0;0.00E0;4;0;-1494.23538441426;1173.58843768752;0;41.8006980367343;65;509.735554266388
662;5.72E4;0.00E0;6.38E-7;5.00E-5;0.00E0;0.00E0;4;0;-1228.40134282064;-1030.97887118168;0;127.72746612912;39;200.037175189153
672;4.43E4;0.00E0;9.02E-7;5.00E-5;0.00E0;0.00E0;4;0;-2568.36005042358;78.7566813530198;0;212.6845748386;76;93.1173758450696
686;6.44E4;0.00E0;1.27E-6;5.00E-5;0.00E0;0.00E0;4;0;-1937.99628823112;-2387.99884439048;0;357.080326047153;51;80.6666352595796
692;1.13E5;0.00E0;2.13E-6;5.00E-5;0.00E0;0.00E0;4;0;336.451454759636;1559.21970592815;0;284.846983684995;11;177.274538382604
697;6.74E4;0.00E0;1.06E-6;5.00E-5;0.00E0;0.00E0;4;0;-2069.2294311495;-496.948821553739;0;274.19292137343;32;109.833858014302
706;1.12E5;0.00E0;2.20E-6;5.00E-5;0.00E0;0.00E0;4;0;-203.856562687033;69.4420314129707;0;62.7278066490756;18;798.148513405423
707;1.61E5;0.00E0;1.27E-5;5.00E-5;0.00E0;0.00E0;4;0;-1031.62384964499;1847.35448092003;0;419.552738419207;70;171.257586511151
709;5.53E4;0.00E0;2.93E-6;5.00E-5;0.00E0;0.00E0;4;0;-2986.71057088274;-283.162446735484;0;91.2049165522639;86;270.86083140099
718;5.60E4;0.00E0;8.64E-7;5.00E-5;0.00E0;0.00E0;4;0;-2189.99006910901;-113.534105031757;0;385.440652658875;75;64.9349172480983
723;4.57E4;0.00E0;1.05E-6;5.00E-5;0.00E0;0.00E0;4;0;-2091.13649659085;-2177.8321348948;0;156.909504005585;52;130.243382588282
725;2.55E4;0.00E0;2.31E-6;5.00E-5;0.00E0;0.00E0;4;0;-2129.92935945433;146.930180117538;0;142.039726363324;74;80.1887948595295
726;8.20E4;0.00E0;6.75E-6;5.00E-5;0.00E0;0.00E0;4;0;-231.463801594083;1408.75867665671;0;548.522682359952;11;66.8251482420456
727;3.10E4;0.00E0;1.53E-6;5.00E-5;0.00E0;0.00E0;4;0;-1150.79878974846;1177.60345091477;0;140.998674932668;66;98.1754808497226
735;2.66E4;0.00E0;7.71E-7;5.00E-5;0.00E0;0.00E0;4;0;-1361.41837916379;-190.275515554357;0;62.7695217128447;29;189.636756894268
750;8.91E4;0.00E0;1.56E-6;5.00E-5;0.00E0;0.00E0;4;0;-50.1500900632204;1490.50100912591;0;411.083698823584;11;96.8729948370773
753;5.63E4;0.00E0;2.26E-6;5.00E-5;0.00E0;0.00E0;4;0;-1841.70904992718;603.430292054791;0;264.463309519846;60;95.1725308889693
757;3.33E4;0.00E0;6.44E-6;5.00E-5;0.00E0;0.00E0;4;0;-1734.4315248428;-171.641393764037;0;135.112944239336;31;110.045464317057
760;5.39E4;0.00E0;2.65E-6;5.00E-5;0.00E0;0.00E0;4;0;398.531597091199;-335.649248144884;0;391.271327156071;15;61.5831888170615
766;6.36E4;0.00E0;4.52E-6;5.00E-5;0.00E0;0.00E0;4;0;-1472.76931385495;-1919.99141563;0;426.487813071034;44;66.6489640181072
770;5.00E4;0.00E0;3.51E-6;5.00E-5;0.00E0;0.00E0;4;0;-1199.72831052414;1152.82296118633;0;124.604940821384;66;179.267990757739
778;4.36E4;0.00E0;1.69E-6;5.00E-5;0.00E0;0.00E0;4;0;-2766.7970469502;-292.121312259952;0;131.167026047244;86;148.549757772
780;8.10E4;0.00E0;3.03E-6;5.00E-5;0.00E0;0.00E0;4;0;-2747.49913521532;-265.435252886867;0;144.961361806023;86;249.815338287786
788;4.58E4;0.00E0;1.97E-6;5.00E-5;0.00E0;0.00E0;4;0;424.783429744159;405.632564721525;0;259.762329935984;3;78.8293244283648
789;7.86E4;0.00E0;1.12E-6;5.00E-5;0.00E0;0.00E0;4;0;-838.383359839091;-1429.37010784011;0;404.765504765481;53;86.771958875694
794;3.60E4;0.00E0;7.88E-7;5.00E-5;0.00E0;0.00E0;4;0;-1691.28248426898;-45.6016124335556;0;118.823931206123;57;135.277823520222
795;7.83E4;0.00E0;1.62E-6;5.00E-5;0.00E0;0.00E0;4;0;668.719745021755;1540.56896601041;0;452.737208372;11;77.2897585579255
800;1.75E5;0.00E0;4.17E-6;5.00E-5;0.00E0;0.00E0;4;0;1209.22589394763;-366.073175972706;0;1188.55378427799;13;65.8359151255527
811;6.41E4;0.00E0;4.36E-6;5.00E-5;0.00E0;0.00E0;4;0;-1585.86589334343;1168.70604105573;0;104.718035490872;65;273.647231843455
818;2.26E4;0.00E0;1.35E-6;5.00E-5;0.00E0;0.00E0;4;0;-2039.75614630325;-2185.40678729555;0;147.519672404558;51;68.6085152827317
820;3.97E4;0.00E0;6.18E-6;5.00E-5;0.00E0;0.00E0;4;0;-410.259451139603;-236.813338699156;0;188.122013026831;21;94.3001140910424
823;7.61E4;0.00E0;4.03E-6;5.00E-5;0.00E0;0.00E0;4;0;871.826176030237;566.628430886677;0;516.790079549133;7;65.8171456081145
825;8.18E4;0.00E0;2.15E-6;5.00E-5;0.00E0;0.00E0;4;0;-3100.29503314842;-82.4759267961917;0;109.886180746858;84;332.942885693159
832;4.62E4;0.00E0;2.54E-6;5.00E-5;0.00E0;0.00E0;4;0;-1473.08102478718;953.89034949646;0;55.8782646219407;64;369.378894101098
834;5.73E4;0.00E0;1.02E-6;5.00E-5;0.00E0;0.00E0;4;0;-3191.49916473401;405.124095506978;0;239.614018767306;82;106.82007496183
841;9.46E4;0.00E0;3.81E-6;5.00E-5;0.00E0;0.00E0;4;0;-159.759325308107;60.0328763644425;0;58.2760891310813;18;725.387797707575
849;2.05E4;0.00E0;5.60E-7;5.00E-5;0.00E0;0.00E0;4;0;45.2682096671697;-335.184279004191;0;51.5694562753571;16;178.117450982894
852;1.09E5;0.00E0;1.88E-6;5.00E-5;0.00E0;0.00E0;4;0;-2620.03254383018;-561.32101978346;0;411.289250499491;86;118.627854099695
868;8.24E4;0.00E0;2.51E-6;5.00E-5;0.00E0;0.00E0;4;0;492.027223943265;-48.6189017723364;0;423.841498647954;13;86.8736260959961
873;6.34E4;0.00E0;4.00E-6;5.00E-5;0.00E0;0.00E0;4;0;584.803750963456;992.619821393505;0;151.959140817258;8;186.489885956997
892;9.20E4;0.00E0;2.56E-6;5.00E-5;0.00E0;0.00E0;4;0;-1845.70626221802;-51.8026566641679;0;245.123445423478;57;167.713590827109
902;7.39E4;0.00E0;8.46E-7;5.00E-5;0.00E0;0.00E0;4;0;-1249.30108246276;-467.828211927956;0;234.498297955013;28;140.921752683228
904;1.29E5;0.00E0;3.11E-6;5.00E-5;0.00E0;0.00E0;4;0;-1691.8692981978;-2467.78309144156;0;533.715886805017;51;108.185439742279
906;7.20E4;0.00E0;2.92E-6;5.00E-5;0.00E0;0.00E0;4;0;-1660.91983423635;1444.38698071942;0;319.80789368067;69;100.678984222054
914;9.67E4;0.00E0;5.05E-6;5.00E-5;0.00E0;0.00E0;4;0;-2100.84994318191;-2355.45161371086;0;326.772542448916;51;132.24919170426
920;1.49E5;0.00E0;5.52E-6;5.00E-5;0.00E0;0.00E0;4;0;-296.743287797008;-474.129316887359;0;285.829493242423;16;232.265492136581
921;2.32E4;0.00E0;8.64E-7;5.00E-5;0.00E0;0.00E0;4;0;-3056.0980032547;-106.058852749979;0;75.5490023230472;85;137.476011372798
922;6.93E4;0.00E0;1.40E-6;5.00E-5;0.00E0;0.00E0;4;0;-2269.55935276135;-2236.30250723972;0;295.958237822533;52;104.637547187289
927;1.01E5;0.00E0;2.80E-6;5.00E-5;0.00E0;0.00E0;4;0;-2069.6179136398;-2464.39715204016;0;427.981280589478;51;105.825926448585
933;1.94E4;0.00E0;6.53E-7;5.00E-5;0.00E0;0.00E0;4;0;-1182.4891670519;-325.585445006631;0;122.384654050928;28;70.7674654007
935;5.17E4;0.00E0;2.29E-6;5.00E-5;0.00E0;0.00E0;4;0;-1093.35223021948;-1081.40046279241;0;248.734292508835;53;92.9813117362422
939;2.18E4;0.00E0;1.41E-6;5.00E-5;0.00E0;0.00E0;4;0;-1294.73480174137;-771.704468864138;0;85.9196580565092;38;113.397874905535
947;1.33E5;0.00E0;5.19E-6;5.00E-5;0.00E0;0.00E0;4;0;-2813.51408971435;883.544110440138;0;392.134407921713;79;152.181220757617
951;1.00E5;0.00E0;8.02E-6;5.00E-5;0.00E0;0.00E0;4;0;639.251695007763;1493.98575030706;0;402.167171647797;11;111.220052233248
957;1.74E4;0.00E0;1.75E-6;5.00E-5;0.00E0;0.00E0;4;0;-2895.74805936322;-145.082780645792;0;68.4044938059589;86;113.440969259373
965;2.12E4;0.00E0;5.73E-7;5.00E-5;0.00E0;0.00E0;4;0;-708.461465493314;-50.7966507861565;0;155.901958739264;22;60.7277323671155
987;5.54E4;0.00E0;1.83E-6;5.00E-5;0.00E0;0.00E0;4;0;-1088.02443226509;1868.12335522993;0;376.929001384862;70;65.7519530943781
988;3.07E5;0.00E0;3.71E-6;5.00E-5;0.00E0;0.00E0;4;0;-1015.55040487457;-1008.94160164556;0;339.6001301253;39;403.696436392669
992;6.85E4;0.00E0;9.77E-6;5.00E-5;0.00E0;0.00E0;4;0;-746.94473237883;-717.759290048757;0;430.519014025221;24;71.1542262615497
1001;6.90E4;0.00E0;1.09E-6;5.00E-5;0.00E0;0.00E0;4;0;-1190.58744742415;-900.045544074941;0;176.61280949843;39;174.714192912204
1007;2.75E4;0.00E0;7.54E-7;5.00E-5;0.00E0;0.00E0;4;0;-1959.42512277746;-2089.1503399064;0;71.6782025644877;51;171.312902992282
1010;7.56E4;0.00E0;5.08E-6;5.00E-5;0.00E0;0.00E0;4;0;-2339.4744726316;-1539.93460591063;0;432.487171883696;47;78.0944897262818
1018;6.89E4;0.00E0;1.02E-6;5.00E-5;0.00E0;0.00E0;4;0;-3280.45946058615;-223.703634236034;0;320.440904384128;85;96.1593684466802
1034;2.19E4;0.00E0;7.06E-7;5.00E-5;0.00E0;0.00E0;4;0;-471.10371930502;-180.545103783149;0;105.386377828593;21;92.9113332563828
1035;1.25E5;0.00E0;6.69E-6;5.00E-5;0.00E0;0.00E0;4;0;-516.322654082706;1307.18204596483;0;734.414221084216;67;75.7914958978563
1041;1.91E5;0.00E0;3.51E-6;5.00E-5;0.00E0;0.00E0;4;0;571.79004770137;1651.86544142375;0;462.823475496447;11;184.829387990114
1052;9.68E4;0.00E0;2.98E-6;5.00E-5;0.00E0;0.00E0;4;0;-867.737938070454;-1026.31290548932;0;443.456947769805;53;97.5563430440334
1053;9.54E4;0.00E0;7.14E-7;5.00E-5;0.00E0;0.00E0;4;0;-546.820004911642;-1394.71941155529;0;680.778615394325;53;62.6273995833183
1054;5.73E4;0.00E0;1.10E-6;5.00E-5;0.00E0;0.00E0;4;0;-950.700182607349;-634.591109792502;0;356.992600168583;24;71.7270197353336
1059;4.37E4;0.00E0;3.42E-6;5.00E-5;0.00E0;0.00E0;4;0;-1655.49564820264;-1764.33739481344;0;211.461635763319;46;92.4166700785548
1068;4.99E4;0.00E0;1.39E-6;5.00E-5;0.00E0;0.00E0;4;0;-1201.94501844419;695.781820634012;0;339.608658534231;62;65.6821520199042
1078;4.25E4;0.00E0;2.95E-6;5.00E-5;0.00E0;0.00E0;4;0;-1024.44788160122;1381.22343313822;0;226.604065806194;67;83.8193671295038
1080;3.98E4;0.00E0;1.71E-6;5.00E-5;0.00E0;0.00E0;4;0;-1833.40302977441;-1461.00600019523;0;139.359032969142;46;127.626681943899
1082;3.74E4;0.00E0;2.86E-6;5.00E-5;0.00E0;0.00E0;4;0;-1437.14789797516;185.660670003489;0;217.183472488227;87;76.9761867588805
1083;4.24E4;0.00E0;3.59E-6;5.00E-5;0.00E0;0.00E0;4;0;-1586.41281282583;-419.889327401541;0;52.7670643030278;33;359.113431974743
1086;1.59E5;0.00E0;3.17E-6;5.00E-5;0.00E0;0.00E0;4;0;-2785.85404616733;-2607.05888908215;0;922.371648534591;52;76.9022890306756
1089;4.62E4;0.00E0;2.56E-6;5.00E-5;0.00E0;0.00E0;4;0;-1781.31223686773;-1926.51633736325;0;167.924367841863;50;122.891867834419
1098;4.61E4;0.00E0;2.22E-6;5.00E-5;0.00E0;0.00E0;4;0;-1097.46498822992;-810.473574643123;0;278.670209697401;38;73.9602202398851
1101;7.72E4;0.00E0;4.24E-6;5.00E-5;0.00E0;0.00E0;4;0;-1554.98110340163;-1558.47411158837;0;59.6590870577141;44;578.209143401167
1103;3.19E4;0.00E0;7.44E-7;5.00E-5;0.00E0;0.00E0;4;0;-206.047488673695;-168.806814482143;0;174.289516196028;18;81.9421081427272
1111;5.92E4;0.00E0;2.26E-6;5.00E-5;0.00E0;0.00E0;4;0;-1583.35012063585;172.606792485214;0;75.423439372848;87;350.660867130293
1112;1.07E5;0.00E0;9.33E-7;5.00E-5;0.00E0;0.00E0;4;0;635.996321511631;686.157233683039;0;256.149899871426;7;185.948888744099
1118;6.94E4;0.00E0;2.18E-6;5.00E-5;0.00E0;0.00E0;4;0;-1147.6542885639;-755.472383952091;0;233.874804712356;38;132.581973538046
1123;4.18E4;0.00E0;3.54E-6;5.00E-5;0.00E0;0.00E0;4;0;-816.167247026096;-466.084256144552;0;175.112368514196;24;106.613086469742
1126;5.65E4;0.00E0;1.35E-6;5.00E-5;0.00E0;0.00E0;4;0;95.2552998646861;489.564848534347;0;60.1847280195479;4;419.546376625648
1129;7.74E4;0.00E0;5.25E-6;5.00E-5;0.00E0;0.00E0;4;0;-2314.81992009331;565.016645801311;0;303.206963255359;75;114.118350939473
1133;3.71E4;0.00E0;8.99E-7;5.00E-5;0.00E0;0.00E0;4;0;-2250.35523988906;-2005.36211235359;0;158.949117366453;52;104.256771921958
1137;6.66E4;0.00E0;1.97E-6;5.00E-5;0.00E0;0.00E0;4;0;-1166.17590953997;-1090.80587889764;0;202.26097756035;40;147.1111134891
1146;3.65E4;0.00E0;2.52E-6;5.00E-5;0.00E0;0.00E0;4;0;-1094.12994889286;-1236.74200433319;0;139.096803172801;53;117.389101153362
1149;2.40E4;0.00E0;1.01E-6;5.00E-5;0.00E0;0.00E0;4;0;-1315.68482858697;-997.058711893664;0;41.1932245042453;39;260.96059122313
1154;4.25E4;0.00E0;1.00E-6;5.00E-5;0.00E0;0.00E0;4;0;-1.14028306003047;809.713853083094;0;177.866804045048;12;106.82764361005
1156;6.73E4;0.00E0;4.89E-6;5.00E-5;0.00E0;0.00E0;4;0;-1072.62176638963;-338.848844135372;0;126.675817360083;26;237.402247416668
1159;1.77E5;0.00E0;1.53E-6;5.00E-5;0.00E0;0.00E0;4;0;853.312291941406;-346.93180059821;0;843.460508063896;15;93.7771605708333
1161;9.42E3;0.00E0;4.70E-7;5.00E-5;0.00E0;0.00E0;4;0;-51.5340443545274;33.8486394964189;0;35.55706090002;17;118.415686187859
1165;3.63E4;0.00E0;1.06E-6;5.00E-5;0.00E0;0.00E0;4;0;-3231.55225578246;-0.568680124052207;0;207.728974802986;83;78.0724697015063
1173;8.62E4;0.00E0;1.54E-6;5.00E-5;0.00E0;0.00E0;4;0;939.927534194318;1375.05004246797;0;606.111045793758;9;63.5706112374663
1178;3.03E4;0.00E0;1.18E-6;5.00E-5;0.00E0;0.00E0;4;0;-1531.05978628046;121.040028332113;0;109.729636801586;57;123.531557958387
1183;1.84E5;0.00E0;1.22E-5;5.00E-5;0.00E0;0.00E0;4;0;-1045.27072919698;-2565.96446380167;0;1059.5003165764;50;77.6320292871219
1191;4.49E4;0.00E0;1.95E-6;5.00E-5;0.00E0;0.00E0;4;0;-2803.7373970182;-362.786130403238;0;141.037586024737;86;142.333185337007
1192;6.48E4;0.00E0;1.68E-6;5.00E-5;0.00E0;0.00E0;4;0;-1226.50950982089;-1595.64468238228;0;215.151817793365;43;134.724971424543
1193;3.47E4;0.00E0;8.75E-7;5.00E-5;0.00E0;0.00E0;4;0;-102.326222015416;147.723266576364;0;133.694388467196;1;116.015132758273
1218;6.42E4;0.00E0;2.41E-6;5.00E-5;0.00E0;0.00E0;4;0;-1671.32605268315;1985.43676508226;0;235.282672233253;71;121.953371720471
1224;1.24E4;0.00E0;2.75E-6;5.00E-5;0.00E0;0.00E0;4;0;-192.454992927521;85.4795071690719;0;79.932709231707;18;69.1051859078767
1226;1.31E5;0.00E0;3.30E-6;5.00E-5;0.00E0;0.00E0;4;0;-3545.69759779299;403.080203912178;0;534.931574992423;82;109.702114964148
1227;7.27E4;0.00E0;7.89E-6;5.00E-5;0.00E0;0.00E0;4;0;-303.429570866176;-400.705326448981;0;278.761125637774;16;116.536059746392
1238;9.58E4;0.00E0;4.27E-6;5.00E-5;0.00E0;0.00E0;4;0;-1684.02918837009;541.105802878271;0;96.5350743632546;61;443.815998660511
1241;2.14E4;0.00E0;8.95E-7;5.00E-5;0.00E0;0.00E0;4;0;-2708.26574404153;342.014950769124;0;120.940362094819;78;79.2802151560972
1243;4.73E4;0.00E0;1.29E-6;5.00E-5;0.00E0;0.00E0;4;0;-2086.36678251381;-1519.26525084606;0;239.733892856227;47;88.2063576146447
1250;3.99E4;0.00E0;9.80E-7;5.00E-5;0.00E0;0.00E0;4;0;-1493.85338778372;1381.76546620511;0;193.413581169166;68;92.2848491938736
1270;8.97E4;0.00E0;4.15E-6;5.00E-5;0.00E0;0.00E0;4;0;-1143.01792427601;-1346.7281845301;0;92.8298302932323;53;432.161779726725
1276;4.32E4;0.00E0;1.04E-6;5.00E-5;0.00E0;0.00E0;4;0;666.645426077199;1024.1571177326;0;238.829182900036;8;80.9017455167089
1281;2.07E5;0.00E0;3.55E-6;5.00E-5;0.00E0;0.00E0;4;0;-909.54342895197;2181.6451951383;0;690.752145169481;70;133.917259810925
1285;4.85E4;0.00E0;9.65E-7;5.00E-5;0.00E0;0.00E0;4;0;-1736.64001648598;-1463.25632694477;0;94.2512720757872;46;229.946526797816
1286;9.66E4;0.00E0;2.63E-6;5.00E-5;0.00E0;0.00E0;4;0;-2366.28957784971;-95.0727191729684;0;343.415493537009;75;125.783244247988
1290;4.26E4;0.00E0;4.70E-6;5.00E-5;0.00E0;0.00E0;4;0;-964.345698334283;1483.79131699121;0;313.495094658105;67;60.7179272839192
1302;6.29E4;0.00E0;2.41E-6;5.00E-5;0.00E0;0.00E0;4;0;-1984.71325665143;-2161.92518643444;0;126.341394439749;51;222.60264084655
1311;5.92E4;0.00E0;4.03E-6;5.00E-5;0.00E0;0.00E0;4;0;-1833.03093112982;-1404.21784910431;0;190.039109885723;46;139.224205332542
1313;7.84E3;0.00E0;8.02E-7;5.00E-5;0.00E0;0.00E0;4;0;-1287.46924167131;1333.80906468872;0;34.078834559374;67;102.788534239827
1316;8.09E4;0.00E0;1.55E-6;5.00E-5;0.00E0;0.00E0;4;0;-1307.25592061882;-1839.0989874792;0;367.069886905676;43;98.5106966999304
1322;2.86E4;0.00E0;3.75E-6;5.00E-5;0.00E0;0.00E0;4;0;-883.405903809022;-449.05630967094;0;160.346503916042;24;79.8433705604552
1328;1.50E4;0.00E0;9.63E-7;5.00E-5;0.00E0;0.00E0;4;0;-1870.6858921995;-1898.43752567226;0;99.4393721806596;49;67.6019367358772
1350;1.02E5;0.00E0;1.12E-6;5.00E-5;0.00E0;0.00E0;4;0;1009.20680652334;489.32193363883;0;673.661572330296;7;67.5849116607968
1351;2.96E4;0.00E0;1.11E-6;5.00E-5;0.00E0;0.00E0;4;0;-2073.89119283364;-1904.14403305778;0;71.417693781595;49;185.453308526111
1358;5.36E4;0.00E0;7.98E-7;5.00E-5;0.00E0;0.00E0;4;0;672.965714387975;879.40739339015;0;220.406860488658;7;108.75599304864
1371;5.11E4;0.00E0;2.02E-6;5.00E-5;0.00E0;0.00E0;4;0;-85.2912498190576;816.933860890944;0;259.332194129675;12;88.0456920555096
1374;6.27E4;0.00E0;2.86E-6;5.00E-5;0.00E0;0.00E0;4;0;202.645517403099;142.540787932645;0;155.795530614684;2;179.927619684986
1376;2.27E4;0.00E0;1.06E-6;5.00E-5;0.00E0;0.00E0;4;0;-1731.93664788337;202.588027801936;0;44.7053854894076;58;226.915593030805
1377;3.80E4;0.00E0;9.20E-7;5.00E-5;0.00E0;0.00E0;4;0;-1940.25565670141;-1930.60480552943;0;36.3972951660885;50;466.860045111733
1378;9.85E4;0.00E0;2.70E-6;5.00E-5;0.00E0;0.00E0;4;0;993.965323235163;731.09567442115;0;558.484647014304;7;78.8469451691094
1383;3.19E4;0.00E0;1.41E-6;5.00E-5;0.00E0;0.00E0;4;0;-125.839068405794;-580.123353410994;0;219.416210905791;16;64.9049300695859
1389;7.47E4;0.00E0;2.22E-6;5.00E-5;0.00E0;0.00E0;4;0;-2223.24611757429;676.999892810712;0;391.380200069071;74;85.3823083159486
1391;1.99E4;0.00E0;1.63E-6;5.00E-5;0.00E0;0.00E0;4;0;-88.9429734353525;-390.755286278503;0;64.084213833855;16;138.814127829682
1398;4.10E4;0.00E0;1.77E-6;5.00E-5;0.00E0;0.00E0;4;0;-3294.75269067043;157.442989464049;0;245.156122611855;82;74.7245417720799
1400;2.55E4;0.00E0;2.16E-6;5.00E-5;0.00E0;0.00E0;4;0;-1116.89838521686;-1266.07085496106;0;107.453417160505;53;105.965186645485
1402;5.84E4;0.00E0;2.10E-6;5.00E-5;0.00E0;0.00E0;4;0;-181.119796841823;-81.2762376989526;0;84.5313595040295;18;308.834450547283
1406;1.15E5;0.00E0;3.83E-6;5.00E-5;0.00E0;0.00E0;4;0;438.838300637305;-967.051869824063;0;744.170911293897;16;69.2266688142934
1407;8.38E4;0.00E0;1.84E-6;5.00E-5;0.00E0;0.00E0;4;0;-2100.91390708965;-1623.78740536619;0;181.057617083436;47;206.962541134551
1413;4.95E4;0.00E0;2.45E-6;5.00E-5;0.00E0;0.00E0;4;0;-1033.88842218456;-945.781600781031;0;327.015934311169;39;67.6152263950957
1414;7.30E4;0.00E0;2.16E-6;5.00E-5;0.00E0;0.00E0;4;0;-2262.55619827154;-2513.17996020015;0;533.505897755285;51;61.1801623307789
1418;2.92E4;0.00E0;1.44E-6;5.00E-5;0.00E0;0.00E0;4;0;-1645.71887859907;-807.516330405352;0;199.133710843172;36;65.5601813157355
1424;4.90E4;0.00E0;1.63E-6;5.00E-5;0.00E0;0.00E0;4;0;254.848295215463;587.719531174658;0;67.0909564999211;5;326.504601398061
1426;9.23E4;0.00E0;1.03E-6;5.00E-5;0.00E0;0.00E0;4;0;-2490.60834821298;-1939.18479236869;0;403.700148688366;52;102.160111835533
1437;2.56E4;0.00E0;5.15E-7;5.00E-5;0.00E0;0.00E0;4;0;-315.317987716201;-147.583819652689;0;160.097222601497;19;71.3492153821336
1444;6.54E4;0.00E0;6.56E-7;5.00E-5;0.00E0;0.00E0;4;0;242.192783171423;-235.944441848348;0;223.52634010948;15;130.715847340785
1450;6.08E4;0.00E0;9.67E-7;5.00E-5;0.00E0;0.00E0;4;0;-1909.06674659051;2042.69912843655;0;434.498482615162;71;62.5633991628019
1451;1.34E4;0.00E0;2.05E-6;5.00E-5;0.00E0;0.00E0;4;0;-1969.56223187989;359.974603467623;0;71.7009464607363;73;83.6076426034911
1458;5.87E4;0.00E0;9.51E-7;5.00E-5;0.00E0;0.00E0;4;0;-518.001274056656;312.15769621309;0;327.653515229243;19;80.0738346786339
1460;5.20E4;0.00E0;2.27E-6;5.00E-5;0.00E0;0.00E0;4;0;604.942576205179;741.268188486486;0;198.359751160642;7;117.283604402476
1462;1.11E5;0.00E0;3.23E-6;5.00E-5;0.00E0;0.00E0;4;0;-3258.79836304414;220.556238646539;0;207.691110839477;82;238.18328591881
1473;3.89E4;0.00E0;9.59E-7;5.00E-5;0.00E0;0.00E0;4;0;-1055.48249233963;-1234.17638800872;0;175.786537522754;53;98.9535979417195
1480;4.05E4;0.00E0;3.35E-6;5.00E-5;0.00E0;0.00E0;4;0;288.888771245409;126.525393872091;0;240.549519890514;2;75.2616845808523
1482;5.29E4;0.00E0;1.30E-6;5.00E-5;0.00E0;0.00E0;4;0;91.3530656836574;1338.67882038911;0;218.549073716365;11;108.13299160359
1485;8.32E4;0.00E0;3.32E-6;5.00E-5;0.00E0;0.00E0;4;0;114.427124435185;838.013514218556;0;58.8855004946759;12;631.714674614518
1486;5.85E4;0.00E0;1.44E-6;5.00E-5;0.00E0;0.00E0;4;0;-924.921320381338;-1006.37785343902;0;413.188299866618;53;63.2724577608029
1503;5.42E4;0.00E0;1.47E-6;5.00E-5;0.00E0;0.00E0;4;0;-1321.77611990417;-1603.34544628113;0;147.266151561573;43;164.428714260785
1504;4.23E4;0.00E0;1.49E-6;5.00E-5;0.00E0;0.00E0;4;0;-1592.70793189905;1562.79928252268;0;209.067148696171;70;90.4348230876746
1505;3.42E4;0.00E0;1.93E-6;5.00E-5;0.00E0;0.00E0;4;0;-2026.32807863782;447.620437712942;0;162.306864547738;74;94.1177809130475
1509;2.63E4;0.00E0;1.00E-6;5.00E-5;0.00E0;0.00E0;4;0;-1689.08577997091;480.260010274614;0;70.6059459420201;60;166.326436084375
1510;1.78E5;0.00E0;2.29E-6;5.00E-5;0.00E0;0.00E0;4;0;-3208.81578218548;703.748493523562;0;402.29600652524;80;197.839178336176
1515;7.76E4;0.00E0;2.79E-6;5.00E-5;0.00E0;0.00E0;4;0;-1107.72265997983;-81.1606228577398;0;95.3002195023047;26;363.822863567298
1524;4.63E4;0.00E0;2.13E-6;5.00E-5;0.00E0;0.00E0;4;0;-1446.15214272031;1473.50502912843;0;111.558800176225;69;185.677376871882
1526;5.48E4;0.00E0;2.73E-6;5.00E-5;0.00E0;0.00E0;4;0;-840.717854048481;15.3718294812393;0;290.024585711811;25;84.4139795389903
1527;3.51E4;0.00E0;3.26E-6;5.00E-5;0.00E0;0.00E0;4;0;-1878.07798806059;-529.308772056062;0;196.539456870392;32;79.7792893782649
1534;3.07E4;0.00E0;1.70E-6;5.00E-5;0.00E0;0.00E0;4;0;-2155.11358370254;464.865808748136;0;174.734781181289;74;78.441360846259
1540;8.24E4;0.00E0;1.45E-6;5.00E-5;0.00E0;0.00E0;4;0;-2012.27380249545;-2468.51382878725;0;428.836671686934;51;85.9138686239638
1548;1.21E5;0.00E0;2.26E-6;5.00E-5;0.00E0;0.00E0;4;0;-364.830202746139;-388.762364521903;0;325.120501887779;22;166.345267709051
1552;2.57E4;0.00E0;9.11E-7;5.00E-5;0.00E0;0.00E0;4;0;-1584.94226077077;-1446.19513338664;0;55.6754104945035;44;206.299621058517
1560;1.56E5;0.00E0;3.30E-6;5.00E-5;0.00E0;0.00E0;4;0;-2114.48162326257;-2973.52937518103;0;938.934794221017;51;74.4637904285077
1581;5.18E4;0.00E0;1.93E-6;5.00E-5;0.00E0;0.00E0;4;0;-1593.36727465949;2127.78280914413;0;354.342930798359;71;65.407335968336
1588;2.76E4;0.00E0;1.53E-6;5.00E-5;0.00E0;0.00E0;4;0;-1437.33448821303;-444.925299856634;0;163.873566322259;30;75.2410758839572
1595;9.89E3;0.00E0;1.04E-6;5.00E-5;0.00E0;0.00E0;4;0;-1257.2898005133;1496.1962780222;0;68.1078997718219;68;64.9408358013603
1598;5.24E4;0.00E0;5.11E-7;5.00E-5;0.00E0;0.00E0;4;0;-1008.07374929656;1342.77491534984;0;241.447119265215;67;96.9794007053075
1605;1.80E5;0.00E0;4.15E-6;5.00E-5;0.00E0;0.00E0;4;0;-2265.0958456083;-1837.94232195037;0;237.414841767923;52;338.086783467009
1608;3.27E4;0.00E0;8.22E-7;5.00E-5;0.00E0;0.00E0;4;0;-2900.68178109373;-1.56568383952253;0;105.470212426482;84;138.530490441937
1609;4.96E4;0.00E0;2.21E-6;5.00E-5;0.00E0;0.00E0;4;0;-2233.80736601415;-1970.16206214549;0;145.381330884414;52;152.495385358107
1611;1.28E5;0.00E0;3.32E-6;5.00E-5;0.00E0;0.00E0;4;0;-169.742096584335;114.544804259296;0;111.34146594567;18;514.151134321326
1623;4.05E4;0.00E0;1.56E-6;5.00E-5;0.00E0;0.00E0;4;0;-1472.65883633484;1983.21068596211;0;223.910167503731;71;80.8919638324279
1627;3.46E4;0.00E0;9.43E-7;5.00E-5;0.00E0;0.00E0;4;0;-1736.92356391813;1957.22941875467;0;249.396771828467;71;62.0644008031064
1629;5.55E4;0.00E0;1.07E-6;5.00E-5;0.00E0;0.00E0;4;0;-3433.19755333221;-6.23271625429652;0;407.734113032506;83;60.8657144805379
1633;4.81E4;0.00E0;8.16E-7;5.00E-5;0.00E0;0.00E0;4;0;-2437.62983850246;-68.949629324798;0;329.279289687589;76;65.3388001617676
1635;6.44E4;0.00E0;3.73E-6;5.00E-5;0.00E0;0.00E0;4;0;-3046.91307476214;437.612626671992;0;136.372932109658;81;211.216936716982
1653;3.03E4;0.00E0;2.12E-6;5.00E-5;0.00E0;0.00E0;4;0;120.512929689192;235.935652259692;0;41.493750831702;2;326.1448063508
1656;5.96E4;0.00E0;2.90E-6;5.00E-5;0.00E0;0.00E0;4;0;-2071.80346123367;688.389171654235;0;401.211080673514;74;66.4013442927017
1663;2.16E4;0.00E0;1.14E-6;5.00E-5;0.00E0;0.00E0;4;0;296.36418605025;1396.32044417445;0;119.806336900493;11;80.6273682483939
1670;5.33E4;0.00E0;1.28E-6;5.00E-5;0.00E0;0.00E0;4;0;-71.2421469830001;370.319209099172;0;189.405516165005;2;125.856521655955
1681;3.81E4;0.00E0;9.88E-7;5.00E-5;0.00E0;0.00E0;4;0;-1089.89785875378;-1018.74108775449;0;265.231423278364;39;64.1915214649599
1683;9.62E4;0.00E0;1.52E-6;5.00E-5;0.00E0;0.00E0;4;0;567.82117323411;-294.16868288599;0;553.743946617962;15;77.6775892309073
1690;4.57E4;0.00E0;1.61E-6;5.00E-5;0.00E0;0.00E0;4;0;-1038.66299424745;1657.8000189357;0;335.649068023564;69;60.8455499885927
1691;3.85E4;0.00E0;8.83E-7;5.00E-5;0.00E0;0.00E0;4;0;123.20059306159;429.536327748309;0;38.1972093914084;4;450.594420819736
1693;5.14E4;0.00E0;4.14E-6;5.00E-5;0.00E0;0.00E0;4;0;-1778.29965499416;1181.36187678911;0;281.075266119149;64;81.8017006229586
1695;9.57E4;0.00E0;2.13E-6;5.00E-5;0.00E0;0.00E0;4;0;-109.134877620196;382.192996514084;0;228.722997173331;2;187.118422104199
1698;8.83E4;0.00E0;2.83E-7;5.00E-5;0.00E0;0.00E0;4;0;-302.235349762953;-106.243923674755;0;118.447208834271;19;333.382996088329
1699;1.19E5;0.00E0;2.27E-6;5.00E-5;0.00E0;0.00E0;4;0;-2006.51302341302;-882.392741931638;0;494.649159291962;35;107.961577601795
1704;5.04E4;0.00E0;5.14E-6;5.00E-5;0.00E0;0.00E0;4;0;-1465.24409636341;151.580226196135;0;180.538550420573;57;124.812305608372
1705;7.86E4;0.00E0;2.66E-6;5.00E-5;0.00E0;0.00E0;4;0;-2331.6137157231;-2428.63060183497;0;491.390400219758;52;71.5529188061244
1711;5.78E4;0.00E0;3.68E-6;5.00E-5;0.00E0;0.00E0;4;0;-2498.84061157887;-70.3665534644083;0;342.126279049442;76;75.5160906321799
1715;5.52E4;0.00E0;3.62E-6;5.00E-5;0.00E0;0.00E0;4;0;225.044228958454;-213.20735908701;0;203.821247520622;15;120.986957947871
1719;6.21E4;0.00E0;1.24E-6;5.00E-5;0.00E0;0.00E0;4;0;-2477.01354524397;-235.00500865447;0;415.263630792227;86;66.8187273605628
1726;3.30E4;0.00E0;9.27E-7;5.00E-5;0.00E0;0.00E0;4;0;437.473470659723;1448.59990615173;0;219.627595270373;11;67.2483102923095
1730;6.01E4;0.00E0;1.03E-6;5.00E-5;0.00E0;0.00E0;4;0;-3326.19792298403;12.3925793556064;0;299.1355705003;83;89.8116537536886
1749;2.35E4;0.00E0;1.55E-6;5.00E-5;0.00E0;0.00E0;4;0;-1543.5582174667;257.139058924938;0;120.231706353513;87;87.2763524544204
1756;5.17E4;0.00E0;4.54E-6;5.00E-5;0.00E0;0.00E0;4;0;-1590.21186800166;-873.658795099856;0;216.277617382835;37;106.78239668439
1774;7.91E4;0.00E0;1.90E-6;5.00E-5;0.00E0;0.00E0;4;0;-393.830101865328;-547.6209954658;0;402.917445377731;16;87.792704823153
1780;5.60E4;0.00E0;1.49E-6;5.00E-5;0.00E0;0.00E0;4;0;232.292443839944;1272.28850517734;0;68.7428959955938;11;364.300241531363
1793;6.35E4;0.00E0;4.24E-6;5.00E-5;0.00E0;0.00E0;4;0;-937.524561010251;1100.9905019285;0;364.660198293074;66;77.8875819866659
1796;5.50E4;0.00E0;6.18E-7;5.00E-5;0.00E0;0.00E0;4;0;-1407.36584775117;-343.407983263091;0;73.5389416896154;30;334.285785945021
1799;4.93E4;0.00E0;3.24E-6;5.00E-5;0.00E0;0.00E0;4;0;606.590702383985;1475.37342051863;0;364.633621912037;11;60.4384694185145
1804;5.30E4;0.00E0;1.24E-6;5.00E-5;0.00E0;0.00E0;4;0;-2846.28302447669;728.850716480129;0;246.973589307147;80;96.0203459001265
1808;2.87E4;0.00E0;7.25E-7;5.00E-5;0.00E0;0.00E0;4;0;-1858.07773974953;185.341148735302;0;118.235390869904;73;108.423808124344
1811;2.57E4;0.00E0;7.79E-7;5.00E-5;0.00E0;0.00E0;4;0;-1581.93388316992;1947.73905743147;0;173.95568219481;71;66.1554633958553
1812;3.97E4;0.00E0;5.44E-6;5.00E-5;0.00E0;0.00E0;4;0;-602.561252462051;-262.674629416101;0;62.8910347365713;22;282.258310728619
1817;1.04E5;0.00E0;6.27E-7;5.00E-5;0.00E0;0.00E0;4;0;-948.914435713568;-136.183792362461;0;109.240592841879;26;425.343403779922
1823;5.93E4;0.00E0;2.03E-6;5.00E-5;0.00E0;0.00E0;4;0;112.561122076862;124.019294702249;0;80.8541009274678;1;327.607976826075
1824;7.37E4;0.00E0;2.80E-6;5.00E-5;0.00E0;0.00E0;4;0;354.939882489849;1540.96933075935;0;269.835972297358;11;122.101473897857
1828;9.21E4;0.00E0;2.61E-6;5.00E-5;0.00E0;0.00E0;4;0;-2467.52526565659;897.497814344523;0;481.417256143593;79;85.5462913225802
1830;3.42E4;0.00E0;2.20E-6;5.00E-5;0.00E0;0.00E0;4;0;-1577.03019122641;-1347.80204640805;0;152.090997416938;44;100.654245256977
1838;6.57E4;0.00E0;1.63E-6;5.00E-5;0.00E0;0.00E0;4;0;-2569.2486721715;-66.693692806602;0;352.00988046301;76;83.4830666730842
1845;1.93E4;0.00E0;8.90E-7;5.00E-5;0.00E0;0.00E0;4;0;505.895653286238;876.064994673864;0;53.5505326649455;7;161.498433313074
1851;5.43E4;0.00E0;1.39E-6;5.00E-5;0.00E0;0.00E0;4;0;-2608.95168573554;-212.822429324131;0;285.744587329506;86;84.9233121953439
1852;3.44E4;0.00E0;1.89E-6;5.00E-5;0.00E0;0.00E0;4;0;-1510.3931069077;-118.060996111945;0;68.2787713483625;55;225.206259197423
1854;1.12E5;0.00E0;3.67E-6;5.00E-5;0.00E0;0.00E0;4;0;-1877.83650386431;633.149833829562;0;310.634806549438;60;160.968940963677
1855;2.54E4;0.00E0;3.12E-6;5.00E-5;0.00E0;0.00E0;4;0;-1401.00521636732;1342.83976070173;0;133.00998445816;66;85.2221598473728
1859;1.10E5;0.00E0;1.23E-6;5.00E-5;0.00E0;0.00E0;4;0;809.371399672555;636.863254306028;0;425.531513656711;7;116.04687876915
1863;9.77E4;0.00E0;4.61E-6;5.00E-5;0.00E0;0.00E0;4;0;546.544353909665;1119.11385590698;0;147.630122829555;9;295.721435126888
1870;3.32E4;0.00E0;1.90E-6;5.00E-5;0.00E0;0.00E0;4;0;-48.8100499132147;249.62307625721;0;117.273460309934;2;126.633712977471
1872;5.64E4;0.00E0;2.54E-6;5.00E-5;0.00E0;0.00E0;4;0;-1710.74764915079;-1130.95160078738;0;320.542626287853;40;78.5934592181915
1875;5.56E4;0.00E0;3.53E-6;5.00E-5;0.00E0;0.00E0;4;0;-2960.29256435042;404.821140925286;0;43.9843440618856;81;564.769397730519
1878;3.70E4;0.00E0;2.01E-6;5.00E-5;0.00E0;0.00E0;4;0;320.035828334071;587.162377182118;0;124.682594630673;5;132.583838272128
1898;6.54E4;0.00E0;3.49E-6;5.00E-5;0.00E0;0.00E0;4;0;-1625.41332061735;-1578.41082328547;0;56.4601591735421;45;517.96878224321
1909;6.56E4;0.00E0;3.19E-6;5.00E-5;0.00E0;0.00E0;4;0;-3118.01796023196;300.046749871852;0;116.440214500359;82;251.863735053573
1911;5.37E4;0.00E0;1.07E-6;5.00E-5;0.00E0;0.00E0;4;0;-2010.52210251998;428.349523250028;0;143.639147353909;74;167.039835364644
1912;5.98E4;0.00E0;3.08E-6;5.00E-5;0.00E0;0.00E0;4;0;419.620557205218;1230.23059130022;0;95.5803832332893;10;279.671583710282
1917;4.97E4;0.00E0;1.34E-6;5.00E-5;0.00E0;0.00E0;4;0;351.415994400125;871.717916714045;0;82.9511394814366;7;267.897626254099
1918;6.44E4;0.00E0;1.12E-6;5.00E-5;0.00E0;0.00E0;4;0;-2936.9814717791;-455.024066581974;0;207.285713487537;86;138.828519037157
1921;2.33E4;0.00E0;2.77E-7;5.00E-5;0.00E0;0.00E0;4;0;-1457.32869929101;511.145035636383;0;119.653482108317;61;87.0956942421576
1926;1.06E5;0.00E0;1.37E-6;5.00E-5;0.00E0;0.00E0;4;0;750.159376302094;-505.877077018146;0;774.787910197677;16;61.1527481358759
1927;4.03E4;0.00E0;1.64E-6;5.00E-5;0.00E0;0.00E0;4;0;-2131.02138853101;-2186.03575282471;0;182.886885824696;52;98.5603652769407
1931;9.26E4;0.00E0;2.62E-6;5.00E-5;0.00E0;0.00E0;4;0;-1028.7317355664;1878.46483108708;0;435.140680701163;70;95.1166821181255
1943;3.55E4;0.00E0;3.98E-7;5.00E-5;0.00E0;0.00E0;4;0;-1479.22793042903;1465.17625271131;0;145.182360611393;69;109.443560653522
1947;4.32E4;0.00E0;1.39E-6;5.00E-5;0.00E0;0.00E0;4;0;-1656.37710474187;-890.96260303018;0;271.625494982756;36;71.0991737174036
1950;6.57E4;0.00E0;1.04E-6;5.00E-5;0.00E0;0.00E0;4;0;-545.530216074993;360.126654730937;0;382.760486665638;19;76.7806861333517
1951;4.96E4;0.00E0;1.69E-6;5.00E-5;0.00E0;0.00E0;4;0;-1543.1884337357;-1589.4370889092;0;91.4476144141126;44;242.436605696925
1960;3.60E4;0.00E0;2.05E-6;5.00E-5;0.00E0;0.00E0;4;0;280.103530655382;1312.81731307878;0;41.7634637434221;11;385.170294100038
1964;2.91E4;0.00E0;1.07E-6;5.00E-5;0.00E0;0.00E0;4;0;-175.290516313407;-309.261719433614;0;166.268074267347;16;78.2689168813942
1967;9.75E4;0.00E0;2.63E-6;5.00E-5;0.00E0;0.00E0;4;0;-5.42191440054376;1148.74532810421;0;330.456652790132;11;131.847789166134
1969;3.39E4;0.00E0;4.55E-6;5.00E-5;0.00E0;0.00E0;4;0;-60.1052669543351;867.128422023493;0;232.318139614421;12;65.2051706599768
1974;7.78E4;0.00E0;4.54E-6;5.00E-5;0.00E0;0.00E0;4;0;857.904034539654;1237.13739965929;0;479.060561392601;9;72.6270309460078
1975;7.30E4;0.00E0;8.37E-7;5.00E-5;0.00E0;0.00E0;4;0;-2969.2018386765;32.65344200449;0;53.8486266798784;84;606.202006763551
1985;3.08E4;0.00E0;6.89E-7;5.00E-5;0.00E0;0.00E0;4;0;-1455.74048656207;932.092412942765;0;75.935683781328;63;181.155130700917
1991;5.98E4;0.00E0;1.73E-6;5.00E-5;0.00E0;0.00E0;4;0;-2054.99902417945;728.167212736757;0;441.588453864257;74;60.4963932068709
1992;2.27E4;0.00E0;1.08E-6;5.00E-5;0.00E0;0.00E0;4;0;-1678.52728481697;1891.57241834987;0;161.557681679673;71;62.8081109884594
1993;4.75E4;0.00E0;1.90E-6;5.00E-5;0.00E0;0.00E0;4;0;-1502.65224867922;831.108620003519;0;41.066113710807;63;516.779139419228
1995;6.79E4;0.00E0;1.90E-6;5.00E-5;0.00E0;0.00E0;4;0;-1131.45375939612;1616.06138807404;0;233.905768965098;69;129.714642887843
1996;9.60E4;0.00E0;1.37E-6;5.00E-5;0.00E0;0.00E0;4;0;-2162.33065620291;-2470.49357895865;0;454.74321951855;51;94.4200328848874
2000;4.37E4;0.00E0;4.82E-6;5.00E-5;0.00E0;0.00E0;4;0;-2065.90307722463;-2310.93602011499;0;275.662695002778;51;70.9116885141156
2002;3.42E4;0.00E0;1.00E-6;5.00E-5;0.00E0;0.00E0;4;0;-2978.91968437244;110.499914682072;0;59.2850725724526;83;257.87891055804
2016;6.30E4;0.00E0;8.88E-7;5.00E-5;0.00E0;0.00E0;4;0;-1438.80930863034;-435.408503310859;0;154.298718136437;30;182.491038369664
2017;1.47E4;0.00E0;5.74E-7;5.00E-5;0.00E0;0.00E0;4;0;-58.6461817967624;-407.096601941756;0;40.0600485488619;16;163.568637033748
2023;4.68E4;0.00E0;2.45E-6;5.00E-5;0.00E0;0.00E0;4;0;548.375558220468;1032.91898886648;0;126.928303739599;9;164.700616765152
2027;1.14E5;0.00E0;1.87E-6;5.00E-5;0.00E0;0.00E0;4;0;-65.6909611501055;127.00380263229;0;93.2626450244792;1;547.902029006363
2034;7.09E4;0.00E0;2.70E-6;5.00E-5;0.00E0;0.00E0;4;0;-911.352055805537;-400.947393922882;0;123.787033535629;25;255.9014969807
2037;1.23E5;0.00E0;1.03E-5;5.00E-5;0.00E0;0.00E0;4;0;-3441.56596335403;125.919755450437;0;395.106115579468;83;139.167689610959
2045;1.83E4;0.00E0;1.65E-6;5.00E-5;0.00E0;0.00E0;4;0;-2158.42226942765;-1885.63822389584;0;132.417308626272;52;61.7067747635389
2048;4.86E4;0.00E0;5.29E-7;5.00E-5;0.00E0;0.00E0;4;0;-1600.40931354482;-941.642271073344;0;235.274021310988;39;92.4061997141934
2056;2.77E4;0.00E0;8.51E-7;5.00E-5;0.00E0;0.00E0;4;0;-2920.19195220231;46.0816416246403;0;104.407976542934;84;118.449182797216
2061;5.35E4;0.00E0;1.14E-6;5.00E-5;0.00E0;0.00E0;4;0;-1048.1317214031;-537.986753864714;0;300.900011500992;25;79.4999105850738
2075;7.60E4;0.00E0;3.05E-6;5.00E-5;0.00E0;0.00E0;4;0;-1984.46746051202;423.30828785974;0;136.587328619765;73;248.8382183602
2076;3.52E4;0.00E0;1.36E-6;5.00E-5;0.00E0;0.00E0;4;0;-181.621799822785;-437.789121810825;0;165.120227569483;16;95.3980317062215
2081;4.84E4;0.00E0;4.97E-7;5.00E-5;0.00E0;0.00E0;4;0;-1298.66538656388;113.292577729237;0;292.988930676118;56;73.9043576019105
2095;6.00E4;0.00E0;1.58E-6;5.00E-5;0.00E0;0.00E0;4;0;-2882.69785839946;305.655172943217;0;68.0323580260778;81;394.423728919723
2102;7.80E4;0.00E0;2.46E-6;5.00E-5;0.00E0;0.00E0;4;0;-1377.42524517392;1836.60530592046;0;112.481551971694;70;310.12692379057
2105;2.33E4;0.00E0;1.15E-6;5.00E-5;0.00E0;0.00E0;4;0;125.503852600948;934.984156633655;0;95.2383052174604;12;109.510935558238
2115;1.46E5;0.00E0;8.68E-6;5.00E-5;0.00E0;0.00E0;4;0;-2327.32156088288;-1653.63582291214;0;389.286185207069;47;167.720644555826
2118;8.18E4;0.00E0;5.38E-6;5.00E-5;0.00E0;0.00E0;4;0;263.841493490393;179.749974619593;0;195.056911782726;2;187.435027357675
2134;3.79E4;0.00E0;3.02E-6;5.00E-5;0.00E0;0.00E0;4;0;-1219.84476852226;-1255.86433302694;0;39.438294401613;53;430.097522202507
2136;9.88E4;0.00E0;2.21E-6;5.00E-5;0.00E0;0.00E0;4;0;-2110.78771079494;1361.70600291477;0;656.464024693184;64;67.2839031690833
2141;4.33E4;0.00E0;9.37E-7;5.00E-5;0.00E0;0.00E0;4;0;-1768.58196567666;-1366.2259264149;0;195.353509151159;46;99.1836051796091
2143;6.57E4;0.00E0;1.86E-6;5.00E-5;0.00E0;0.00E0;4;0;-1654.55441664691;-2074.87842512381;0;293.270531997795;50;100.110087205778
2150;1.41E5;0.00E0;1.23E-6;5.00E-5;0.00E0;0.00E0;4;0;-677.538370525291;-2055.69166531301;0;929.141749133619;43;67.9143228296985
2170;7.38E4;0.00E0;2.08E-6;5.00E-5;0.00E0;0.00E0;4;0;-3137.72258151753;-185.3628202155;0;172.753085964993;85;190.988275806842
2173;5.45E4;0.00E0;1.42E-6;5.00E-5;0.00E0;0.00E0;4;0;-1350.71695924593;1324.32375540622;0;94.5904695062374;67;257.803823925093
2181;5.47E4;0.00E0;1.52E-6;5.00E-5;0.00E0;0.00E0;4;0;-3070.53654479674;492.475657857905;0;180.818124991772;81;135.293485197033
2184;4.46E4;0.00E0;7.94E-7;5.00E-5;0.00E0;0.00E0;4;0;-3213.71395986641;120.626215841414;0;170.956019395763;83;116.617492603696
2185;2.58E4;0.00E0;3.93E-6;5.00E-5;0.00E0;0.00E0;4;0;581.510154475684;880.692027705362;0;129.231106826012;7;89.0837931270915
2186;9.97E4;0.00E0;4.82E-6;5.00E-5;0.00E0;0.00E0;4;0;289.794366462656;1660.24208227142;0;383.802791008375;11;116.185148093434
2187;2.32E4;0.00E0;1.24E-6;5.00E-5;0.00E0;0.00E0;4;0;-142.067174013616;-423.104260911068;0;122.955491101235;16;84.3451004937249
2195;3.77E4;0.00E0;1.24E-6;5.00E-5;0.00E0;0.00E0;4;0;-2222.43295483099;-1853.48699631588;0;196.418446966117;52;85.715721880036
2199;4.14E4;0.00E0;1.19E-6;5.00E-5;0.00E0;0.00E0;4;0;-1834.77680664943;-1394.00978664975;0;199.956508411873;46;92.6332006156894
2202;9.44E4;0.00E0;5.11E-6;5.00E-5;0.00E0;0.00E0;4;0;-1074.06779522954;412.897891987658;0;506.740373433671;61;83.2977485496276
2204;1.05E5;0.00E0;1.31E-6;5.00E-5;0.00E0;0.00E0;4;0;-1882.04124572204;1062.71067248278;0;363.878908424105;64;128.520825624229
2207;3.26E4;0.00E0;2.13E-6;5.00E-5;0.00E0;0.00E0;4;0;-1180.83085832965;1285.57623315799;0;79.4937928464019;67;183.390863229833
2211;4.23E4;0.00E0;2.03E-6;5.00E-5;0.00E0;0.00E0;4;0;-945.999687778961;84.3754223917372;0;310.507681280989;26;60.9555057048374
2216;2.67E4;0.00E0;2.10E-6;5.00E-5;0.00E0;0.00E0;4;0;-1881.98091184489;371.278401024548;0;69.1510897106872;73;172.921733260675
2219;1.31E5;0.00E0;1.54E-6;5.00E-5;0.00E0;0.00E0;4;0;-2168.35683769169;1271.67974510353;0;680.910413885224;64;85.8553722799894
2222;7.29E4;0.00E0;1.30E-6;5.00E-5;0.00E0;0.00E0;4;0;-2359.51851203208;-2263.60465566526;0;375.997431123438;52;86.7066773903345
2223;2.90E4;0.00E0;2.84E-6;5.00E-5;0.00E0;0.00E0;4;0;-489.435276391068;-168.504877889357;0;83.9976557234959;21;154.12379080249
2224;6.05E4;0.00E0;2.32E-6;5.00E-5;0.00E0;0.00E0;4;0;-1492.78938890091;1944.04227944918;0;181.415714898793;71;149.034293581699
2228;2.33E4;0.00E0;1.23E-6;5.00E-5;0.00E0;0.00E0;4;0;-1986.65219032358;-2067.88143540169;0;39.532912230654;51;263.595135382631
2229;3.88E4;0.00E0;2.15E-6;5.00E-5;0.00E0;0.00E0;4;0;-1215.23058946373;-990.718482046774;0;141.710404250923;39;122.388698977719
2230;1.05E5;0.00E0;5.61E-6;5.00E-5;0.00E0;0.00E0;4;0;-285.777824170695;-453.213029119983;0;269.404343217483;16;174.190294207612
2233;4.40E4;0.00E0;1.62E-6;5.00E-5;0.00E0;0.00E0;4;0;-1338.6169828798;955.228888490231;0;188.985054289514;64;104.013320969571
2241;1.00E5;0.00E0;1.20E-6;5.00E-5;0.00E0;0.00E0;4;0;-2210.01227449072;1568.97256489624;0;674.744024704444;71;66.4692514930624
2246;1.97E4;0.00E0;3.10E-6;5.00E-5;0.00E0;0.00E0;4;0;-2478.62078743414;242.292123903;0;31.2073988037469;76;282.664485237765
2247;3.88E4;0.00E0;7.92E-7;5.00E-5;0.00E0;0.00E0;4;0;-1885.11210291727;-1894.85168140666;0;85.6087170900604;49;202.391571086698
2250;9.68E4;0.00E0;9.94E-7;5.00E-5;0.00E0;0.00E0;4;0;601.509085106148;1795.49771717704;0;599.683802465851;11;72.1630786352999
2251;9.49E4;0.00E0;2.33E-6;5.00E-5;0.00E0;0.00E0;4;0;-772.216774655315;-137.277247819453;0;145.174140842668;23;292.388053559785
2264;6.57E4;0.00E0;5.49E-6;5.00E-5;0.00E0;0.00E0;4;0;-1095.23875660671;643.78355914037;0;440.451872534004;61;66.7058876961558
2270;6.19E4;0.00E0;2.12E-6;5.00E-5;0.00E0;0.00E0;4;0;-1003.331419391;-683.94938762311;0;387.13782988885;37;71.435697629996
2290;1.87E4;0.00E0;4.54E-6;5.00E-5;0.00E0;0.00E0;4;0;-2845.60288851134;-110.102502330076;0;128.786593076094;85;64.7396656054976
2291;3.74E4;0.00E0;1.76E-6;5.00E-5;0.00E0;0.00E0;4;0;-1964.68849025237;-1504.62035142573;0;174.379726114314;47;95.7629511946739
2301;1.69E4;0.00E0;2.57E-6;5.00E-5;0.00E0;0.00E0;4;0;84.4366602088794;613.977499138173;0;95.2709168003571;5;79.4652960760936
2304;2.15E4;0.00E0;9.67E-7;5.00E-5;0.00E0;0.00E0;4;0;475.965876711249;1030.77001428378;0;56.4620599970481;9;170.179389660633
2311;2.83E4;0.00E0;1.26E-6;5.00E-5;0.00E0;0.00E0;4;0;321.334289765;1449.31747732706;0;173.922072125491;11;72.6901814372014
2312;5.28E4;0.00E0;3.31E-6;5.00E-5;0.00E0;0.00E0;4;0;-3225.32062635451;-234.976467061232;0;269.211095619591;85;87.6538541652259
2316;1.94E4;0.00E0;7.76E-7;5.00E-5;0.00E0;0.00E0;4;0;-3120.66454478356;160.488040659884;0;72.7751239405848;83;119.1883216014
2321;4.89E4;0.00E0;2.33E-6;5.00E-5;0.00E0;0.00E0;4;0;-442.98674822051;-525.407640922945;0;362.972638991903;23;60.267885839058
2327;4.68E4;0.00E0;1.36E-6;5.00E-5;0.00E0;0.00E0;4;0;284.324182096353;1106.08856871546;0;87.586255842701;10;238.721442084381
2338;2.22E4;0.00E0;1.32E-6;5.00E-5;0.00E0;0.00E0;4;0;-1527.19043258842;283.048893634178;0;146.767867983496;87;67.6034799629406
2339;8.55E4;0.00E0;6.97E-7;5.00E-5;0.00E0;0.00E0;4;0;-2788.12326904271;-645.491767497748;0;406.269593376353;86;94.0380923504529
2341;8.51E4;0.00E0;2.51E-6;5.00E-5;0.00E0;0.00E0;4;0;-1194.22921921929;876.254665500644;0;342.161425641728;63;111.168994797395
2343;3.72E4;0.00E0;6.80E-7;5.00E-5;0.00E0;0.00E0;4;0;-942.895432251391;-440.7624805964;0;172.292296703682;25;96.3998131650661
2348;1.28E5;0.00E0;3.59E-6;5.00E-5;0.00E0;0.00E0;4;0;-2612.77554099326;-1361.62263201834;0;756.089863575489;47;75.4832129656951
2350;5.16E4;0.00E0;4.06E-6;5.00E-5;0.00E0;0.00E0;4;0;505.245788084494;1009.81392748201;0;79.2666495681468;9;290.878093440019
2353;2.36E4;0.00E0;7.68E-7;5.00E-5;0.00E0;0.00E0;4;0;-2077.54758729439;209.579158673;0;77.4798260634092;74;136.149758452913
2355;3.57E4;0.00E0;3.48E-6;5.00E-5;0.00E0;0.00E0;4;0;-2761.06144992322;144.958335604664;0;258.740206033951;82;61.6739045941221
2360;5.32E4;0.00E0;3.36E-6;5.00E-5;0.00E0;0.00E0;4;0;-910.804662060658;-555.802991961103;0;270.522915400144;24;87.8685565880894
2364;4.38E4;0.00E0;1.16E-6;5.00E-5;0.00E0;0.00E0;4;0;-1293.58500749563;-1055.70410793774;0;70.1054716785401;40;279.030062382117
2368;3.89E4;0.00E0;1.11E-6;5.00E-5;0.00E0;0.00E0;4;0;617.092455237663;1066.84662874851;0;202.113665866364;9;86.0269238508397
2372;4.65E4;0.00E0;1.41E-6;5.00E-5;0.00E0;0.00E0;4;0;-1464.19978834571;1937.21144392713;0;180.669595102437;71;114.954449262081
2386;6.83E4;0.00E0;2.46E-6;5.00E-5;0.00E0;0.00E0;4;0;-819.129205867079;1452.59631129984;0;441.527380903181;67;69.1060748561193
2388;5.01E4;0.00E0;1.20E-6;5.00E-5;0.00E0;0.00E0;4;0;-2599.50881742072;825.94912462531;0;364.565079676804;79;61.4273951844454
2391;6.17E4;0.00E0;6.06E-6;5.00E-5;0.00E0;0.00E0;4;0;-2320.78785189624;117.637633248327;0;130.485978483144;75;211.471020417446
2403;2.62E4;0.00E0;7.04E-7;5.00E-5;0.00E0;0.00E0;4;0;-12.2292036166891;440.775477594804;0;171.896915724014;4;68.2150791768269
2411;6.45E4;0.00E0;1.57E-6;5.00E-5;0.00E0;0.00E0;4;0;-1836.64058894667;-2298.15859697782;0;314.083659137431;51;91.7779974969956
2416;2.85E4;0.00E0;2.94E-6;5.00E-5;0.00E0;0.00E0;4;0;-358.932456661871;-73.2429217324184;0;86.8547344925144;19;146.914259542356
2425;4.31E4;0.00E0;3.49E-6;5.00E-5;0.00E0;0.00E0;4;0;393.345329312706;478.144385658295;0;235.389754917687;4;81.9344501394471
2429;1.22E5;0.00E0;3.49E-6;5.00E-5;0.00E0;0.00E0;4;0;482.820099967029;-1027.69217757646;0;819.011004930614;16;66.8648880017753
2430;6.05E4;0.00E0;4.17E-6;5.00E-5;0.00E0;0.00E0;4;0;-1826.5162003328;1223.036525965;0;340.594359615709;64;79.4194322038861
2440;4.51E4;0.00E0;2.60E-6;5.00E-5;0.00E0;0.00E0;4;0;497.953648807378;1209.34117735702;0;143.868602278809;10;140.090585157095
2444;6.28E4;0.00E0;1.76E-6;5.00E-5;0.00E0;0.00E0;4;0;-2433.28960113834;-59.7569214602054;0;319.436750219039;76;87.9176021836013
2446;7.20E4;0.00E0;2.14E-6;5.00E-5;0.00E0;0.00E0;4;0;-1533.15440622239;2175.54051601185;0;402.59115136908;71;79.9232583750658
2464;9.38E4;0.00E0;3.76E-6;5.00E-5;0.00E0;0.00E0;4;0;-2797.45074032562;-883.462472290778;0;637.794605734018;86;65.7570038763057
2465;8.73E4;0.00E0;9.45E-6;5.00E-5;0.00E0;0.00E0;4;0;404.996166300201;1601.86403827147;0;341.515309219166;11;114.276237949804
2476;3.98E4;0.00E0;1.25E-6;5.00E-5;0.00E0;0.00E0;4;0;-2202.74518909002;-1746.5269208085;0;258.622905851458;48;68.8041369556726
2479;4.03E4;0.00E0;5.17E-7;5.00E-5;0.00E0;0.00E0;4;0;-2830.0553854406;437.123168941767;0;41.7123622053601;80;431.480345015194
2485;4.98E4;0.00E0;3.30E-6;5.00E-5;0.00E0;0.00E0;4;0;-2061.05662747967;547.427738706426;0;260.74881485522;74;85.3838880290046
2491;5.24E4;0.00E0;2.50E-6;5.00E-5;0.00E0;0.00E0;4;0;-1596.26591817871;328.013961821492;0;88.1476134850191;59;265.718302744692
2495;1.05E5;0.00E0;5.12E-6;5.00E-5;0.00E0;0.00E0;4;0;-690.13196183559;1048.81960467777;0;613.306868003985;66;76.417543227603
2497;6.73E4;0.00E0;1.99E-6;5.00E-5;0.00E0;0.00E0;4;0;-1080.11122961796;1391.53788897065;0;173.500176748919;67;173.342338804629
2518;5.65E4;0.00E0;1.90E-6;5.00E-5;0.00E0;0.00E0;4;0;-1523.45546949938;-1075.76190345901;0;146.403276086978;40;172.504883379677
2523;9.42E4;0.00E0;7.19E-7;5.00E-5;0.00E0;0.00E0;4;0;-1377.26910515032;-664.382111139644;0;80.9957015762916;37;519.874951676852
2539;5.65E4;0.00E0;9.12E-7;5.00E-5;0.00E0;0.00E0;4;0;-1713.53622532284;-111.960635316103;0;129.753394275119;55;194.825871720974
2542;2.76E4;0.00E0;1.16E-6;5.00E-5;0.00E0;0.00E0;4;0;-1288.32913593135;-129.167100764613;0;98.0263899085262;28;126.063525449368
2547;5.63E4;0.00E0;2.86E-6;5.00E-5;0.00E0;0.00E0;4;0;-1664.91937169509;-1005.54484881944;0;301.351892558431;40;83.5726932839088
2548;1.21E4;0.00E0;7.98E-7;5.00E-5;0.00E0;0.00E0;4;0;-2795.75395481722;405.207278196284;0;80.0867785426351;80;67.5578307525528
2553;6.83E4;0.00E0;7.61E-7;5.00E-5;0.00E0;0.00E0;4;0;-3420.32826427455;86.5119482696578;0;380.365206641339;83;80.2670998314195
2556;4.39E5;0.00E0;3.04E-6;5.00E-5;0.00E0;0.00E0;4;0;-1913.04999505604;-951.009366394025;0;476.338429575354;35;412.351387905971
2560;8.78E4;0.00E0;2.00E-6;5.00E-5;0.00E0;0.00E0;4;0;-2085.22130790194;1250.09881346174;0;595.021870242459;64;66.0001639855222
2567;4.19E4;0.00E0;2.57E-6;5.00E-5;0.00E0;0.00E0;4;0;-1629.21318332117;1434.13178212956;0;294.937920599288;69;63.4557888290256
2568;4.28E4;0.00E0;9.32E-7;5.00E-5;0.00E0;0.00E0;4;0;122.207400284022;-365.661721642481;0;134.153336992097;16;142.577611870639
2575;5.34E4;0.00E0;7.05E-7;5.00E-5;0.00E0;0.00E0;4;0;-1762.3314118943;-196.918889502151;0;114.1652439961;32;209.002244821142
2576;2.22E4;0.00E0;1.18E-6;5.00E-5;0.00E0;0.00E0;4;0;110.972601718219;922.012820146785;0;92.9069942419197;12;106.628187099672
2577;3.30E4;0.00E0;1.33E-6;5.00E-5;0.00E0;0.00E0;4;0;-1616.84292605418;735.243608301035;0;67.478036695519;62;218.336267518737
2579;1.11E5;0.00E0;1.32E-6;5.00E-5;0.00E0;0.00E0;4;0;-1339.83940850039;-2508.2346946311;0;788.468928836644;50;62.9059690425372
2583;1.01E5;0.00E0;2.56E-6;5.00E-5;0.00E0;0.00E0;4;0;-2478.91173848801;602.66875512983;0;226.227145238554;78;198.929307013437
2584;7.47E4;0.00E0;2.58E-6;5.00E-5;0.00E0;0.00E0;4;0;292.966095440259;-653.133255202107;0;415.877710765808;16;80.3253609299309
2596;1.21E5;0.00E0;1.43E-6;5.00E-5;0.00E0;0.00E0;4;0;-129.097782247876;983.466392739185;0;328.392582225509;12;164.516264345665
2597;1.75E4;0.00E0;1.14E-6;5.00E-5;0.00E0;0.00E0;4;0;-1730.65588797875;-1472.4343037518;0;83.3686859607808;46;93.938627588877
2608;6.80E4;0.00E0;1.27E-6;5.00E-5;0.00E0;0.00E0;4;0;-257.00758857613;675.865601378497;0;431.086370811738;4;70.4939465079504
2629;2.19E5;0.00E0;2.83E-6;5.00E-5;0.00E0;0.00E0;4;0;842.986457138191;-878.461572003512;0;998.439319879838;16;98.0488770633545
2631;4.30E4;0.00E0;4.26E-6;5.00E-5;0.00E0;0.00E0;4;0;-1625.41438450343;307.148451665687;0;75.1003968456164;59;255.863196481255
2636;4.07E4;0.00E0;3.13E-6;5.00E-5;0.00E0;0.00E0;4;0;-1597.81030905525;-950.12634765455;0;233.667465644013;39;77.8271759826434
2639;3.10E4;0.00E0;1.39E-6;5.00E-5;0.00E0;0.00E0;4;0;-1719.33734235118;-1743.70659878614;0;164.558094187049;46;84.2329582714647
2652;3.55E4;0.00E0;2.20E-6;5.00E-5;0.00E0;0.00E0;4;0;-1158.41395560403;-1211.52766451857;0;104.152228411078;53;152.376436218686
2658;1.74E5;0.00E0;5.84E-6;5.00E-5;0.00E0;0.00E0;4;0;-3171.46005509966;-1888.96292693261;0;1085.64301443504;52;71.5953380173938
2664;6.05E4;0.00E0;1.91E-6;5.00E-5;0.00E0;0.00E0;4;0;599.233742963098;279.585256770933;0;447.053820508838;3;60.4688980115539
2678;4.94E4;0.00E0;1.36E-5;5.00E-5;0.00E0;0.00E0;4;0;405.069774399395;-176.889432517817;0;366.310605143263;14;60.2837435862882
2685;1.91E4;0.00E0;2.43E-6;5.00E-5;0.00E0;0.00E0;4;0;-21.9238335237369;64.8926795988127;0;36.3267103578686;1;235.007035876825
2686;1.11E5;0.00E0;9.33E-7;5.00E-5;0.00E0;0.00E0;4;0;-2166.04970970871;1806.08918241112;0;599.587707644298;71;82.5860767832299
2696;5.56E4;0.00E0;9.04E-7;5.00E-5;0.00E0;0.00E0;4;0;-3458.71499439305;200.058658380351;0;406.13838352678;82;61.147337418311
2712;2.59E4;0.00E0;1.97E-6;5.00E-5;0.00E0;0.00E0;4;0;-1517.16755921573;-800.64836265495;0;113.370850703495;37;102.322509745703
2717;1.70E4;0.00E0;5.20E-7;5.00E-5;0.00E0;0.00E0;4;0;-1464.94314478033;1292.54546102305;0;113.779309330247;66;66.9840147804631
2721;6.63E4;0.00E0;2.15E-6;5.00E-5;0.00E0;0.00E0;4;0;-1048.77576727614;916.44268537096;0;405.072918030767;66;73.1921049578525
2722;3.05E4;0.00E0;3.53E-6;5.00E-5;0.00E0;0.00E0;4;0;-1459.0805710264;922.137743088695;0;73.7739950572462;63;185.064003410679
2738;6.90E4;0.00E0;1.57E-6;5.00E-5;0.00E0;0.00E0;4;0;-197.866532816508;519.341335417313;0;349.413035619478;4;88.2890283516628
2739;6.42E4;0.00E0;4.05E-6;5.00E-5;0.00E0;0.00E0;4;0;-984.419511163664;-40.085295698937;0;181.443527469488;26;158.26017247094
2749;2.08E4;0.00E0;1.61E-6;5.00E-5;0.00E0;0.00E0;4;0;-1527.22930160246;322.30605740864;0;149.121322658076;59;62.216452565774
2751;3.52E4;0.00E0;4.29E-6;5.00E-5;0.00E0;0.00E0;4;0;-1796.03681251543;-2001.47007272779;0;140.176708037636;50;112.250667056323
2759;2.09E4;0.00E0;3.01E-7;5.00E-5;0.00E0;0.00E0;4;0;-2098.05011032599;-1768.5501550933;0;153.056021817608;48;60.9757327376381
2770;2.21E4;0.00E0;9.41E-7;5.00E-5;0.00E0;0.00E0;4;0;-1224.48314265759;-1122.973283296;0;154.463010397146;40;63.8468291502813
2774;2.73E4;0.00E0;2.15E-6;5.00E-5;0.00E0;0.00E0;4;0;-1596.80377027537;-1679.94559189097;0;161.792985485452;45;75.3844053841391
2776;4.07E4;0.00E0;3.45E-6;5.00E-5;0.00E0;0.00E0;4;0;-3090.33367802727;446.284790240853;0;179.429861914989;81;101.32684071584
2779;6.26E4;0.00E0;1.34E-6;5.00E-5;0.00E0;0.00E0;4;0;-569.992492352912;68.5759042500663;0;142.650020381511;20;196.15618787349
2780;7.24E4;0.00E0;3.38E-6;5.00E-5;0.00E0;0.00E0;4;0;-3312.45921852677;-381.393299854278;0;407.048141908451;85;79.5123539207765
2782;4.33E4;0.00E0;6.60E-7;5.00E-5;0.00E0;0.00E0;4;0;-165.994333535722;-97.0464886595469;0;98.5235473035526;18;196.589526755989
2783;4.41E4;0.00E0;6.58E-7;5.00E-5;0.00E0;0.00E0;4;0;-1100.71014329247;1028.09696493319;0;283.482040799241;66;69.5019590730996
2789;2.92E4;0.00E0;2.12E-6;5.00E-5;0.00E0;0.00E0;4;0;-1505.47184161693;-1271.63108600438;0;129.736237525564;41;100.609026516849
2791;5.12E4;0.00E0;1.13E-6;5.00E-5;0.00E0;0.00E0;4;0;-660.882544257487;148.6218610876;0;263.350722530658;21;86.8326985181614
2798;1.22E5;0.00E0;2.44E-6;5.00E-5;0.00E0;0.00E0;4;0;-668.01867681721;-957.07460115774;0;647.619549086143;53;84.2430339605609
2800;8.96E4;0.00E0;1.27E-6;5.00E-5;0.00E0;0.00E0;4;0;-1175.45557516573;1640.03793460026;0;203.324899184339;69;197.054578543718
2805;6.92E4;0.00E0;3.96E-6;5.00E-5;0.00E0;0.00E0;4;0;443.487880184876;-319.225220882937;0;433.232026619417;15;71.4246038645841
2811;5.53E4;0.00E0;9.03E-7;5.00E-5;0.00E0;0.00E0;4;0;390.155642450701;219.158271842904;0;281.092511484403;3;88.0014102248412
2824;7.05E4;0.00E0;3.58E-6;5.00E-5;0.00E0;0.00E0;4;0;-729.018051883113;-584.897355883524;0;298.987269190587;24;105.440446309012
2827;5.87E4;0.00E0;2.16E-6;5.00E-5;0.00E0;0.00E0;4;0;600.930382347392;1538.15104200738;0;398.029116908134;11;65.9590957446424
2832;1.05E5;0.00E0;2.63E-6;5.00E-5;0.00E0;0.00E0;4;0;-432.382193208026;-411.20867066459;0;288.774000075549;22;162.872509647503
2833;8.44E4;0.00E0;1.54E-6;5.00E-5;0.00E0;0.00E0;4;0;556.389663412936;1481.92736847281;0;327.771713780834;11;115.057744192064
2834;4.09E4;0.00E0;3.48E-6;5.00E-5;0.00E0;0.00E0;4;0;-1278.53898187175;-1553.14674280011;0;148.449561559469;43;123.234388176177
2835;1.08E5;0.00E0;3.23E-6;5.00E-5;0.00E0;0.00E0;4;0;-2238.22643861897;-3.44127966717269;0;266.974114831467;75;181.539136967549
2839;2.12E4;0.00E0;2.31E-6;5.00E-5;0.00E0;0.00E0;4;0;-1260.81743143118;-1408.67303965199;0;108.821653242987;42;86.9437683590602
2847;3.78E4;0.00E0;2.01E-6;5.00E-5;0.00E0;0.00E0;4;0;-1020.12485868304;1321.68677426897;0;231.318041121908;67;73.1087866992081
2852;3.97E4;0.00E0;1.62E-6;5.00E-5;0.00E0;0.00E0;4;0;-782.53354976353;-96.8126544416737;0;181.613393250652;23;97.7347402066605
2854;1.62E5;0.00E0;2.89E-6;5.00E-5;0.00E0;0.00E0;4;0;-1231.88419310687;-2912.94011036711;0;1159.13103884604;50;62.5390093976501
2855;5.32E4;0.00E0;1.93E-6;5.00E-5;0.00E0;0.00E0;4;0;-989.636813652875;-834.541583140768;0;383.757658022821;38;61.9505046916225
2862;1.01E5;0.00E0;4.23E-6;5.00E-5;0.00E0;0.00E0;4;0;-2447.17082531373;-1963.22444067006;0;357.556754420207;52;126.144434659271
2864;5.69E4;0.00E0;2.68E-6;5.00E-5;0.00E0;0.00E0;4;0;-1798.13185288463;-567.917985891213;0;152.055822230177;34;167.31639573338
2869;5.96E4;0.00E0;1.94E-6;5.00E-5;0.00E0;0.00E0;4;0;-2405.04341275714;699.986095868032;0;347.966110316153;78;76.5721775871424
2879;2.45E4;0.00E0;1.85E-6;5.00E-5;0.00E0;0.00E0;4;0;-1489.98128336934;536.584286021436;0;79.0738184976897;61;138.753415909383
2880;8.65E4;0.00E0;4.68E-6;5.00E-5;0.00E0;0.00E0;4;0;132.209057460947;181.698816915036;0;75.3665098161289;2;513.02983151351
2881;5.09E4;0.00E0;9.34E-7;5.00E-5;0.00E0;0.00E0;4;0;-2861.72929430016;581.156331975543;0;105.75958180217;80;215.18493149965
2884;2.34E4;0.00E0;4.77E-7;5.00E-5;0.00E0;0.00E0;4;0;-568.77902388408;89.577391732641;0;157.795919231362;20;66.4052086035364
2886;2.09E5;0.00E0;3.98E-6;5.00E-5;0.00E0;0.00E0;4;0;-892.64379588356;-606.035508376864;0;316.556772388186;24;295.174858531747
2901;6.33E4;0.00E0;1.91E-6;5.00E-5;0.00E0;0.00E0;4;0;-1031.2464700237;-628.376284807803;0;376.614737083498;37;75.168970460513
2904;7.62E4;0.00E0;2.03E-6;5.00E-5;0.00E0;0.00E0;4;0;-1301.31471414707;503.774971931771;0;262.511781465563;61;129.760134068278
2913;4.24E4;0.00E0;1.37E-6;5.00E-5;0.00E0;0.00E0;4;0;-1732.33140601978;820.766970871668;0;185.858923150558;63;102.083125106258
2917;5.18E4;0.00E0;2.89E-6;5.00E-5;0.00E0;0.00E0;4;0;-73.8551614423454;666.788077875764;0;259.615442330696;5;89.1428905810891
2924;7.68E4;0.00E0;1.32E-6;5.00E-5;0.00E0;0.00E0;4;0;-2955.50310813666;-450.902402772208;0;208.157507261497;86;164.8397160996
2931;1.12E5;0.00E0;3.43E-6;5.00E-5;0.00E0;0.00E0;4;0;-2158.31713184662;-2293.05596819271;0;290.187033551625;52;172.59025579128
2936;4.06E4;0.00E0;1.42E-6;5.00E-5;0.00E0;0.00E0;4;0;-1336.8116399734;-802.925333098196;0;41.0936572478125;38;441.451841350444
2939;3.07E4;0.00E0;1.36E-6;5.00E-5;0.00E0;0.00E0;4;0;-1779.11137700497;564.491320206618;0;190.77523868819;60;71.8275247442747
2941;1.13E5;0.00E0;1.51E-6;5.00E-5;0.00E0;0.00E0;4;0;-821.229504140764;87.2849808884998;0;331.560518903871;21;152.815648720842
2944;3.15E4;0.00E0;2.11E-6;5.00E-5;0.00E0;0.00E0;4;0;-2978.50449962319;159.757162528494;0;67.4818153540715;83;208.933906780716
2950;6.08E4;0.00E0;5.56E-6;5.00E-5;0.00E0;0.00E0;4;0;-194.555439888899;206.688698297913;0;200.1581680962;18;135.842676265816
2951;5.16E4;0.00E0;9.39E-7;5.00E-5;0.00E0;0.00E0;4;0;-3092.09584254009;44.8721191877457;0;62.842671454237;83;366.733183063368
2952;2.61E4;0.00E0;1.19E-6;5.00E-5;0.00E0;0.00E0;4;0;282.610743566235;975.073604854699;0;144.72682757653;9;80.5299169897928
2953;2.43E4;0.00E0;2.34E-6;5.00E-5;0.00E0;0.00E0;4;0;-1475.49191370824;-922.581896209804;0;108.993686510121;39;99.8236293769906
2962;4.76E4;0.00E0;1.16E-6;5.00E-5;0.00E0;0.00E0;4;0;-1009.80425871208;1204.81614897994;0;262.322925286733;66;81.1000476103504
2969;5.17E4;0.00E0;1.15E-6;5.00E-5;0.00E0;0.00E0;4;0;-1161.36491668283;-784.051369331;0;217.53774968953;38;106.169440960535
2972;4.32E4;0.00E0;3.30E-6;5.00E-5;0.00E0;0.00E0;4;0;-1905.00637279276;-1477.94852765285;0;157.846310994486;46;122.422935807504
2973;5.96E4;0.00E0;3.60E-6;5.00E-5;0.00E0;0.00E0;4;0;-1862.24451497371;154.553200528454;0;147.991069544216;73;179.913225735182
2979;2.62E4;0.00E0;9.21E-7;5.00E-5;0.00E0;0.00E0;4;0;-2840.00196920844;68.0406099448533;0;187.128783333016;84;62.672564236498
2983;8.67E4;0.00E0;1.51E-6;5.00E-5;0.00E0;0.00E0;4;0;-1647.20063350279;-1883.84805249902;0;304.494486879438;48;127.36073042767
3020;3.38E4;0.00E0;1.90E-6;5.00E-5;0.00E0;0.00E0;4;0;-111.653362596391;-334.710415997648;0;97.8881552864277;16;154.319684543858
3025;2.03E4;0.00E0;3.24E-6;5.00E-5;0.00E0;0.00E0;4;0;-1703.93696062633;-579.666219535984;0;76.4500139534393;35;118.95336619194
3028;5.53E4;0.00E0;2.11E-6;5.00E-5;0.00E0;0.00E0;4;0;-444.727845225263;264.556732562873;0;258.168555043594;19;95.7491128021438
3033;3.05E4;0.00E0;5.56E-6;5.00E-5;0.00E0;0.00E0;4;0;-3255.15103596914;142.27029528445;0;208.450471610193;83;65.3085563344446
3048;8.25E4;0.00E0;1.69E-6;5.00E-5;0.00E0;0.00E0;4;0;-1842.55169641473;702.362092806658;0;295.506351656438;62;124.826469632709
3054;4.40E4;0.00E0;1.93E-6;5.00E-5;0.00E0;0.00E0;4;0;-2140.77661892762;553.04039347104;0;263.38292483318;74;74.6137554581974
3055;8.28E4;0.00E0;2.20E-6;5.00E-5;0.00E0;0.00E0;4;0;-598.498184340743;51.6161657406415;0;150.2048798003;21;246.575110835649
3057;5.76E4;0.00E0;6.90E-7;5.00E-5;0.00E0;0.00E0;4;0;-1029.33892996359;1865.95289729092;0;429.376962850507;70;60.0032261114575
3058;3.04E4;0.00E0;1.43E-6;5.00E-5;0.00E0;0.00E0;4;0;-2298.43466697459;380.770218938259;0;120.433525425375;75;113.027105906503
3065;2.33E4;0.00E0;1.06E-6;5.00E-5;0.00E0;0.00E0;4;0;-355.97853977426;114.312093619604;0;100.716078285542;19;103.502669653071
3068;7.91E4;0.00E0;1.44E-6;5.00E-5;0.00E0;0.00E0;4;0;-2176.04768045626;-1951.46471133141;0;97.4386343240879;52;362.830930157474
3069;7.08E4;0.00E0;1.13E-6;5.00E-5;0.00E0;0.00E0;4;0;-1425.18318382955;366.442745245129;0;214.74024138579;60;147.47177101008
3071;9.46E3;0.00E0;1.05E-6;5.00E-5;0.00E0;0.00E0;4;0;-549.931643552286;-22.0474663257305;0;63.4569343519516;21;66.6376441889781
3075;2.85E4;0.00E0;1.72E-6;5.00E-5;0.00E0;0.00E0;4;0;-2459.32409083662;326.760211015489;0;54.1339543337074;77;234.973166665433
3077;3.77E4;0.00E0;2.30E-6;5.00E-5;0.00E0;0.00E0;4;0;-193.349059721334;113.536017863711;0;107.71619914052;18;156.477910075944
3079;2.47E4;0.00E0;3.34E-7;5.00E-5;0.00E0;0.00E0;4;0;-1509.49473842509;210.29774512982;0;143.726966624387;87;76.729025167424
3083;5.90E4;0.00E0;1.73E-6;5.00E-5;0.00E0;0.00E0;4;0;-3015.33061396146;821.316530558666;0;376.934343165374;80;69.9548184820273
3088;3.68E4;0.00E0;2.33E-6;5.00E-5;0.00E0;0.00E0;4;0;-274.332576119327;-203.947385439453;0;215.432696339638;19;76.4683333723925
3097;4.90E4;0.00E0;2.42E-6;5.00E-5;0.00E0;0.00E0;4;0;-1688.12739293161;869.085578797482;0;147.563997654895;63;148.528039541752
3102;5.22E4;0.00E0;6.05E-6;5.00E-5;0.00E0;0.00E0;4;0;-1213.27262633034;694.880784032366;0;328.255190223393;62;71.1165615693348
3117;7.57E4;0.00E0;1.40E-6;5.00E-5;0.00E0;0.00E0;4;0;-1850.13267435504;-2443.92612070807;0;437.199531833246;51;77.3877188887514
3118;3.41E4;0.00E0;3.85E-6;5.00E-5;0.00E0;0.00E0;4;0;-45.9303666385454;-414.244356903965;0;35.7418360225255;16;426.426260983762
3121;6.02E4;0.00E0;2.61E-6;5.00E-5;0.00E0;0.00E0;4;0;-1816.7035713592;1418.82058189543;0;434.325757912548;71;61.9983924701488
3124;9.00E4;0.00E0;3.38E-6;5.00E-5;0.00E0;0.00E0;4;0;-1638.84297513938;1563.58288489869;0;222.625814566582;71;180.637970424047
3126;3.57E4;0.00E0;9.72E-7;5.00E-5;0.00E0;0.00E0;4;0;-1550.48029358249;1440.01864953375;0;220.527140856892;69;72.3405276087433
3129;2.78E4;0.00E0;2.18E-7;5.00E-5;0.00E0;0.00E0;4;0;78.6480893456055;698.820030186315;0;140.752422985115;5;88.4174250117488
3130;1.28E5;0.00E0;2.89E-6;5.00E-5;0.00E0;0.00E0;4;0;-600.097374323209;-1741.31819916883;0;763.926391013031;53;75.0162491277106
3134;1.01E5;0.00E0;2.68E-6;5.00E-5;0.00E0;0.00E0;4;0;-816.149166089809;393.728104975954;0;549.816697238292;20;82.3001603535007
3139;7.37E4;0.00E0;4.87E-6;5.00E-5;0.00E0;0.00E0;4;0;-1301.85293539939;1832.65722546385;0;168.434004380085;70;195.618553949834
3154;3.45E4;0.00E0;3.72E-7;5.00E-5;0.00E0;0.00E0;4;0;-2025.05706803147;-2205.00274074312;0;165.513856469088;51;93.201852449609
3156;3.52E4;0.00E0;1.48E-6;5.00E-5;0.00E0;0.00E0;4;0;562.274260890623;821.028705024878;0;119.563636604669;7;131.477636001579
3158;3.68E4;0.00E0;6.60E-7;5.00E-5;0.00E0;0.00E0;4;0;-2177.89031321084;-2003.50666512553;0;86.4655668459663;52;190.463502449884
3161;5.58E4;0.00E0;1.71E-6;5.00E-5;0.00E0;0.00E0;4;0;-2283.34775736207;619.056697933924;0;348.082874067082;75;71.6807104280487
3173;3.67E4;0.00E0;4.64E-6;5.00E-5;0.00E0;0.00E0;4;0;-2116.17128970674;-2170.13374810835;0;161.872895429931;52;101.304800958512
3175;6.17E4;0.00E0;2.60E-6;5.00E-5;0.00E0;0.00E0;4;0;-880.050114847929;-530.525534126832;0;240.034642463114;24;114.946949903852
3177;7.62E4;0.00E0;1.92E-6;5.00E-5;0.00E0;0.00E0;4;0;742.25458732757;1249.98633110235;0;374.14190405484;9;91.0113676033178
3178;7.58E4;0.00E0;2.27E-6;5.00E-5;0.00E0;0.00E0;4;0;140.355551099716;-249.434148574853;0;123.984178394508;15;273.313956281975
3182;1.10E5;0.00E0;8.89E-6;5.00E-5;0.00E0;0.00E0;4;0;-938.678585164517;1647.50839746083;0;418.783374273782;68;117.505221233229
3191;6.07E4;0.00E0;7.80E-7;5.00E-5;0.00E0;0.00E0;4;0;-1517.92026759358;1188.49946810676;0;69.2295842305899;65;392.264004907227
3216;2.96E4;0.00E0;1.46E-6;5.00E-5;0.00E0;0.00E0;4;0;-1620.62078041573;1829.20135347344;0;76.4610617678227;71;173.116249706839
3224;5.86E4;0.00E0;1.15E-6;5.00E-5;0.00E0;0.00E0;4;0;58.6928472613208;315.773037790234;0;48.6402896857366;2;538.592016662311
3229;1.06E5;0.00E0;6.13E-6;5.00E-5;0.00E0;0.00E0;4;0;803.0137804963;818.830284879928;0;353.803245191114;7;133.334382087599
3235;2.90E4;0.00E0;5.68E-7;5.00E-5;0.00E0;0.00E0;4;0;378.556502636206;386.920669661677;0;212.96096958651;3;60.9485900205664
3245;3.20E4;0.00E0;8.98E-7;5.00E-5;0.00E0;0.00E0;4;0;-1702.79094509888;1117.57207109606;0;193.455023031284;64;73.8889685702527
3247;7.04E3;0.00E0;4.72E-7;5.00E-5;0.00E0;0.00E0;4;0;-1560.92994421738;-275.38277515925;0;21.1568913137554;54;148.857469587637
3250;1.26E4;0.00E0;7.77E-7;5.00E-5;0.00E0;0.00E0;4;0;-1742.53901616132;377.043161200823;0;61.190541960284;59;92.2197483794904
3252;5.93E4;0.00E0;2.13E-6;5.00E-5;0.00E0;0.00E0;4;0;-3257.11339308023;-249.805516884448;0;303.682685073407;85;87.2853868456068
3254;4.19E4;0.00E0;1.59E-6;5.00E-5;0.00E0;0.00E0;4;0;-328.55237427892;238.921722369518;0;225.964286462113;19;82.8854002348003
3256;5.63E4;0.00E0;1.83E-6;5.00E-5;0.00E0;0.00E0;4;0;-83.6742737121099;-396.861776667126;0;59.7238861422722;16;421.379547538842
3257;2.37E4;0.00E0;2.77E-6;5.00E-5;0.00E0;0.00E0;4;0;-809.350349508632;-176.541296556124;0;113.485673866705;24;93.4305278345204
3267;1.16E5;0.00E0;1.82E-6;5.00E-5;0.00E0;0.00E0;4;0;-2076.78799826533;1662.11474596613;0;521.714480007856;71;99.444563587581
3274;5.30E4;0.00E0;1.10E-6;5.00E-5;0.00E0;0.00E0;4;0;-1190.06767626378;-854.561133685179;0;182.332397537359;38;129.846338099862
3287;5.65E4;0.00E0;1.94E-6;5.00E-5;0.00E0;0.00E0;4;0;-221.862960295296;-127.602589892824;0;135.09746930864;18;186.87946062417
3294;6.97E4;0.00E0;3.28E-6;5.00E-5;0.00E0;0.00E0;4;0;-83.4482094551095;1385.03965154237;0;399.352856679378;11;78.0341923514517
3296;7.65E4;0.00E0;2.88E-6;5.00E-5;0.00E0;0.00E0;4;0;-3256.12421743398;-458.474485833931;0;409.16201812144;86;83.5733740851152
3297;8.33E4;0.00E0;1.62E-6;5.00E-5;0.00E0;0.00E0;4;0;-3213.22089352856;232.726122755108;0;164.833264859342;82;225.943205879908
3302;4.00E4;0.00E0;2.96E-6;5.00E-5;0.00E0;0.00E0;4;0;-53.0131767149601;-487.881518551337;0;106.407892970067;16;167.956351565622
3303;6.46E4;0.00E0;1.14E-6;5.00E-5;0.00E0;0.00E0;4;0;-2330.77919322351;-178.240414801526;0;425.387377647527;75;67.9157483870966
3304;7.28E4;0.00E0;5.25E-6;5.00E-5;0.00E0;0.00E0;4;0;-24.5587230191431;1198.20292483127;0;334.767802789132;11;97.1829400929648
3308;1.88E4;0.00E0;1.98E-6;5.00E-5;0.00E0;0.00E0;4;0;-1372.68045423067;-394.134072683381;0;131.477493315168;29;64.040534687314
3309;3.77E4;0.00E0;5.42E-7;5.00E-5;0.00E0;0.00E0;4;0;564.761393272065;598.737314459974;0;253.456170992235;6;66.4078253700303
3313;7.86E3;0.00E0;1.61E-6;5.00E-5;0.00E0;0.00E0;4;0;-1807.55468937808;-297.745646822822;0;26.8115330218657;32;131.022472209758
3323;8.57E4;0.00E0;1.23E-6;5.00E-5;0.00E0;0.00E0;4;0;867.283561896899;413.098812133344;0;604.647688538284;6;63.3817471398105
3334;6.97E4;0.00E0;2.27E-6;5.00E-5;0.00E0;0.00E0;4;0;-947.098502654356;-976.396317598981;0;409.804910485765;39;76.0650295444076
3337;2.75E4;0.00E0;4.48E-7;5.00E-5;0.00E0;0.00E0;4;0;-1850.16033795684;-1943.79809608703;0;98.4091640493561;50;124.904466887738
3338;4.10E4;0.00E0;9.44E-7;5.00E-5;0.00E0;0.00E0;4;0;-2290.98572370641;187.335256340682;0;69.1073337443573;75;264.978505835155
3347;1.80E5;0.00E0;1.25E-6;5.00E-5;0.00E0;0.00E0;4;0;-3206.01458806809;259.951326380814;0;166.325791066193;82;484.241198945487
3350;3.72E4;0.00E0;1.61E-6;5.00E-5;0.00E0;0.00E0;4;0;-1539.89954398251;1954.43339580263;0;182.106585806755;71;91.3031225286747
3358;5.24E4;0.00E0;2.38E-6;5.00E-5;0.00E0;0.00E0;4;0;-1446.3421040671;1604.31343329326;0;58.71109566652;70;399.196231859116
3361;5.57E4;0.00E0;8.65E-7;5.00E-5;0.00E0;0.00E0;4;0;-1877.67159383035;408.854155770206;0;105.588519756556;73;235.638459133964
3364;5.75E4;0.00E0;7.32E-7;5.00E-5;0.00E0;0.00E0;4;0;-1322.34607059763;942.05146069062;0;206.855279384028;64;124.160624425711
3370;2.97E5;0.00E0;1.14E-6;5.00E-5;0.00E0;0.00E0;4;0;-2427.5402351182;-1735.15233782611;0;427.80178148862;52;309.884141456496
3374;8.66E4;0.00E0;1.01E-6;5.00E-5;0.00E0;0.00E0;4;0;-864.600584149518;-19.7341785867438;0;248.671971565756;25;155.757131743493
3375;5.84E4;0.00E0;4.11E-6;5.00E-5;0.00E0;0.00E0;4;0;-672.34964939985;-653.670563825796;0;371.701943149087;23;70.2924495366628
3377;1.63E5;0.00E0;5.06E-6;5.00E-5;0.00E0;0.00E0;4;0;-1109.49093606958;-1372.86241540048;0;135.25744686298;53;538.653032784965
3379;1.26E5;0.00E0;3.15E-6;5.00E-5;0.00E0;0.00E0;4;0;-2925.03763030941;-1912.45572837912;0;838.111855172761;52;66.9935214325565
3383;9.04E4;0.00E0;1.02E-6;5.00E-5;0.00E0;0.00E0;4;0;-1645.52974528892;-2417.50941686791;0;515.061216537293;50;78.4427695727587
3390;8.31E4;0.00E0;1.39E-6;5.00E-5;0.00E0;0.00E0;4;0;683.301818896389;734.891757762799;0;266.726340654505;7;139.282740138752
3399;3.08E4;0.00E0;1.84E-6;5.00E-5;0.00E0;0.00E0;4;0;-1450.34701479147;1546.17427284445;0;86.0657772439597;69;160.04282271269
3413;2.29E4;0.00E0;1.08E-6;5.00E-5;0.00E0;0.00E0;4;0;260.953914386464;383.908819524263;0;95.4549708228524;3;107.384845244464
3416;1.03E5;0.00E0;2.02E-6;5.00E-5;0.00E0;0.00E0;4;0;-1668.84219399455;-2038.66780433211;0;271.08749906397;50;169.183180676082
3417;7.07E4;0.00E0;9.52E-7;5.00E-5;0.00E0;0.00E0;4;0;-2156.20045998155;609.727528114863;0;319.497777072127;74;98.9367439005007
3418;1.92E4;0.00E0;6.42E-7;5.00E-5;0.00E0;0.00E0;4;0;-1978.60900386906;-1678.40663091629;0;48.8589822244285;47;176.026505456841
3425;3.25E4;0.00E0;2.63E-6;5.00E-5;0.00E0;0.00E0;4;0;37.9543389145251;837.861268021195;0;134.459705346888;12;108.191027528986
3429;1.43E5;0.00E0;4.40E-6;5.00E-5;0.00E0;0.00E0;4;0;-2764.90998477455;-1430.07391992069;0;869.288700453147;47;73.496180190209
3430;4.42E4;0.00E0;4.18E-6;5.00E-5;0.00E0;0.00E0;4;0;-1073.51321576732;-433.880263708717;0;213.254062422535;25;92.6884873226656
3432;3.12E4;0.00E0;1.64E-6;5.00E-5;0.00E0;0.00E0;4;0;-3239.37373350398;142.882103910145;0;192.77484087837;83;72.2833818883062
3438;5.11E4;0.00E0;8.25E-7;5.00E-5;0.00E0;0.00E0;4;0;-2518.83771693971;157.694237790033;0;122.059484723767;76;187.305267025214
3439;2.45E4;0.00E0;8.70E-7;5.00E-5;0.00E0;0.00E0;4;0;-917.727861024895;-301.667305593953;0;33.4699872574594;25;327.689801966454
3440;1.96E4;0.00E0;1.41E-6;5.00E-5;0.00E0;0.00E0;4;0;-675.862280805718;-347.562385162921;0;74.9378820538537;23;117.126868568907
3445;5.96E4;0.00E0;1.76E-6;5.00E-5;0.00E0;0.00E0;4;0;-2092.19406601269;-1357.58826617218;0;368.896909728326;47;72.2635891655174
3446;6.08E4;0.00E0;3.13E-6;5.00E-5;0.00E0;0.00E0;4;0;277.397891453516;-361.101878586263;0;280.415296301038;16;96.8618393764447
3462;5.58E4;0.00E0;2.08E-6;5.00E-5;0.00E0;0.00E0;4;0;435.51799419984;741.233793457031;0;62.367709416042;7;400.214645154751
3470;8.37E4;0.00E0;2.37E-6;5.00E-5;0.00E0;0.00E0;4;0;-991.73747339147;1703.61512410487;0;397.074462202198;69;94.2414434908483
3477;4.10E4;0.00E0;9.71E-7;5.00E-5;0.00E0;0.00E0;4;0;4.98875442275084;465.441427326703;0;152.366371149443;4;120.430707927688
3479;4.23E4;0.00E0;3.09E-6;5.00E-5;0.00E0;0.00E0;4;0;-60.8573882721475;447.180127729071;0;217.741263669297;3;86.9380687418265
3484;1.22E4;0.00E0;6.84E-7;5.00E-5;0.00E0;0.00E0;4;0;287.082623374599;1179.54120633635;0;42.0045765509337;10;130.193896844212
3486;5.41E4;0.00E0;8.22E-7;5.00E-5;0.00E0;0.00E0;4;0;-1651.26438097304;1152.35218463552;0;151.625128735047;64;159.384366736685
3488;6.25E4;0.00E0;3.75E-6;5.00E-5;0.00E0;0.00E0;4;0;-1127.78345238168;1024.52353417595;0;271.592308438071;66;102.927228755441
3489;2.82E4;0.00E0;1.82E-6;5.00E-5;0.00E0;0.00E0;4;0;-1703.1223366419;1663.85338979678;0;175.12355683428;71;72.10772129029
3495;5.34E4;0.00E0;9.62E-7;5.00E-5;0.00E0;0.00E0;4;0;-2086.95503204794;-1645.45132747066;0;158.854733960484;47;150.251092277511
3512;9.15E4;0.00E0;8.03E-6;5.00E-5;0.00E0;0.00E0;4;0;-3445.89587461417;-414.779951732498;0;540.090729794438;85;75.7717885749531
3514;5.50E4;0.00E0;1.47E-6;5.00E-5;0.00E0;0.00E0;4;0;-1791.99905462862;-261.291948690575;0;58.5810957247248;32;419.848115435936
3524;4.23E4;0.00E0;1.96E-6;5.00E-5;0.00E0;0.00E0;4;0;-1260.17947919001;-116.768036488518;0;100.381089996946;28;188.394017053973
3540;7.91E4;0.00E0;3.33E-6;5.00E-5;0.00E0;0.00E0;4;0;-2209.97796096;-1305.66474293327;0;483.463956826806;47;73.174016674342
3543;2.97E4;0.00E0;2.13E-6;5.00E-5;0.00E0;0.00E0;4;0;-209.19909097743;101.17515795322;0;93.6709289176738;18;141.595746714056
3547;3.54E4;0.00E0;6.32E-7;5.00E-5;0.00E0;0.00E0;4;0;-1685.90434783949;-250.902497398771;0;55.0013755850759;31;287.633915086428
3550;5.00E4;0.00E0;3.54E-6;5.00E-5;0.00E0;0.00E0;4;0;-1506.62229983012;234.686617774636;0;149.023194176109;87;150.085615713533
3558;2.08E4;0.00E0;3.98E-6;5.00E-5;0.00E0;0.00E0;4;0;-1714.47979999154;0.655995727503068;0;109.07456205038;57;85.4127889232622
3564;5.12E4;0.00E0;3.73E-6;5.00E-5;0.00E0;0.00E0;4;0;-2113.72797148694;-202.780881156132;0;296.939151403922;32;77.1443165227268
3568;5.24E4;0.00E0;1.16E-6;5.00E-5;0.00E0;0.00E0;4;0;-1576.0701378595;1389.06089995168;0;253.372547954983;65;92.4295677193662
3569;1.77E4;0.00E0;4.62E-7;5.00E-5;0.00E0;0.00E0;4;0;-1321.11827171141;1531.61505776703;0;26.2924089976967;69;301.44575363229
3579;5.17E4;0.00E0;5.99E-7;5.00E-5;0.00E0;0.00E0;4;0;-1885.86560856879;1114.09137208895;0;374.462536897034;64;61.7250245703716
3581;4.55E4;0.00E0;1.41E-6;5.00E-5;0.00E0;0.00E0;4;0;-1844.49528811343;468.723618496942;0;159.838023282284;72;127.195596631403
3582;2.48E4;0.00E0;2.63E-6;5.00E-5;0.00E0;0.00E0;4;0;-1311.54421214258;-784.647185242669;0;67.9677654777239;38;163.142273951019
3583;3.97E4;0.00E0;1.54E-6;5.00E-5;0.00E0;0.00E0;4;0;-3241.29454522254;-44.695160997298;0;227.958730296739;83;77.8334375745563
3586;2.80E4;0.00E0;5.67E-7;5.00E-5;0.00E0;0.00E0;4;0;-1960.1171947756;-387.283906201765;0;123.757257846885;32;101.233488370155
3589;7.44E4;0.00E0;1.75E-6;5.00E-5;0.00E0;0.00E0;4;0;-1588.91788258303;-1447.02296413176;0;56.0909841785282;45;592.878836849755
3590;1.22E5;0.00E0;4.41E-6;5.00E-5;0.00E0;0.00E0;4;0;-3882.72415061614;325.256327339431;0;840.173165121242;82;64.716527416625
3594;4.38E4;0.00E0;6.12E-6;5.00E-5;0.00E0;0.00E0;4;0;507.827508911448;504.134170400576;0;298.959257183696;6;65.4866171473365
3599;1.09E5;0.00E0;1.74E-6;5.00E-5;0.00E0;0.00E0;4;0;-1056.59988548601;1875.58227095569;0;408.604548046823;70;118.921501847447
3604;2.64E4;0.00E0;2.34E-7;5.00E-5;0.00E0;0.00E0;4;0;-1476.47840272168;-1350.28223288685;0;106.625171451954;42;110.885292896655
3607;3.76E4;0.00E0;1.62E-6;5.00E-5;0.00E0;0.00E0;4;0;51.5837348445812;-506.421067547746;0;143.439682121542;16;117.054534293203
3616;5.72E4;0.00E0;6.37E-7;5.00E-5;0.00E0;0.00E0;4;0;-1388.75973883844;124.354540650149;0;224.652857560803;57;113.922478069744
3632;3.69E4;0.00E0;1.30E-6;5.00E-5;0.00E0;0.00E0;4;0;-269.319001406488;-172.451404288442;0;183.82263335641;19;89.7422478534764
3642;4.87E4;0.00E0;1.33E-6;5.00E-5;0.00E0;0.00E0;4;0;-2860.34794460708;827.523011283228;0;346.407774840921;80;62.9114774240457
3657;3.77E4;0.00E0;2.29E-6;5.00E-5;0.00E0;0.00E0;4;0;-2007.18323575659;497.028101542626;0;212.394483340824;74;79.2580517052113
3674;6.70E4;0.00E0;3.72E-6;5.00E-5;0.00E0;0.00E0;4;0;-1764.52412213328;1739.14965406177;0;200.34954764114;71;149.490535729123
3677;3.41E4;0.00E0;2.52E-6;5.00E-5;0.00E0;0.00E0;4;0;-1769.12104572859;-1518.62301355726;0;59.1434634508607;46;257.760143010865
3680;1.38E4;0.00E0;5.29E-7;5.00E-5;0.00E0;0.00E0;4;0;-1787.67709303295;-356.105264140592;0;34.5867962469215;32;178.205527873034
3684;1.31E5;0.00E0;2.01E-6;5.00E-5;0.00E0;0.00E0;4;0;607.262450312534;-967.542656896185;0;859.65413894553;16;68.2473816772633
3685;8.98E4;0.00E0;2.17E-6;5.00E-5;0.00E0;0.00E0;4;0;-128.245732545477;1419.78978314259;0;452.40399396824;11;88.7833678192768
3691;4.91E4;0.00E0;1.41E-6;5.00E-5;0.00E0;0.00E0;4;0;224.956316077681;-340.241114532996;0;224.099423446651;16;97.9184462094031
3692;2.45E4;0.00E0;1.67E-6;5.00E-5;0.00E0;0.00E0;4;0;-2980.74945051434;-344.952345535289;0;128.08091236973;86;85.4681445966905
3693;1.03E5;0.00E0;2.27E-6;5.00E-5;0.00E0;0.00E0;4;0;711.150667615188;1055.20416848304;0;289.884699101522;9;158.852965255414
3695;5.70E4;0.00E0;1.68E-6;5.00E-5;0.00E0;0.00E0;4;0;-2789.00021624308;-196.17056748106;0;117.40503497778;86;217.057547465656
3706;2.91E4;0.00E0;1.77E-6;5.00E-5;0.00E0;0.00E0;4;0;-1523.05599437407;-1235.3632872666;0;142.717434344131;41;91.2059358219216
3710;8.06E4;0.00E0;1.76E-6;5.00E-5;0.00E0;0.00E0;4;0;-3235.38830855824;22.1093944771037;0;207.931752955499;83;173.32339058737
3716;8.19E4;0.00E0;1.27E-6;5.00E-5;0.00E0;0.00E0;4;0;-900.42620975889;1805.03442948452;0;521.552652830758;69;70.2380460712781
3721;6.75E4;0.00E0;2.83E-6;5.00E-5;0.00E0;0.00E0;4;0;-1930.70141874032;-1244.54935925138;0;376.496798197028;46;80.1894870331825
3722;7.57E4;0.00E0;1.21E-6;5.00E-5;0.00E0;0.00E0;4;0;-932.34616855237;1047.07939595992;0;395.269290094154;66;85.6283968687262
3724;1.23E4;0.00E0;7.94E-7;5.00E-5;0.00E0;0.00E0;4;0;-777.251909083762;-200.912516840106;0;87.214491884286;24;62.9304280045202
3735;8.10E4;0.00E0;1.02E-6;5.00E-5;0.00E0;0.00E0;4;0;310.057130587938;1639.81697415168;0;363.332386875302;11;99.6540037618772
3739;6.49E4;0.00E0;2.60E-6;5.00E-5;0.00E0;0.00E0;4;0;-1142.19129247852;-1644.99188958352;0;312.785253732318;43;92.703447842341
3747;5.53E4;0.00E0;1.92E-6;5.00E-5;0.00E0;0.00E0;4;0;-1778.20291314067;-502.083200221602;0;112.8530757725;34;219.258714335662
3750;9.18E4;0.00E0;1.26E-6;5.00E-5;0.00E0;0.00E0;4;0;740.712337041102;1272.14169818135;0;381.920611041836;9;107.396954882454
3752;6.44E3;0.00E0;2.39E-7;5.00E-5;0.00E0;0.00E0;4;0;319.121570776867;1315.38880449881;0;42.8555363520679;11;67.1917081112714
3756;2.69E4;0.00E0;8.81E-7;5.00E-5;0.00E0;0.00E0;4;0;-1432.22745303029;901.605548492251;0;102.829427384211;63;117.163437817586
3757;4.43E4;0.00E0;8.07E-7;5.00E-5;0.00E0;0.00E0;4;0;-2934.68010928963;160.190075848286;0;110.823580447613;83;178.779605371797
3760;6.46E4;0.00E0;4.70E-6;5.00E-5;0.00E0;0.00E0;4;0;-1690.28040355634;1484.88254695118;0;314.554502874711;71;91.7546685725226
3764;7.47E4;0.00E0;4.66E-6;5.00E-5;0.00E0;0.00E0;4;0;-1969.66572364197;953.639645361353;0;437.015517011061;63;76.4065383866474
3766;5.77E4;0.00E0;1.25E-6;5.00E-5;0.00E0;0.00E0;4;0;-2638.97586105105;822.353314356611;0;346.552547149971;79;74.4371429738116
3767;1.20E5;0.00E0;3.60E-6;5.00E-5;0.00E0;0.00E0;4;0;-2586.27391301465;-352.023356046545;0;321.360287064729;86;166.852417887697
3772;6.40E4;0.00E0;1.37E-6;5.00E-5;0.00E0;0.00E0;4;0;438.628089564764;1709.90559162168;0;454.667749445429;11;62.9604757139556
3777;2.45E4;0.00E0;4.19E-7;5.00E-5;0.00E0;0.00E0;4;0;-1036.64332315754;-373.93418648706;0;143.724015493243;25;76.0802009201097
3779;7.96E4;0.00E0;2.15E-6;5.00E-5;0.00E0;0.00E0;4;0;199.073477572798;-82.10190251022;0;139.748569005523;13;254.505915783753
3788;4.82E4;0.00E0;1.61E-6;5.00E-5;0.00E0;0.00E0;4;0;-1398.40435584516;507.703518372527;0;173.903166929861;61;123.911265991426
3807;7.01E4;0.00E0;3.54E-6;5.00E-5;0.00E0;0.00E0;4;0;-1708.49700198282;2069.5447711079;0;327.180423132664;71;95.8268675963324
3811;4.69E4;0.00E0;2.03E-6;5.00E-5;0.00E0;0.00E0;4;0;-1320.14191140622;295.368565605194;0;341.274123015851;60;61.4255746080155
3816;7.58E4;0.00E0;9.74E-7;5.00E-5;0.00E0;0.00E0;4;0;-843.013617677206;-5.87345551489443;0;269.378759617478;25;125.871547788329
3823;3.38E4;0.00E0;2.17E-6;5.00E-5;0.00E0;0.00E0;4;0;-2985.03057170225;42.6905039820135;0;42.5314482132662;83;355.064770754335
3836;9.04E4;0.00E0;7.36E-6;5.00E-5;0.00E0;0.00E0;4;0;360.271612977376;225.59583334194;0;253.142831599747;3;159.597075435361
3845;5.43E4;0.00E0;1.36E-6;5.00E-5;0.00E0;0.00E0;4;0;-1082.92876143661;1696.22363660712;0;310.65788035233;69;78.1685550736165
3851;4.84E4;0.00E0;1.44E-6;5.00E-5;0.00E0;0.00E0;4;0;-1221.85072189062;-1416.68185619932;0;120.666929509068;53;179.379912371577
3854;8.04E4;0.00E0;3.30E-6;5.00E-5;0.00E0;0.00E0;4;0;-1022.05070271097;729.010210433617;0;522.200313537871;62;68.8682637480961
3858;2.47E4;0.00E0;2.78E-6;5.00E-5;0.00E0;0.00E0;4;0;-1290.52688873403;-1595.47469718673;0;163.048472390802;43;67.7747273654451
3871;1.34E5;0.00E0;3.49E-6;5.00E-5;0.00E0;0.00E0;4;0;793.248249631518;370.670117456185;0;576.283224432495;6;103.841590753697
3881;7.21E4;0.00E0;2.24E-6;5.00E-5;0.00E0;0.00E0;4;0;-2551.13419911846;-1948.32087460033;0;462.519192224777;52;69.662025146021
3904;6.56E4;0.00E0;3.14E-6;5.00E-5;0.00E0;0.00E0;4;0;-3188.29750338549;733.655710758559;0;404.756485288623;80;72.4724301789448
3907;4.27E4;0.00E0;9.44E-7;5.00E-5;0.00E0;0.00E0;4;0;-2785.38632595413;559.813052010024;0;68.9466825208845;80;276.594960268486
3908;2.21E4;0.00E0;7.44E-7;5.00E-5;0.00E0;0.00E0;4;0;-1171.19340653163;1497.89291627335;0;142.35086657448;68;69.4417182648881
3909;3.89E4;0.00E0;1.09E-6;5.00E-5;0.00E0;0.00E0;4;0;-3007.81116452701;-380.141858475237;0;172.269629806386;86;100.951906478972
3913;6.94E4;0.00E0;1.91E-6;5.00E-5;0.00E0;0.00E0;4;0;-1981.16468896811;547.350341767903;0;258.582019752229;73;119.928887841849
3926;1.30E5;0.00E0;7.60E-6;5.00E-5;0.00E0;0.00E0;4;0;-1688.52624254317;-1947.32048390581;0;251.394074989723;50;230.7595787652
3927;4.88E4;0.00E0;6.64E-7;5.00E-5;0.00E0;0.00E0;4;0;126.496824910556;1045.76881375724;0;199.263723520642;12;109.447148379438
3928;5.74E4;0.00E0;3.17E-6;5.00E-5;0.00E0;0.00E0;4;0;-718.436658824317;-498.637838425173;0;213.527304642032;24;120.111130697539
3932;4.80E4;0.00E0;1.31E-6;5.00E-5;0.00E0;0.00E0;4;0;-2336.1133616765;22.7022647187437;0;224.399904310448;75;95.5715222161986
3933;9.06E4;0.00E0;6.26E-6;5.00E-5;0.00E0;0.00E0;4;0;-2534.22816735205;-189.780396614546;0;363.163897379581;86;111.484179096787
3938;1.17E5;0.00E0;6.25E-6;5.00E-5;0.00E0;0.00E0;4;0;-3020.08025007266;-848.355814442641;0;609.291412862528;86;85.8348441802487
3957;3.75E4;0.00E0;2.14E-6;5.00E-5;0.00E0;0.00E0;4;0;512.58230551106;1446.45345488197;0;271.403011408897;11;61.7067451823725
3960;3.03E4;0.00E0;7.96E-7;5.00E-5;0.00E0;0.00E0;4;0;-1023.23607176925;-274.132923034168;0;47.1791702356249;26;286.995445003097
3965;4.74E4;0.00E0;1.18E-6;5.00E-5;0.00E0;0.00E0;4;0;221.306107537714;1501.69440361994;0;238.752336655192;11;88.8038359182274
3971;3.01E4;0.00E0;3.66E-7;5.00E-5;0.00E0;0.00E0;4;0;-1366.49013947296;758.966491485031;0;183.906666230231;62;73.185192128313
3979;7.47E4;0.00E0;1.66E-6;5.00E-5;0.00E0;0.00E0;4;0;-2140.77427837823;-538.932135254413;0;356.823320843725;32;93.6004734726677
3980;4.43E4;0.00E0;1.38E-6;5.00E-5;0.00E0;0.00E0;4;0;-2740.72694398566;757.73522848717;0;262.323815256287;79;75.4682485353034
3983;4.01E4;0.00E0;3.18E-6;5.00E-5;0.00E0;0.00E0;4;0;-1871.90090907121;-501.962110982597;0;168.579381057747;32;106.358061118711
3997;5.18E4;0.00E0;1.40E-6;5.00E-5;0.00E0;0.00E0;4;0;-172.404706080319;-322.1992348635;0;159.54224287202;16;145.167843035097
3998;2.13E4;0.00E0;9.30E-7;5.00E-5;0.00E0;0.00E0;4;0;-267.252455239305;86.0322318269;0;74.6333322966739;19;127.822923349728
4002;3.60E4;0.00E0;6.57E-7;5.00E-5;0.00E0;0.00E0;4;0;-340.745200982696;135.767883018686;0;122.541084263908;19;131.400871573846
4010;4.63E4;0.00E0;1.65E-6;5.00E-5;0.00E0;0.00E0;4;0;-1465.65947850839;896.866626025753;0;70.1737335262538;63;295.111769268065
4011;4.31E4;0.00E0;8.89E-7;5.00E-5;0.00E0;0.00E0;4;0;-2292.47274420536;11.219525829822;0;240.064970486133;75;80.2558315066376
4013;6.69E4;0.00E0;3.01E-6;5.00E-5;0.00E0;0.00E0;4;0;-1677.6712513098;-1033.91327835447;0;306.196221299567;40;97.6907383010167
4026;5.79E4;0.00E0;2.56E-6;5.00E-5;0.00E0;0.00E0;4;0;-2158.13439723447;-2276.2284437;0;275.245692106245;52;94.0641224480825
4028;1.20E5;0.00E0;1.27E-6;5.00E-5;0.00E0;0.00E0;4;0;-809.137246716804;-163.383410894627;0;126.60647666817;24;422.006831739888
4034;2.83E4;0.00E0;8.67E-7;5.00E-5;0.00E0;0.00E0;4;0;20.9507090585962;-467.806612152689;0;94.5754734386476;16;133.914784568876
4041;1.12E5;0.00E0;2.85E-6;5.00E-5;0.00E0;0.00E0;4;0;-1503.61542192411;-1764.25357588107;0;268.818344889772;44;186.673329794774
4045;3.41E4;0.00E0;5.82E-7;5.00E-5;0.00E0;0.00E0;4;0;-2062.74644004795;-2245.5580569674;0;210.945050331795;51;72.2142051843069
4049;2.32E4;0.00E0;1.41E-6;5.00E-5;0.00E0;0.00E0;4;0;561.460672592892;961.836221298849;0;123.476996872348;8;84.1070454616944
4059;2.42E4;0.00E0;5.75E-7;5.00E-5;0.00E0;0.00E0;4;0;-3060.94476575653;284.079656136034;0;61.9985326017641;82;174.763203900795
4064;2.89E4;0.00E0;7.23E-7;5.00E-5;0.00E0;0.00E0;4;0;556.574987241825;659.300387718883;0;208.404830508748;7;61.9412923384445
4070;6.88E4;0.00E0;2.13E-6;5.00E-5;0.00E0;0.00E0;4;0;-2431.38957749752;200.783444822802;0;63.1438031599791;76;487.109272709044
4077;2.57E4;0.00E0;1.55E-6;5.00E-5;0.00E0;0.00E0;4;0;-1428.80524168734;-1320.17991645338;0;58.842665130948;42;195.297548451936
4095;6.48E4;0.00E0;3.09E-6;5.00E-5;0.00E0;0.00E0;4;0;-2483.15232689786;785.315417840354;0;372.698666885258;78;77.7755014423601
4098;2.35E4;0.00E0;1.66E-6;5.00E-5;0.00E0;0.00E0;4;0;-691.43592214761;-40.7463630750945;0;149.61818184621;22;70.0823124185591
4099;5.30E4;0.00E0;1.09E-6;5.00E-5;0.00E0;0.00E0;4;0;-343.825722878032;268.009147181384;0;254.666130022015;19;93.0825926640956
4101;2.15E4;0.00E0;8.68E-7;5.00E-5;0.00E0;0.00E0;4;0;-1361.55590502627;1808.48717170053;0;104.960547528153;70;91.6450094025595
4102;2.21E4;0.00E0;1.22E-6;5.00E-5;0.00E0;0.00E0;4;0;241.373521669097;1171.14185025748;0;88.1187497785233;11;112.328750714668
4106;1.14E5;0.00E0;1.16E-6;5.00E-5;0.00E0;0.00E0;4;0;-1745.98499702663;889.753469149297;0;207.429979375675;63;245.444742204526
4113;5.68E4;0.00E0;2.19E-6;5.00E-5;0.00E0;0.00E0;4;0;-1142.70112207205;506.212689862719;0;409.505366245425;61;62.0466961929461
4114;7.46E4;0.00E0;2.36E-6;5.00E-5;0.00E0;0.00E0;4;0;-2546.22724373643;-2121.09003155742;0;470.5995005788;52;70.90403158514
4115;7.65E4;0.00E0;3.83E-6;5.00E-5;0.00E0;0.00E0;4;0;-2175.59775662185;494.934504473507;0;205.028079648485;74;166.869919983591
4118;1.12E5;0.00E0;1.87E-6;5.00E-5;0.00E0;0.00E0;4;0;-2788.27665578039;592.685278355625;0;101.697872278965;80;492.576543309658
4126;8.90E4;0.00E0;2.68E-6;5.00E-5;0.00E0;0.00E0;4;0;-1843.63805228682;124.156279188257;0;169.564760912025;58;234.631725156226
4128;1.49E5;0.00E0;1.61E-6;5.00E-5;0.00E0;0.00E0;4;0;242.107139059769;1587.7136080108;0;316.6200839919;11;210.078698919593
4133;2.69E4;0.00E0;6.63E-7;5.00E-5;0.00E0;0.00E0;4;0;225.860691030406;1128.72413686491;0;119.851903106963;10;100.247401809196
4138;1.77E5;0.00E0;5.24E-6;5.00E-5;0.00E0;0.00E0;4;0;1310.42702981076;181.845970460445;0;1098.27769921893;7;72.1382885920586
4143;2.51E4;0.00E0;3.22E-6;5.00E-5;0.00E0;0.00E0;4;0;-1657.85634220912;1109.6768604863;0;147.871050149766;64;75.851359390812
4144;3.39E4;0.00E0;1.74E-6;5.00E-5;0.00E0;0.00E0;4;0;-1724.7287427484;2.86092991849137;0;115.864386614016;57;130.866599423163
4148;3.99E4;0.00E0;2.00E-6;5.00E-5;0.00E0;0.00E0;4;0;-3069.9908122523;562.438207148474;0;209.752048767868;80;84.977650137767
4157;5.16E4;0.00E0;3.12E-6;5.00E-5;0.00E0;0.00E0;4;0;-1443.35712426938;-800.927562357201;0;64.7919603067959;38;355.810669182108
4159;5.52E4;0.00E0;3.17E-6;5.00E-5;0.00E0;0.00E0;4;0;-1301.50864135356;1326.82127747803;0;46.6330835685954;67;528.936224419591
4172;4.89E4;0.00E0;2.06E-6;5.00E-5;0.00E0;0.00E0;4;0;-1620.46473524462;775.02603810701;0;69.437999865028;63;314.751585827253
4179;2.87E4;0.00E0;2.91E-6;5.00E-5;0.00E0;0.00E0;4;0;572.188059021974;1157.64900834173;0;182.527935512453;9;70.2366717629282
4183;4.21E4;0.00E0;1.44E-6;5.00E-5;0.00E0;0.00E0;4;0;-1213.85676644425;-1357.23530559285;0;62.2695538568697;53;302.115452874649
4185;1.26E5;0.00E0;2.13E-6;5.00E-5;0.00E0;0.00E0;4;0;-3785.16347143112;1.3573223989988;0;754.074436280921;83;74.5615417971414
4187;1.08E5;0.00E0;1.03E-6;5.00E-5;0.00E0;0.00E0;4;0;344.096727309627;-908.74846119698;0;640.631887028631;16;75.4784499847398
4188;1.02E5;0.00E0;2.22E-6;5.00E-5;0.00E0;0.00E0;4;0;-1666.55265217674;1260.10698188177;0;226.192279783924;65;200.964488417716
4192;2.97E4;0.00E0;1.01E-6;5.00E-5;0.00E0;0.00E0;4;0;143.516136191023;-123.380792254;0;104.674150933221;14;126.756652680466
4193;7.18E4;0.00E0;2.91E-6;5.00E-5;0.00E0;0.00E0;4;0;-0.960417094938748;1532.24085561794;0;395.565365609531;11;81.1756832400019
4194;3.59E4;0.00E0;1.87E-6;5.00E-5;0.00E0;0.00E0;4;0;172.188368650281;1150.40279002694;0;160.341969528656;11;100.041397566462
4197;1.45E5;0.00E0;5.00E-6;5.00E-5;0.00E0;0.00E0;4;0;-1612.10884062489;-1747.5654806722;0;215.766841047171;46;301.294663972626
4201;2.41E4;0.00E0;8.65E-7;5.00E-5;0.00E0;0.00E0;4;0;-1473.60536424877;-1427.61467260733;0;64.4538259746827;44;167.041201996968
4204;3.64E4;0.00E0;1.98E-6;5.00E-5;0.00E0;0.00E0;4;0;442.269976721038;764.827911873961;0;53.7199035146351;7;302.555558106598
4211;3.80E4;0.00E0;1.01E-6;5.00E-5;0.00E0;0.00E0;4;0;334.728615578254;984.395743511016;0;91.9808458768822;9;184.483208569772
4214;7.97E4;0.00E0;3.14E-7;5.00E-5;0.00E0;0.00E0;4;0;233.844053760382;1356.73194667009;0;104.487457635974;11;340.904303630188
4217;4.74E4;0.00E0;5.65E-6;5.00E-5;0.00E0;0.00E0;4;0;-1938.96949020461;-486.508906710771;0;176.687037095196;32;119.861162991859
4229;2.98E4;0.00E0;1.23E-6;5.00E-5;0.00E0;0.00E0;4;0;-753.343889256866;-187.028352949222;0;96.1091870103366;23;138.401362225962
4242;8.81E4;0.00E0;1.16E-6;5.00E-5;0.00E0;0.00E0;4;0;-1535.82209160861;-2155.13277457879;0;432.020854091194;50;91.171030223463
4243;4.00E4;0.00E0;1.09E-6;5.00E-5;0.00E0;0.00E0;4;0;-9.34299090139484;-537.154011864608;0;152.768796085729;16;117.135096010609
4246;5.27E4;0.00E0;2.42E-6;5.00E-5;0.00E0;0.00E0;4;0;369.377444743973;898.3675667392;0;76.8536503796588;8;306.803425049421
4259;4.30E4;0.00E0;1.02E-6;5.00E-5;0.00E0;0.00E0;4;0;-1194.71989629971;1418.36380810692;0;80.670220735538;68;238.083240800719
4269;4.84E4;0.00E0;1.75E-6;5.00E-5;0.00E0;0.00E0;4;0;-2682.19316465782;661.857491923349;0;181.288017007469;79;119.251249279691
4271;2.69E4;0.00E0;6.30E-7;5.00E-5;0.00E0;0.00E0;4;0;19.0243830774489;979.776023213662;0;199.28199046805;12;60.2369498472184
4272;8.26E4;0.00E0;1.80E-6;5.00E-5;0.00E0;0.00E0;4;0;-1898.53512545544;32.1065789051286;0;245.353902270954;57;150.558917528195
4293;1.05E5;0.00E0;4.99E-6;5.00E-5;0.00E0;0.00E0;4;0;-2771.33786144972;-2191.51772326339;0;706.326319578405;52;66.1711024219943
4307;7.50E4;0.00E0;4.55E-6;5.00E-5;0.00E0;0.00E0;4;0;-703.171695698422;-1347.93550854414;0;519.800134541658;53;64.5410388591935
4315;5.78E4;0.00E0;1.82E-6;5.00E-5;0.00E0;0.00E0;4;0;-1269.22683567563;852.199674265406;0;270.463989200129;63;95.5420473269814
4325;3.45E4;0.00E0;1.69E-6;5.00E-5;0.00E0;0.00E0;4;0;-840.969420808556;-341.051883134247;0;48.8070088656202;24;316.41160782604
4328;1.72E4;0.00E0;2.40E-6;5.00E-5;0.00E0;0.00E0;4;0;58.1493501594532;-122.600276333725;0;25.8086151016248;14;297.961053289532
4352;6.66E4;0.00E0;1.54E-6;5.00E-5;0.00E0;0.00E0;4;0;-2368.58351620881;639.047265576076;0;327.138708011566;78;91.0648057922185
4374;3.87E4;0.00E0;7.80E-7;5.00E-5;0.00E0;0.00E0;4;0;-1257.47651123947;-1644.42416854124;0;220.725001156077;43;78.4293836538167
4376;5.78E4;0.00E0;2.20E-6;5.00E-5;0.00E0;0.00E0;4;0;-1489.83853549251;371.94756357845;0;156.083562987695;60;165.6838989882
4377;4.81E4;0.00E0;2.31E-6;5.00E-5;0.00E0;0.00E0;4;0;-565.863886285172;-224.920929668013;0;65.8967828202985;22;326.336575261011
4388;7.11E4;0.00E0;2.46E-6;5.00E-5;0.00E0;0.00E0;4;0;966.163831546852;868.464670542223;0;513.364224682617;7;61.903092322797
4397;1.06E5;0.00E0;3.41E-6;5.00E-5;0.00E0;0.00E0;4;0;-3526.7961002678;-515.033172478512;0;659.615235368283;85;71.6677467332093
4405;3.67E4;0.00E0;1.60E-6;5.00E-5;0.00E0;0.00E0;4;0;-2464.59663336767;381.180094844195;0;82.7664097272853;77;198.49449149954
4408;8.06E4;0.00E0;3.20E-6;5.00E-5;0.00E0;0.00E0;4;0;-1384.1359232792;2233.75386781709;0;487.373142277355;71;73.9008401296711
4416;5.72E3;0.00E0;1.20E-6;5.00E-5;0.00E0;0.00E0;4;0;-1278.43830235796;1460.46404433137;0;31.3823155047639;68;81.4131933126602
4420;2.60E4;0.00E0;6.68E-7;5.00E-5;0.00E0;0.00E0;4;0;-2117.41492383236;-1762.10825901916;0;172.686865655129;48;67.2448646800006
4425;1.62E4;0.00E0;5.87E-7;5.00E-5;0.00E0;0.00E0;4;0;-1143.85131367283;-126.109709160698;0;52.32395425875;27;138.699205615046
4428;1.21E4;0.00E0;1.31E-6;5.00E-5;0.00E0;0.00E0;4;0;350.587719347256;979.86886055308;0;77.8501782101059;9;69.7423237638104
4429;8.80E4;0.00E0;2.45E-6;5.00E-5;0.00E0;0.00E0;4;0;618.163229664864;52.9199983519684;0;556.230270809418;13;70.7217706747404
4438;9.14E4;0.00E0;7.12E-6;5.00E-5;0.00E0;0.00E0;4;0;-3250.51778130491;474.357307186605;0;329.022106170342;82;124.165990493889
4441;3.47E4;0.00E0;1.39E-6;5.00E-5;0.00E0;0.00E0;4;0;-1672.97484795658;-816.859573379569;0;223.212884900689;36;69.5171044856773
4448;3.31E4;0.00E0;7.49E-7;5.00E-5;0.00E0;0.00E0;4;0;-2064.90797714285;129.133844245764;0;157.397490156318;74;94.1446724356595
4452;2.41E5;0.00E0;3.66E-6;5.00E-5;0.00E0;0.00E0;4;0;-3274.48903954615;-1821.88516868529;0;1196.30779812485;52;90.1147535078762
4453;4.85E4;0.00E0;4.87E-6;5.00E-5;0.00E0;0.00E0;4;0;-1728.91991813585;-1084.03008787683;0;343.815181788284;40;63.0281014095122
4455;3.53E4;0.00E0;7.28E-7;5.00E-5;0.00E0;0.00E0;4;0;339.812417027043;516.365523711658;0;175.778538559401;5;89.8119060293252
4456;9.29E4;0.00E0;7.39E-7;5.00E-5;0.00E0;0.00E0;4;0;-757.432946961625;-1477.96523512504;0;497.606769358813;53;83.4718099033005
4460;6.40E4;0.00E0;7.25E-7;5.00E-5;0.00E0;0.00E0;4;0;-2355.61684696602;-2096.80391352161;0;281.332680837252;52;101.664025473057
4462;4.78E4;0.00E0;5.21E-7;5.00E-5;0.00E0;0.00E0;4;0;-3129.78146147409;-260.835421277041;0;188.583852278281;85;113.267769608223
4465;3.26E4;0.00E0;1.80E-6;5.00E-5;0.00E0;0.00E0;4;0;-3073.71204480189;356.678447438921;0;117.527843095659;82;124.139570994734
4474;6.55E4;0.00E0;2.95E-6;5.00E-5;0.00E0;0.00E0;4;0;-2390.29895910293;-1946.84288195597;0;303.47302307805;52;96.5312376104416
4475;4.12E4;0.00E0;2.68E-6;5.00E-5;0.00E0;0.00E0;4;0;-352.178100264733;281.962461217677;0;268.409179576973;19;68.5607009960101
4478;8.92E4;0.00E0;1.40E-6;5.00E-5;0.00E0;0.00E0;4;0;-1377.29840175317;-533.379639302335;0;181.96895901757;36;219.074399070807
4490;5.93E4;0.00E0;1.31E-6;5.00E-5;0.00E0;0.00E0;4;0;386.172534982126;407.55903562777;0;221.411728780914;3;119.631850819967
4491;1.05E5;0.00E0;1.86E-6;5.00E-5;0.00E0;0.00E0;4;0;-1339.34654212186;585.507170538;0;199.409852374178;61;234.718829186647
4494;4.34E4;0.00E0;2.94E-6;5.00E-5;0.00E0;0.00E0;4;0;-1506.58653018543;-905.639747790615;0;137.934741262897;39;140.733151136479
4502;7.87E4;0.00E0;2.70E-6;5.00E-5;0.00E0;0.00E0;4;0;-2119.57349486412;450.439998951039;0;161.645144428111;74;217.764815978883
4505;3.75E4;0.00E0;2.04E-6;5.00E-5;0.00E0;0.00E0;4;0;-654.339796084495;-57.6960137476376;0;110.50073505076;21;151.85550113756
4509;1.05E5;0.00E0;2.13E-6;5.00E-5;0.00E0;0.00E0;4;0;-1347.12247270102;666.63177596728;0;191.972283229227;62;244.101264651981
4522;3.73E4;0.00E0;6.37E-7;5.00E-5;0.00E0;0.00E0;4;0;551.073514370291;705.446041466926;0;176.473472860325;7;94.426542631576
4534;3.80E4;0.00E0;1.27E-6;5.00E-5;0.00E0;0.00E0;4;0;-2997.4653543012;627.645830428849;0;196.304895347168;80;86.6444672505829
4537;3.72E4;0.00E0;4.29E-7;5.00E-5;0.00E0;0.00E0;4;0;-117.2049765473;448.565172029905;0;265.469195044449;2;62.7065358698025
4541;1.57E5;0.00E0;6.29E-6;5.00E-5;0.00E0;0.00E0;4;0;-3889.21521187045;957.348601306683;0;1119.17472547095;80;62.7373950651191
4542;7.05E4;0.00E0;8.68E-7;5.00E-5;0.00E0;0.00E0;4;0;-1456.7496812118;2131.9299118469;0;372.691744231462;71;84.5873290396032
4550;4.36E4;0.00E0;2.15E-6;5.00E-5;0.00E0;0.00E0;4;0;-3265.72443321902;-116.250085898567;0;276.389811493794;84;70.4949086519603
4554;2.75E4;0.00E0;1.14E-6;5.00E-5;0.00E0;0.00E0;4;0;-1038.56113548643;-1357.65343099932;0;192.137880783745;53;63.9442146929233
4559;7.39E4;0.00E0;4.76E-6;5.00E-5;0.00E0;0.00E0;4;0;-79.886631598577;1641.34052179963;0;527.289395917322;11;62.6687603117497
4567;4.50E4;0.00E0;2.32E-6;5.00E-5;0.00E0;0.00E0;4;0;-3223.77588426738;-267.26929256629;0;277.148377184687;85;72.5916732142843
4579;8.15E4;0.00E0;2.05E-6;5.00E-5;0.00E0;0.00E0;4;0;-3150.04482291373;216.877827783255;0;99.7195763243373;82;365.308913796868
4581;3.52E4;0.00E0;1.60E-6;5.00E-5;0.00E0;0.00E0;4;0;-1738.55780574263;624.850752365449;0;182.743506068662;61;86.1998713964487
4585;5.16E4;0.00E0;2.84E-6;5.00E-5;0.00E0;0.00E0;4;0;475.469218796523;481.06060440163;0;305.865358152146;6;75.4143449373729
4595;8.87E4;0.00E0;1.02E-6;5.00E-5;0.00E0;0.00E0;4;0;-243.029968630678;920.947251088044;0;420.471317290078;12;94.3435120857323
4598;2.01E4;0.00E0;1.51E-6;5.00E-5;0.00E0;0.00E0;4;0;-1675.03381617854;-1690.13015937815;0;136.31828793226;46;65.8191127880663
4599;3.66E4;0.00E0;1.43E-6;5.00E-5;0.00E0;0.00E0;4;0;-3145.86681920508;-135.985157276981;0;169.723117489164;85;96.3002259763885
4600;5.71E4;0.00E0;2.40E-6;5.00E-5;0.00E0;0.00E0;4;0;-2844.78029948097;-12.2109671148091;0;153.799040292705;84;165.891849448244
4603;5.79E4;0.00E0;2.49E-6;5.00E-5;0.00E0;0.00E0;4;0;430.713794832159;762.02711574521;0;46.1127070053804;7;561.671559522239
4614;3.05E4;0.00E0;9.39E-7;5.00E-5;0.00E0;0.00E0;4;0;-2625.34782894605;123.61372358983;0;204.613994702308;76;66.6038869434281
4616;2.58E4;0.00E0;9.07E-7;5.00E-5;0.00E0;0.00E0;4;0;-1530.46816307383;-1634.21426775033;0;137.080608358106;44;84.1651587735192
4617;2.88E4;0.00E0;1.35E-6;5.00E-5;0.00E0;0.00E0;4;0;319.528570012207;856.038223447498;0;99.2009011187395;7;129.849962415702
4624;6.11E4;0.00E0;2.01E-6;5.00E-5;0.00E0;0.00E0;4;0;-1909.99094058739;1291.24576805279;0;444.650336280008;64;61.3851164931562
4638;1.47E4;0.00E0;1.41E-6;5.00E-5;0.00E0;0.00E0;4;0;-47.958815429552;200.265361569402;0;95.2898569537942;2;69.197503838917
4640;9.80E4;0.00E0;1.24E-5;5.00E-5;0.00E0;0.00E0;4;0;-1013.10028547457;1216.35312285234;0;256.937001517085;67;170.430329740109
4644;7.60E4;0.00E0;1.40E-6;5.00E-5;0.00E0;0.00E0;4;0;-1885.36328770379;1406.31252512085;0;486.469571656697;71;69.8355627757238
4645;1.44E5;0.00E0;1.29E-6;5.00E-5;0.00E0;0.00E0;4;0;958.37277071305;1703.12770505987;0;783.706786631798;11;82.121038880117
4657;2.99E4;0.00E0;1.18E-6;5.00E-5;0.00E0;0.00E0;4;0;-1477.37720188588;-1031.17290095032;0;113.669997633281;40;117.564166007484
4664;2.02E4;0.00E0;1.02E-6;5.00E-5;0.00E0;0.00E0;4;0;-2371.21125074985;217.265267321977;0;35.6912824627351;76;252.652327878061
4677;4.15E4;0.00E0;1.36E-6;5.00E-5;0.00E0;0.00E0;4;0;249.80162467284;319.140715661905;0;108.777007632968;3;170.675005344017
4679;2.87E4;0.00E0;3.99E-6;5.00E-5;0.00E0;0.00E0;4;0;-1938.86409113833;377.581493228253;0;84.2836672245887;73;152.092308845843
4684;3.72E4;0.00E0;2.31E-6;5.00E-5;0.00E0;0.00E0;4;0;171.910809743174;1303.04716454378;0;131.672562500763;11;126.315711710387
4689;3.08E4;0.00E0;5.83E-7;5.00E-5;0.00E0;0.00E0;4;0;-1521.7961302176;-565.306023997295;0;68.2312166054303;36;201.916019585706
4692;1.02E5;0.00E0;3.89E-6;5.00E-5;0.00E0;0.00E0;4;0;-2125.56161230327;713.831346049979;0;424.629629663571;74;107.898882038134
4695;1.53E5;0.00E0;1.64E-6;5.00E-5;0.00E0;0.00E0;4;0;-3044.23846258025;-2537.41812987547;0;1093.9087338643;52;62.3876777376969
4696;2.40E4;0.00E0;3.16E-7;5.00E-5;0.00E0;0.00E0;4;0;-3005.22121716885;-319.605729433356;0;129.212497505751;86;82.9899752500913
4701;7.98E4;0.00E0;2.36E-6;5.00E-5;0.00E0;0.00E0;4;0;-725.103281791346;-386.085432734896;0;100.77775592854;24;354.184155714826
4702;2.41E4;0.00E0;2.72E-6;5.00E-5;0.00E0;0.00E0;4;0;89.6732690260624;555.903571201935;0;64.2696528879;4;167.715186095674
4728;4.55E4;0.00E0;2.41E-6;5.00E-5;0.00E0;0.00E0;4;0;-2815.61974330859;-461.099473112508;0;221.921197623117;86;91.6314107042523
4732;3.43E4;0.00E0;1.42E-6;5.00E-5;0.00E0;0.00E0;4;0;-1952.87099230514;-404.126110311108;0;125.632452535989;32;121.965521658336
4733;3.42E4;0.00E0;2.39E-6;5.00E-5;0.00E0;0.00E0;4;0;-1477.72947892273;519.248487248225;0;97.7819284946215;61;156.431296553857
4737;6.56E4;0.00E0;1.10E-6;5.00E-5;0.00E0;0.00E0;4;0;685.78731827678;1236.95240183478;0;317.209819595378;9;92.3952996094243
4742;2.23E4;0.00E0;1.37E-6;5.00E-5;0.00E0;0.00E0;4;0;-1079.7249876974;-140.540126982049;0;50.1912201828094;26;198.291377748076
4744;1.93E4;0.00E0;1.37E-6;5.00E-5;0.00E0;0.00E0;4;0;-1705.52336090354;-250.427646184912;0;55.8218089158972;31;154.54758569283
4749;8.62E4;0.00E0;8.00E-7;5.00E-5;0.00E0;0.00E0;4;0;-1876.30073431043;525.729115634346;0;220.807045207956;73;174.458602979729
4755;5.00E4;0.00E0;1.52E-6;5.00E-5;0.00E0;0.00E0;4;0;365.913167601574;378.97848265424;0;200.529937416346;3;111.477776746134
4765;3.25E4;0.00E0;7.86E-7;5.00E-5;0.00E0;0.00E0;4;0;-1030.26361104085;-92.0906695778413;0;114.966640150064;26;126.570381795177
4769;5.20E4;0.00E0;5.27E-7;5.00E-5;0.00E0;0.00E0;4;0;-1120.71361402476;-1208.20693867782;0;132.297579728728;53;175.807918341501
4770;1.27E5;0.00E0;2.74E-6;5.00E-5;0.00E0;0.00E0;4;0;-585.424741952284;-1383.95058882833;0;641.034726189435;53;88.4848306697007
4772;8.96E4;0.00E0;2.52E-6;5.00E-5;0.00E0;0.00E0;4;0;-3236.18063964292;5.8627761489588;0;211.282450085359;83;189.560338936801
4779;3.54E4;0.00E0;1.00E-6;5.00E-5;0.00E0;0.00E0;4;0;-1848.1089886974;-466.244115599377;0;131.144282119421;32;120.657215548192
4782;3.04E4;0.00E0;1.25E-6;5.00E-5;0.00E0;0.00E0;4;0;9.57024782444796;715.00095574095;0;206.718669314407;12;65.8300099467064
4784;8.38E4;0.00E0;6.03E-6;5.00E-5;0.00E0;0.00E0;4;0;74.7897154706798;60.5755998227428;0;58.7665875571908;1;637.228093215896
4787;3.73E4;0.00E0;2.30E-6;5.00E-5;0.00E0;0.00E0;4;0;-448.184421370553;-324.623943654293;0;220.124418356739;22;75.672742411113
4791;4.25E4;0.00E0;1.31E-6;5.00E-5;0.00E0;0.00E0;4;0;231.366929598884;516.126104091883;0;77.8621768872595;4;244.223523286487
4793;3.40E4;0.00E0;2.84E-6;5.00E-5;0.00E0;0.00E0;4;0;377.392516406451;257.460310232784;0;248.947975336532;3;61.1278944772435
4795;1.39E5;0.00E0;2.25E-6;5.00E-5;0.00E0;0.00E0;4;0;1173.44332624353;959.31806058491;0;726.268615675388;7;85.2994873198744
4804;2.55E4;0.00E0;7.37E-7;5.00E-5;0.00E0;0.00E0;4;0;-1263.54431246462;-794.068772751465;0;114.869138600891;38;99.3025464171545
4805;3.03E4;0.00E0;6.43E-7;5.00E-5;0.00E0;0.00E0;4;0;-1647.80239054483;1866.01181881375;0;121.956386588796;71;111.231686323688
4811;3.95E4;0.00E0;3.18E-6;5.00E-5;0.00E0;0.00E0;4;0;-1324.68433583457;-1636.16320751279;0;172.764308832795;43;102.189242707367
4821;2.93E4;0.00E0;4.63E-6;5.00E-5;0.00E0;0.00E0;4;0;-1464.57985203624;1280.45966658859;0;102.632267674506;66;127.80116100694
4823;6.95E4;0.00E0;2.75E-6;5.00E-5;0.00E0;0.00E0;4;0;-1895.96696340802;990.339818642877;0;368.11507515247;63;84.4091924955509
4828;7.45E4;0.00E0;1.53E-6;5.00E-5;0.00E0;0.00E0;4;0;-1015.28582025054;2077.06551612267;0;543.037285973811;70;61.3310265456811
4834;8.96E4;0.00E0;8.74E-7;5.00E-5;0.00E0;0.00E0;4;0;-1154.95736664083;-1044.7708800023;0;202.374225967771;39;198.029921554012
4835;9.43E4;0.00E0;5.85E-6;5.00E-5;0.00E0;0.00E0;4;0;-2400.05974734299;640.322957291926;0;307.002692637624;78;137.371658841754
4836;2.45E4;0.00E0;7.29E-7;5.00E-5;0.00E0;0.00E0;4;0;-2555.73326586742;504.251328469653;0;101.693236745391;78;107.581348075021
4846;3.85E4;0.00E0;2.65E-6;5.00E-5;0.00E0;0.00E0;4;0;-2620.55215092137;112.594762577986;0;209.904504214066;76;82.0447549983096
4847;7.33E4;0.00E0;7.92E-7;5.00E-5;0.00E0;0.00E0;4;0;-606.475002248609;373.915127664563;0;423.416521912602;20;77.417778757746
4849;4.96E4;0.00E0;1.13E-6;5.00E-5;0.00E0;0.00E0;4;0;-1119.47803210684;-1150.24535773011;0;176.651969855693;53;125.457154475269
4851;3.77E4;0.00E0;3.49E-6;5.00E-5;0.00E0;0.00E0;4;0;-2600.41917577133;322.428703412596;0;60.9943078656514;77;276.114849017877
4854;1.34E4;0.00E0;7.26E-7;5.00E-5;0.00E0;0.00E0;4;0;-1448.36210842253;-1371.19741873539;0;78.5852569714046;42;76.004741332283
4864;3.39E4;0.00E0;1.08E-6;5.00E-5;0.00E0;0.00E0;4;0;-1554.76893888043;-1661.59276805131;0;158.004802571999;45;95.8821593100777
4865;4.52E4;0.00E0;2.23E-6;5.00E-5;0.00E0;0.00E0;4;0;-1469.29387231761;-1748.79853868773;0;256.087682610301;44;78.9510754447682
4869;5.30E4;0.00E0;9.22E-7;5.00E-5;0.00E0;0.00E0;4;0;-1877.36317197245;967.907618144352;0;346.993843080416;63;68.2654972658053
4872;7.80E4;0.00E0;1.10E-6;5.00E-5;0.00E0;0.00E0;4;0;-1014.02597660272;997.768156797579;0;362.646850183011;66;96.1085739762077
4892;3.64E4;0.00E0;2.43E-6;5.00E-5;0.00E0;0.00E0;4;0;-242.495246666328;249.167534343576;0;238.329660475852;19;68.2359119239492
4894;8.62E4;0.00E0;3.35E-6;5.00E-5;0.00E0;0.00E0;4;0;-2961.55687375623;754.506535882896;0;296.662026426398;80;129.859859282035
4897;4.26E4;0.00E0;1.31E-6;5.00E-5;0.00E0;0.00E0;4;0;-3167.95077685764;580.147913788711;0;306.011157205066;81;62.2904157579351
4899;3.96E4;0.00E0;5.94E-7;5.00E-5;0.00E0;0.00E0;4;0;-676.470157115438;-19.7810656396468;0;152.86872081176;21;115.825014580682
4910;5.18E4;0.00E0;3.64E-6;5.00E-5;0.00E0;0.00E0;4;0;-2258.66934813967;-2328.09872557759;0;368.261614720167;52;62.8555933182375
4919;7.92E4;0.00E0;2.90E-6;5.00E-5;0.00E0;0.00E0;4;0;-15.9008513839585;1453.56445936167;0;362.876286514795;11;97.6033723519423
4921;6.62E4;0.00E0;2.57E-6;5.00E-5;0.00E0;0.00E0;4;0;-2755.09866835438;-317.403080302574;0;151.3310706387;86;195.586661262467
4924;5.78E4;0.00E0;5.71E-7;5.00E-5;0.00E0;0.00E0;4;0;-2573.06158606582;-446.555511624183;0;373.145941405152;86;69.271104962625
4929;3.23E4;0.00E0;2.19E-6;5.00E-5;0.00E0;0.00E0;4;0;-1684.06920843197;-1801.12696972182;0;231.676429181308;46;62.3236759467322
4930;5.31E4;0.00E0;2.71E-6;5.00E-5;0.00E0;0.00E0;4;0;-1066.27527571819;-304.668678026392;0;93.0024335397895;26;255.436632475598
4951;5.48E4;0.00E0;2.20E-6;5.00E-5;0.00E0;0.00E0;4;0;-1565.38706036318;-417.893094473576;0;72.888610055934;33;335.986393569579
4955;3.49E4;0.00E0;8.37E-7;5.00E-5;0.00E0;0.00E0;4;0;-2371.39744619625;144.73298372521;0;106.976975780005;76;145.643301826067
4961;2.36E5;0.00E0;4.88E-6;5.00E-5;0.00E0;0.00E0;4;0;404.874926867359;2169.65762038885;0;899.089928067084;11;117.350055997788
4969;5.35E4;0.00E0;1.56E-6;5.00E-5;0.00E0;0.00E0;4;0;-1033.96413242012;-448.088703092577;0;211.934254621276;25;112.946842305683
4971;6.06E3;0.00E0;7.50E-7;5.00E-5;0.00E0;0.00E0;4;0;-1539.69650324583;-686.437680109331;0;38.4863002369589;36;70.4175794423337
4974;6.39E4;0.00E0;1.16E-6;5.00E-5;0.00E0;0.00E0;4;0;-1615.08819848963;1680.62734262326;0;105.247437908863;71;271.600231401029
4984;8.05E3;0.00E0;2.67E-6;5.00E-5;0.00E0;0.00E0;4;0;-1758.98750513081;-1629.38936583245;0;44.5451207223709;46;80.8032257886868
4996;5.37E4;0.00E0;1.90E-6;5.00E-5;0.00E0;0.00E0;4;0;-773.147644216936;30.3411424728201;0;257.924216433232;22;93.1510024729193
5002;3.79E4;0.00E0;1.81E-6;5.00E-5;0.00E0;0.00E0;4;0;40.8296923010066;-408.639759413253;0;69.9724706456518;16;242.325693927892
5003;6.38E4;0.00E0;2.30E-6;5.00E-5;0.00E0;0.00E0;4;0;-948.913617931252;1726.69114302389;0;445.569109184326;69;64.0009693628422
5006;5.19E4;0.00E0;1.35E-6;5.00E-5;0.00E0;0.00E0;4;0;543.539419198001;770.275403353247;0;131.769989552678;7;176.218947197499
5016;3.10E4;0.00E0;2.85E-6;5.00E-5;0.00E0;0.00E0;4;0;-539.994286112203;-378.762740710886;0;189.846137191545;23;73.0158999691344
5017;2.73E4;0.00E0;1.26E-6;5.00E-5;0.00E0;0.00E0;4;0;-2263.4772365003;-1951.94952584095;0;178.536880913604;52;68.4108041326574
5027;2.44E4;0.00E0;3.66E-7;5.00E-5;0.00E0;0.00E0;4;0;348.856017866606;1273.92577788923;0;45.0065312240687;11;242.207467298321
5031;7.26E4;0.00E0;1.36E-6;5.00E-5;0.00E0;0.00E0;4;0;588.65162697448;1123.34171003832;0;189.383629404457;9;171.438135174721
5036;7.89E4;0.00E0;4.21E-6;5.00E-5;0.00E0;0.00E0;4;0;-289.492229904268;-395.947939396458;0;264.610599627115;16;133.294802380134
5049;1.01E5;0.00E0;7.02E-7;5.00E-5;0.00E0;0.00E0;4;0;-1441.02913386481;-1659.50288285132;0;169.26893463827;44;267.629524645439
5057;1.40E5;0.00E0;6.44E-6;5.00E-5;0.00E0;0.00E0;4;0;-1624.68173101919;-2570.52402799391;0;656.341013976435;51;95.5814842651955
5060;1.53E4;0.00E0;1.12E-6;5.00E-5;0.00E0;0.00E0;4;0;-1524.01673734425;1194.69591514278;0;77.9179668691868;65;87.5671215209097
5063;1.34E5;0.00E0;1.15E-6;5.00E-5;0.00E0;0.00E0;4;0;-2132.47816646575;-223.090609979969;0;305.828115584008;32;195.278902264372
5065;7.32E4;0.00E0;3.07E-6;5.00E-5;0.00E0;0.00E0;4;0;-2720.4949992303;-291.632858981547;0;175.770992479812;86;186.13892849192
5075;6.92E4;0.00E0;4.91E-6;5.00E-5;0.00E0;0.00E0;4;0;-900.508167441168;-923.927596322349;0;462.02414890773;39;66.9499741279894
5078;5.24E4;0.00E0;1.97E-6;5.00E-5;0.00E0;0.00E0;4;0;-1011.63286867898;-597.39674080047;0;343.172149755346;25;68.3134969047771
5098;3.44E4;0.00E0;8.64E-7;5.00E-5;0.00E0;0.00E0;4;0;-2216.37975319923;146.302186551189;0;126.891656856095;75;121.322900817104
5104;2.39E4;0.00E0;9.75E-7;5.00E-5;0.00E0;0.00E0;4;0;470.624220038368;990.595978223854;0;40.8323289454659;9;261.491750344863
5106;1.64E5;0.00E0;5.64E-6;5.00E-5;0.00E0;0.00E0;4;0;-682.848154196491;-1063.52421208402;0;585.298643789368;53;125.025302241872
5109;2.29E4;0.00E0;2.67E-6;5.00E-5;0.00E0;0.00E0;4;0;-2082.77574142167;320.51291597504;0;33.1815967238646;74;308.759120303384
5111;6.98E4;0.00E0;2.10E-6;5.00E-5;0.00E0;0.00E0;4;0;-59.1251022950455;383.032653257989;0;183.929381819849;2;169.67105659095
5113;5.71E4;0.00E0;1.64E-6;5.00E-5;0.00E0;0.00E0;4;0;-1212.45076535696;72.1205551613534;0;262.076880298153;26;97.4576930354479
5123;9.18E4;0.00E0;9.58E-7;5.00E-5;0.00E0;0.00E0;4;0;-582.733845904337;-759.693434343739;0;493.565755840165;23;83.1157799758071
5124;4.03E4;0.00E0;3.76E-6;5.00E-5;0.00E0;0.00E0;4;0;513.557968522239;878.962099051019;0;61.5531618736318;7;292.948674149479
5144;9.41E4;0.00E0;1.63E-6;5.00E-5;0.00E0;0.00E0;4;0;-1592.89979285931;-1445.92574536471;0;58.415821262947;45;720.453956818557
5171;6.06E4;0.00E0;2.90E-6;5.00E-5;0.00E0;0.00E0;4;0;-186.243826002539;717.938138016485;0;382.120423812484;12;70.9157963082849
5182;6.03E4;0.00E0;2.35E-6;5.00E-5;0.00E0;0.00E0;4;0;-1820.29392284807;1919.03738543735;0;291.420483604376;71;92.4392895763888
5185;2.17E5;0.00E0;5.47E-6;5.00E-5;0.00E0;0.00E0;4;0;-203.70980536963;-1801.34501157455;0;1135.57790466269;53;85.4603037164928
5187;3.93E4;0.00E0;1.27E-6;5.00E-5;0.00E0;0.00E0;4;0;-1068.65823186145;1533.09858166494;0;248.142786121569;68;70.7376206166029
5194;3.16E4;0.00E0;8.18E-7;5.00E-5;0.00E0;0.00E0;4;0;-1631.1560982345;1104.21961959729;0;120.683693991017;64;117.009185928894
5216;5.11E4;0.00E0;6.54E-7;5.00E-5;0.00E0;0.00E0;4;0;-2634.47131865808;370.903342505166;0;50.061307956274;78;456.515474329254
5233;4.00E4;0.00E0;1.88E-6;5.00E-5;0.00E0;0.00E0;4;0;207.838752994554;-317.857742305584;0;201.171634044706;15;88.9416692432672
5235;4.94E4;0.00E0;2.59E-6;5.00E-5;0.00E0;0.00E0;4;0;-2247.99794006373;-2207.64830439322;0;260.097987732414;52;84.8609798686017
5246;3.89E4;0.00E0;8.64E-7;5.00E-5;0.00E0;0.00E0;4;0;-2096.93974139135;572.944226292382;0;284.908606441073;74;61.1020034593492
5252;1.17E5;0.00E0;5.72E-6;5.00E-5;0.00E0;0.00E0;4;0;722.293397735531;1962.48515740327;0;804.991207903045;11;65.0761795203401
5257;2.23E4;0.00E0;4.15E-7;5.00E-5;0.00E0;0.00E0;4;0;-1265.04725792829;-176.982502695124;0;45.194437816852;28;220.200255829047
5260;1.65E4;0.00E0;7.26E-7;5.00E-5;0.00E0;0.00E0;4;0;-528.434781822441;45.3527805191438;0;98.2242703873605;20;75.2150239896096
5262;1.68E4;0.00E0;4.11E-7;5.00E-5;0.00E0;0.00E0;4;0;-2047.09739610021;-1723.43184979389;0;104.149230307354;48;72.0046886957366
5272;4.91E4;0.00E0;8.21E-7;5.00E-5;0.00E0;0.00E0;4;0;-1747.96611442296;477.67110745389;0;120.20124748492;60;182.78034157093
5275;7.68E4;0.00E0;4.36E-6;5.00E-5;0.00E0;0.00E0;4;0;-3459.52594732959;485.797582942502;0;499.745269351462;82;68.7127791773985
5283;2.37E4;0.00E0;1.59E-6;5.00E-5;0.00E0;0.00E0;4;0;61.6173316762934;-473.507152390469;0;123.766105119172;16;85.7232812861475
5285;1.66E5;0.00E0;1.97E-6;5.00E-5;0.00E0;0.00E0;4;0;-2534.0083325967;-1440.23477313969;0;650.758574270412;47;113.861187491775
5289;3.64E4;0.00E0;1.84E-6;5.00E-5;0.00E0;0.00E0;4;0;-1489.88916621584;1236.80682129883;0;82.3024343396009;65;197.609765308118
5290;5.63E4;0.00E0;1.99E-6;5.00E-5;0.00E0;0.00E0;4;0;406.3272416077;652.129348967844;0;121.691731311231;6;206.709525289792
5294;5.68E4;0.00E0;6.05E-7;5.00E-5;0.00E0;0.00E0;4;0;-539.445177331684;176.01297524581;0;217.567770210544;20;116.651948725373
5295;2.88E4;0.00E0;6.22E-7;5.00E-5;0.00E0;0.00E0;4;0;-155.09655613666;-372.90569821574;0;130.576622960445;16;98.5403507335855
5303;1.52E5;0.00E0;7.35E-6;5.00E-5;0.00E0;0.00E0;4;0;-2231.6402838937;1016.37921680729;0;702.354793784514;78;96.5159751416071
5305;3.34E4;0.00E0;1.07E-6;5.00E-5;0.00E0;0.00E0;4;0;-7.86156157245023;341.875261573227;0;119.952485738059;2;124.402606499874
5306;5.90E4;0.00E0;2.54E-6;5.00E-5;0.00E0;0.00E0;4;0;-1752.09125709287;-1960.3873164159;0;186.52439054774;50;141.440969690066
5308;4.70E4;0.00E0;4.90E-6;5.00E-5;0.00E0;0.00E0;4;0;-1254.02431881757;-644.948299499689;0;176.34592767553;37;119.069183246322
5314;2.25E4;0.00E0;3.14E-6;5.00E-5;0.00E0;0.00E0;4;0;-1288.88028019513;1693.95518369871;0;121.779541279185;70;82.551644548153
5322;5.30E4;0.00E0;2.95E-6;5.00E-5;0.00E0;0.00E0;4;0;-3206.45509074258;615.472960038992;0;355.776851857964;81;66.5722885002068
5329;8.44E4;0.00E0;4.77E-7;5.00E-5;0.00E0;0.00E0;4;0;-2229.26413918497;-1765.58301524528;0;269.94129228665;49;139.802162754059
5330;3.99E4;0.00E0;7.96E-7;5.00E-5;0.00E0;0.00E0;4;0;-2633.96825435461;564.980864574196;0;110.449934592824;79;161.682128111438
5332;1.09E5;0.00E0;3.08E-6;5.00E-5;0.00E0;0.00E0;4;0;-1669.30130057584;-2194.60401654704;0;334.787609167871;50;145.657118743507
5333;1.32E5;0.00E0;3.66E-6;5.00E-5;0.00E0;0.00E0;4;0;1062.57809272221;276.307121311819;0;842.983333413494;7;69.7629087355148
5335;8.98E4;0.00E0;1.59E-6;5.00E-5;0.00E0;0.00E0;4;0;-1138.18889149988;-783.286643068453;0;240.683003210642;38;166.799989205586
5338;3.82E4;0.00E0;2.29E-6;5.00E-5;0.00E0;0.00E0;4;0;-1670.11456842595;-652.445741773706;0;91.4925225367714;36;186.710175074915
5341;9.45E4;0.00E0;2.54E-6;5.00E-5;0.00E0;0.00E0;4;0;-2303.94378188087;657.151840908124;0;383.883348358349;77;110.030862602038
5348;4.68E4;0.00E0;2.06E-6;5.00E-5;0.00E0;0.00E0;4;0;-2926.82675343927;-25.0236706068945;0;72.6365279320267;84;287.966336776136
5349;2.14E4;0.00E0;3.42E-6;5.00E-5;0.00E0;0.00E0;4;0;-1682.71495578929;529.662543548504;0;89.9376050969461;60;106.248518080782
5359;1.17E5;0.00E0;2.65E-6;5.00E-5;0.00E0;0.00E0;4;0;-1551.83513841236;1335.95925760921;0;196.686880694151;65;265.109629250895
5363;4.08E4;0.00E0;1.73E-6;5.00E-5;0.00E0;0.00E0;4;0;-436.115838616467;-387.160770155277;0;270.20179203998;22;67.4618666843573
5365;2.44E4;0.00E0;1.11E-6;5.00E-5;0.00E0;0.00E0;4;0;160.676603364565;1168.31652222052;0;166.024497449854;11;65.8218505100797
5368;1.70E4;0.00E0;1.18E-6;5.00E-5;0.00E0;0.00E0;4;0;-1953.97193751629;-266.417980390883;0;126.366434412175;32;60.222334420984
5374;4.69E4;0.00E0;6.09E-7;5.00E-5;0.00E0;0.00E0;4;0;-2810.75481014514;103.535183837158;0;224.234376055004;83;93.5674937918213
5381;1.07E5;0.00E0;1.17E-6;5.00E-5;0.00E0;0.00E0;4;0;-3009.69166649906;1148.52163587157;0;691.513637589444;80;69.2997078734247
5386;5.31E4;0.00E0;9.03E-7;5.00E-5;0.00E0;0.00E0;4;0;-1164.79554169838;-141.325448568042;0;45.0758450199304;27;526.884307016869
5398;7.60E4;0.00E0;1.47E-6;5.00E-5;0.00E0;0.00E0;4;0;78.8487972236444;-867.804240721214;0;493.672164099154;16;68.860100451385
5401;2.13E4;0.00E0;6.40E-7;5.00E-5;0.00E0;0.00E0;4;0;40.0047422126022;494.266308467583;0;114.718184485054;4;82.9128882055184
5402;3.63E4;0.00E0;8.31E-7;5.00E-5;0.00E0;0.00E0;4;0;-1453.51270653599;1370.65828670777;0;164.798344103471;68;98.4977613601461
5403;5.84E4;0.00E0;1.19E-6;5.00E-5;0.00E0;0.00E0;4;0;152.193808925298;1524.81511929127;0;289.351476078357;11;90.290471865931
5407;6.32E4;0.00E0;4.62E-6;5.00E-5;0.00E0;0.00E0;4;0;-3150.2337511374;-110.36566058479;0;166.514860660969;84;169.575420925201
5415;4.18E4;0.00E0;2.67E-6;5.00E-5;0.00E0;0.00E0;4;0;91.9576964999214;697.913998399739;0;128.61652236681;5;145.300875031154
5418;7.91E4;0.00E0;2.71E-6;5.00E-5;0.00E0;0.00E0;4;0;-1203.16028911042;-676.25244930491;0;200.00977830361;37;176.750460560928
5421;4.66E4;0.00E0;4.10E-6;5.00E-5;0.00E0;0.00E0;4;0;226.265800906601;1163.57514954136;0;104.790668223421;11;198.819797208213
5424;4.46E4;0.00E0;5.14E-7;5.00E-5;0.00E0;0.00E0;4;0;245.315237560003;1305.02250703981;0;62.4299985739136;11;319.581918379455
5426;6.20E4;0.00E0;2.05E-6;5.00E-5;0.00E0;0.00E0;4;0;-2314.10086127874;-2396.87446766246;0;455.1262148217;52;60.9410441775117
5433;3.05E4;0.00E0;2.40E-6;5.00E-5;0.00E0;0.00E0;4;0;-1172.20191157808;-765.655156421599;0;208.478488392326;38;65.3511112123686
5443;5.82E4;0.00E0;2.84E-6;5.00E-5;0.00E0;0.00E0;4;0;-1456.50980181717;9.14095221933303;0;105.809372172975;56;245.768714280631
5453;8.05E4;0.00E0;1.38E-6;5.00E-5;0.00E0;0.00E0;4;0;-2685.65817754795;-591.356278905103;0;396.514519999199;86;90.7273133798042
5460;7.16E4;0.00E0;2.31E-6;5.00E-5;0.00E0;0.00E0;4;0;-1230.54692162426;-1662.26404509813;0;252.43259579701;43;126.836103735747
5471;9.85E3;0.00E0;1.13E-6;5.00E-5;0.00E0;0.00E0;4;0;-3016.03566536984;299.975211784379;0;37.0334219781312;82;118.880650104049
5490;1.50E5;0.00E0;3.18E-6;5.00E-5;0.00E0;0.00E0;4;0;-43.7106695831249;2316.05544711241;0;1095.09092778737;11;61.2733454237
5497;2.97E4;0.00E0;2.55E-6;5.00E-5;0.00E0;0.00E0;4;0;527.448993267514;899.366479183871;0;78.8545242656244;8;168.329408767376
5503;4.60E4;0.00E0;2.22E-6;5.00E-5;0.00E0;0.00E0;4;0;-1048.67385467991;-558.829906168407;0;320.538957738814;25;64.1131862980208
5518;3.24E4;0.00E0;2.68E-6;5.00E-5;0.00E0;0.00E0;4;0;-293.146509410749;111.814246657711;0;99.7688019372386;19;144.968946598855
5519;2.89E5;0.00E0;3.72E-6;5.00E-5;0.00E0;0.00E0;4;0;-306.799636409458;-199.427235828356;0;211.714752315294;19;609.583796002087
5543;5.68E4;0.00E0;2.57E-6;5.00E-5;0.00E0;0.00E0;4;0;-1730.21385228286;1270.04690984861;0;280.297170361792;64;90.6333414854712
5544;1.27E5;0.00E0;1.68E-6;5.00E-5;0.00E0;0.00E0;4;0;165.706502960756;1575.21582047007;0;327.793669671506;11;173.346218637375
5547;4.02E4;0.00E0;1.46E-6;5.00E-5;0.00E0;0.00E0;4;0;-80.6384119601262;-85.777922724023;0;83.0266842183115;17;216.567767986834
5554;4.78E4;0.00E0;1.40E-6;5.00E-5;0.00E0;0.00E0;4;0;-1465.8680796521;1467.22926830243;0;132.130451632235;69;161.568631195846
5557;3.12E4;0.00E0;8.38E-7;5.00E-5;0.00E0;0.00E0;4;0;-92.4550459805787;352.810086884874;0;201.033137174077;2;69.4825358642705
5558;3.24E4;0.00E0;1.49E-6;5.00E-5;0.00E0;0.00E0;4;0;-2308.34891885976;157.57047362273;0;93.817702951431;75;154.413235925051
5561;8.23E4;0.00E0;2.61E-6;5.00E-5;0.00E0;0.00E0;4;0;-2706.80489001312;57.0917439670593;0;307.468640609431;84;119.687599158018
5562;5.41E4;0.00E0;4.01E-6;5.00E-5;0.00E0;0.00E0;4;0;-1356.05666247014;793.4161322533;0;191.046591191769;63;126.541826406837
5563;8.25E4;0.00E0;5.58E-6;5.00E-5;0.00E0;0.00E0;4;0;254.711558935908;-114.990029517659;0;203.72022805605;14;181.121699072688
5565;5.65E4;0.00E0;1.11E-6;5.00E-5;0.00E0;0.00E0;4;0;-2105.33648923676;-2193.11844854906;0;177.074581586353;52;142.71961733912
5570;3.00E4;0.00E0;3.25E-6;5.00E-5;0.00E0;0.00E0;4;0;-2557.50120100091;218.478636998863;0;89.6022445057922;76;149.689834155276
5571;4.72E4;0.00E0;6.66E-7;5.00E-5;0.00E0;0.00E0;4;0;-472.697633437936;200.556701330852;0;207.387052204861;19;101.742083484788
5572;5.06E4;0.00E0;3.07E-6;5.00E-5;0.00E0;0.00E0;4;0;-2606.36574781796;317.475951834698;0;68.7248249080413;77;329.097901323333
5579;7.81E4;0.00E0;3.71E-6;5.00E-5;0.00E0;0.00E0;4;0;-1697.74324143315;1627.36196921921;0;196.559461058171;71;177.704203737877
5582;3.19E4;0.00E0;1.32E-6;5.00E-5;0.00E0;0.00E0;4;0;-1767.5258908225;-1830.80425141987;0;179.898715918545;48;79.3236282502869
5586;2.55E4;0.00E0;4.47E-6;5.00E-5;0.00E0;0.00E0;4;0;-1592.44135537264;669.056473928403;0;51.255084321303;62;222.149586851028
5595;3.97E4;0.00E0;1.78E-6;5.00E-5;0.00E0;0.00E0;4;0;-1359.38086298704;-1520.38186555068;0;62.6377414849295;43;283.150028563708
5610;5.75E4;0.00E0;2.45E-6;5.00E-5;0.00E0;0.00E0;4;0;-398.616192097332;213.349470109315;0;199.86662802953;19;128.633809263041
5613;3.92E4;0.00E0;1.27E-6;5.00E-5;0.00E0;0.00E0;4;0;-747.652978009055;72.5981652334481;0;268.785738571013;21;65.2506848684226
5626;4.27E4;0.00E0;5.76E-7;5.00E-5;0.00E0;0.00E0;4;0;-1607.03657785386;-1841.7802348894;0;302.381786856109;46;63.1377346220564
5628;1.18E4;0.00E0;3.34E-6;5.00E-5;0.00E0;0.00E0;4;0;-354.680919197875;-28.3510187903785;0;41.8716217925241;19;126.310811771409
5633;6.25E4;0.00E0;2.54E-6;5.00E-5;0.00E0;0.00E0;4;0;-1819.48359542528;664.109949410308;0;272.683301889207;61;102.511215183943
5636;7.18E4;0.00E0;3.17E-6;5.00E-5;0.00E0;0.00E0;4;0;-614.456098773045;493.738662616259;0;533.041021366872;19;60.2423793720633
5638;1.57E5;0.00E0;2.00E-6;5.00E-5;0.00E0;0.00E0;4;0;-3358.20855307136;-269.619874978664;0;406.527377075996;85;173.085554616568
5653;3.07E4;0.00E0;7.49E-7;5.00E-5;0.00E0;0.00E0;4;0;-678.629345970207;-23.5738757137733;0;151.64613366745;21;90.5310494332817
5661;3.56E4;0.00E0;5.45E-7;5.00E-5;0.00E0;0.00E0;4;0;-2762.63728824701;665.116431793766;0;169.488590315516;79;93.9994260754833
5677;6.22E4;0.00E0;1.90E-6;5.00E-5;0.00E0;0.00E0;4;0;-1576.12274254015;1662.74851174617;0;111.050283068635;71;250.284739922661
5681;5.23E4;0.00E0;6.90E-7;5.00E-5;0.00E0;0.00E0;4;0;-1251.34866325824;1752.97794498172;0;180.485479891754;70;129.619712690212
5690;4.14E4;0.00E0;3.52E-6;5.00E-5;0.00E0;0.00E0;4;0;-671.429085433562;-513.278665889867;0;233.077925966885;23;79.4286444836507
5693;5.11E4;0.00E0;2.23E-6;5.00E-5;0.00E0;0.00E0;4;0;-2383.18660888348;-2072.09292319542;0;300.487763413822;52;76.0705823043253
5698;6.59E4;0.00E0;3.60E-6;5.00E-5;0.00E0;0.00E0;4;0;-1867.28932435658;2105.78162406587;0;446.998182878241;71;65.9205066448182
5699;1.20E4;0.00E0;1.09E-6;5.00E-5;0.00E0;0.00E0;4;0;-1749.80457366779;-369.863270507275;0;56.8704533014018;32;94.0139963661857
5712;4.18E4;0.00E0;2.42E-6;5.00E-5;0.00E0;0.00E0;4;0;-925.327363400992;-166.253784940722;0;90.1134781946919;25;207.244077575562
5720;5.83E4;0.00E0;1.71E-6;5.00E-5;0.00E0;0.00E0;4;0;-2433.22367609119;-168.792343336643;0;426.533494854712;76;61.1450324272777
5722;8.53E4;0.00E0;4.52E-6;5.00E-5;0.00E0;0.00E0;4;0;-1917.91310038629;787.87387846089;0;366.741150612012;62;104.015547298432
5724;2.45E4;0.00E0;6.69E-7;5.00E-5;0.00E0;0.00E0;4;0;107.983979072001;420.802296986591;0;54.1896416720173;4;202.347215050634
5731;3.04E4;0.00E0;9.85E-7;5.00E-5;0.00E0;0.00E0;4;0;-1352.76309418176;1399.04249777828;0;64.0989753922859;68;211.891534106329
5736;8.21E4;0.00E0;1.34E-6;5.00E-5;0.00E0;0.00E0;4;0;778.420310400795;1598.75691141164;0;576.030140197161;11;63.7547000546029
5766;3.42E4;0.00E0;2.80E-6;5.00E-5;0.00E0;0.00E0;4;0;-2009.25541154749;-298.333789913846;0;165.491156983567;32;92.3963357975843
5786;2.95E4;0.00E0;1.45E-6;5.00E-5;0.00E0;0.00E0;4;0;-1605.06146436406;-503.48268047151;0;47.3007428551887;35;278.758973888818
5789;8.48E4;0.00E0;2.65E-6;5.00E-5;0.00E0;0.00E0;4;0;530.720666011188;-268.254854736225;0;513.851696635801;15;73.8146874835828
5791;4.76E4;0.00E0;1.52E-6;5.00E-5;0.00E0;0.00E0;4;0;-1447.27750347622;-27.1889979901152;0;108.824090477706;56;195.403308646391
5793;8.13E4;0.00E0;2.21E-6;5.00E-5;0.00E0;0.00E0;4;0;-1520.41651094164;2105.38675266664;0;334.2907297355;71;108.716024236528
5805;2.36E4;0.00E0;9.79E-7;5.00E-5;0.00E0;0.00E0;4;0;-1487.44675806728;566.256870350453;0;68.0791777458122;61;155.004295471886
5813;5.91E4;0.00E0;1.02E-6;5.00E-5;0.00E0;0.00E0;4;0;-109.471678318976;1053.74505465955;0;346.236504142892;12;76.2605129120382
5815;4.73E4;0.00E0;3.04E-6;5.00E-5;0.00E0;0.00E0;4;0;-1739.87693219943;-1964.99567909765;0;197.888067658274;50;106.858383878752
5824;6.20E4;0.00E0;4.67E-7;5.00E-5;0.00E0;0.00E0;4;0;-19.5027902586262;-540.051378861242;0;154.952503342531;16;178.870517076152
5827;5.40E4;0.00E0;2.54E-6;5.00E-5;0.00E0;0.00E0;4;0;-1189.23595063098;1601.37425835858;0;175.111317375138;69;137.829903404276
5828;4.53E4;0.00E0;1.47E-6;5.00E-5;0.00E0;0.00E0;4;0;486.24566703741;686.511829542423;0;136.158299837973;6;148.863656406341
5840;5.58E4;0.00E0;1.89E-6;5.00E-5;0.00E0;0.00E0;4;0;82.5270436482233;1105.63304846116;0;259.501510181146;10;96.210467320213
5844;6.59E4;0.00E0;1.31E-6;5.00E-5;0.00E0;0.00E0;4;0;-885.886781053;170.561950586939;0;413.995784427059;26;71.122077435162
5851;2.18E4;0.00E0;2.16E-6;5.00E-5;0.00E0;0.00E0;4;0;-1409.92759571911;897.168096942763;0;125.493683319071;63;77.6976271013608
5855;1.32E5;0.00E0;7.85E-6;5.00E-5;0.00E0;0.00E0;4;0;-437.840572284155;-1697.23346125561;0;879.655195686539;53;67.0013991373812
5857;7.16E4;0.00E0;2.77E-6;5.00E-5;0.00E0;0.00E0;4;0;-1035.09906302363;-813.171797559824;0;340.506134395426;38;93.9839191772709
5861;7.86E4;0.00E0;6.98E-6;5.00E-5;0.00E0;0.00E0;4;0;264.249987293414;-405.85212945486;0;281.671495678257;16;124.786467926662
5864;3.15E4;0.00E0;1.84E-6;5.00E-5;0.00E0;0.00E0;4;0;-1739.15052872549;-1520.27770579209;0;44.3147040563719;46;317.385567210596
5868;1.07E4;0.00E0;9.45E-7;5.00E-5;0.00E0;0.00E0;4;0;-1202.01498882205;-1241.58845729283;0;56.738624003074;53;84.0331229433244
5874;7.21E4;0.00E0;2.03E-6;5.00E-5;0.00E0;0.00E0;4;0;-2048.82658527155;-2170.05433955876;0;134.254874485107;51;240.111216945445
5881;2.71E4;0.00E0;1.36E-6;5.00E-5;0.00E0;0.00E0;4;0;113.484757213102;734.793751963743;0;105.268970990867;12;115.28096688586
5882;3.17E4;0.00E0;5.26E-6;5.00E-5;0.00E0;0.00E0;4;0;-1795.06958624908;573.436334584148;0;209.067118495875;60;67.8315983666091
5885;4.33E4;0.00E0;1.17E-6;5.00E-5;0.00E0;0.00E0;4;0;347.677126977334;1267.35683084317;0;41.9329114015847;11;461.467999290838
5887;2.77E4;0.00E0;7.35E-7;5.00E-5;0.00E0;0.00E0;4;0;-1699.63566405652;755.031612395197;0;147.690836680431;62;83.9291194255959
5891;2.18E5;0.00E0;3.38E-6;5.00E-5;0.00E0;0.00E0;4;0;-899.678241442181;-1800.85894623821;0;598.655293288382;53;163.041875432037
5893;2.03E4;0.00E0;7.64E-7;5.00E-5;0.00E0;0.00E0;4;0;-1643.49657438184;-693.31639359902;0;107.497988466843;36;84.3440399276288
5904;1.10E5;0.00E0;8.86E-7;5.00E-5;0.00E0;0.00E0;4;0;-2250.67066801364;-1634.58092515381;0;317.722579786985;47;154.073818125872
5907;1.00E5;0.00E0;6.68E-7;5.00E-5;0.00E0;0.00E0;4;0;-1634.65881627292;556.008348251672;0;59.0307541891201;61;759.557002722074
5940;5.48E4;0.00E0;9.79E-7;5.00E-5;0.00E0;0.00E0;4;0;-3231.92567979838;575.123949013417;0;361.988318178453;81;67.7270833946585
5951;7.09E4;0.00E0;1.68E-6;5.00E-5;0.00E0;0.00E0;4;0;374.202160449823;-637.98154350663;0;472.589382104053;16;67.0944188438973
5957;1.42E5;0.00E0;2.31E-6;5.00E-5;0.00E0;0.00E0;4;0;-1204.5140034011;1733.46768670671;0;214.936927642499;70;295.967056090583
5962;4.62E4;0.00E0;2.02E-6;5.00E-5;0.00E0;0.00E0;4;0;-2956.48912032405;1.3760306525819;0;54.457783863219;84;379.072116911718
5980;1.06E5;0.00E0;3.71E-6;5.00E-5;0.00E0;0.00E0;4;0;1065.83241258658;719.426370113097;0;631.039566402336;7;75.1258230126643
5985;9.33E4;0.00E0;1.39E-6;5.00E-5;0.00E0;0.00E0;4;0;505.433503734388;1115.23691013266;0;106.930063282879;9;390.213979644028
6009;4.24E4;0.00E0;4.81E-7;5.00E-5;0.00E0;0.00E0;4;0;-1748.84522528564;-1490.32533154385;0;75.4503188353233;46;251.136210473584
6030;5.83E4;0.00E0;2.18E-6;5.00E-5;0.00E0;0.00E0;4;0;-1321.72397923167;797.219330687629;0;224.70549542605;63;115.901378559456
6037;1.14E4;0.00E0;4.81E-7;5.00E-5;0.00E0;0.00E0;4;0;296.109812169059;815.940114198493;0;73.6032512509926;6;69.3611440504944
6042;1.93E4;0.00E0;8.55E-7;5.00E-5;0.00E0;0.00E0;4;0;-1583.99525603078;-1625.77245124585;0;114.663103215938;45;75.1138299773524
6055;2.92E4;0.00E0;9.50E-7;5.00E-5;0.00E0;0.00E0;4;0;277.130597124446;1365.84203228076;0;92.3532611154657;11;141.314339263745
6065;1.11E5;0.00E0;6.90E-6;5.00E-5;0.00E0;0.00E0;4;0;744.497251504527;961.334228226498;0;303.48068814611;8;163.349405211254
6068;7.44E4;0.00E0;3.37E-6;5.00E-5;0.00E0;0.00E0;4;0;-1729.59998488451;1269.0961136243;0;279.225836784908;64;119.13499037096
6070;4.66E4;0.00E0;8.43E-6;5.00E-5;0.00E0;0.00E0;4;0;-908.482949865777;-585.078057036769;0;298.605762339829;24;69.7000007826518
6076;5.23E4;0.00E0;6.88E-7;5.00E-5;0.00E0;0.00E0;4;0;-2768.43679278295;140.838807947152;0;255.587938327805;82;91.4658696165449
6080;4.85E4;0.00E0;2.39E-6;5.00E-5;0.00E0;0.00E0;4;0;-2276.1196614637;-2098.69132451839;0;209.389935763565;52;103.501417974588
6086;4.95E4;0.00E0;1.01E-6;5.00E-5;0.00E0;0.00E0;4;0;-1850.38510760547;-1485.4697708324;0;125.018053778335;46;176.88396861777
6088;3.77E4;0.00E0;2.06E-6;5.00E-5;0.00E0;0.00E0;4;0;-1404.94241779221;-13.1884368144169;0;151.751391051234;56;111.06154622117
6089;2.37E4;0.00E0;1.06E-6;5.00E-5;0.00E0;0.00E0;4;0;-1584.87508982328;322.941983707695;0;100.461136858324;59;105.559978297324
6099;9.23E4;0.00E0;2.52E-6;5.00E-5;0.00E0;0.00E0;4;0;-2213.97507583476;-225.880944648251;0;382.020631902725;32;107.968499910927
6101;1.06E5;0.00E0;7.83E-7;5.00E-5;0.00E0;0.00E0;4;0;-1007.51088946794;405.013941526472;0;570.941081954117;61;82.7624080083348
6106;1.08E5;0.00E0;3.12E-6;5.00E-5;0.00E0;0.00E0;4;0;-428.401339127089;1189.92317432672;0;688.851604392243;12;70.2394168946661
6113;2.77E4;0.00E0;2.34E-6;5.00E-5;0.00E0;0.00E0;4;0;-1503.21808482529;783.782900518869;0;45.9989468965631;63;269.616397171799
6118;7.76E4;0.00E0;3.21E-6;5.00E-5;0.00E0;0.00E0;4;0;-1495.93758420559;-860.89662013695;0;122.778127570849;38;282.716702111489
6119;4.17E4;0.00E0;5.35E-6;5.00E-5;0.00E0;0.00E0;4;0;-1316.11264922661;139.160720919382;0;291.668553551701;56;63.9662298842736
6120;4.06E4;0.00E0;1.89E-6;5.00E-5;0.00E0;0.00E0;4;0;-1628.18228539531;-1808.01483428201;0;262.732495294617;46;69.1595198962103
6122;3.19E4;0.00E0;2.24E-6;5.00E-5;0.00E0;0.00E0;4;0;-2022.18832099304;-1780.51863172107;0;76.7390204426685;48;185.735252198073
6124;2.79E4;0.00E0;9.44E-7;5.00E-5;0.00E0;0.00E0;4;0;205.559570607274;209.648815105445;0;129.58218986321;2;96.190294370637
6125;3.95E4;0.00E0;3.34E-6;5.00E-5;0.00E0;0.00E0;4;0;-1855.86544375225;-395.546437532249;0;60.9690093778001;32;289.747256599184
6128;5.27E4;0.00E0;1.47E-6;5.00E-5;0.00E0;0.00E0;4;0;51.124441121885;1321.95895634557;0;253.860719162366;11;92.8556256856032
6136;5.22E4;0.00E0;2.80E-6;5.00E-5;0.00E0;0.00E0;4;0;-1628.59619604483;-10.4927480403148;0;47.7172519433565;57;488.710514895506
6138;1.75E5;0.00E0;3.22E-6;5.00E-5;0.00E0;0.00E0;4;0;-1453.90891053204;33.4064018314261;0;118.506485170237;56;659.023752153753
6147;3.16E4;0.00E0;1.20E-6;5.00E-5;0.00E0;0.00E0;4;0;-1593.50641557796;903.418364727413;0;57.5692413826946;63;245.638093564341
6154;5.98E4;0.00E0;2.32E-6;5.00E-5;0.00E0;0.00E0;4;0;-293.878201552144;-465.361345942294;0;280.477384137982;16;95.2557601422338
6158;8.36E4;0.00E0;9.41E-6;5.00E-5;0.00E0;0.00E0;4;0;-2141.48302134316;1552.71720431761;0;615.491189132969;71;60.7232585002035
6163;3.67E4;0.00E0;2.77E-6;5.00E-5;0.00E0;0.00E0;4;0;239.652874349409;1035.45861939965;0;166.519594453752;10;98.6441235108051
6167;8.60E4;0.00E0;8.98E-7;5.00E-5;0.00E0;0.00E0;4;0;-2957.47717824902;-555.540624272243;0;309.859339082599;86;124.095776571855
6168;2.67E5;0.00E0;5.73E-6;5.00E-5;0.00E0;0.00E0;4;0;-2873.16117327699;-2807.90595886768;0;1124.21875957237;52;106.022096940482
6169;5.73E4;0.00E0;1.50E-6;5.00E-5;0.00E0;0.00E0;4;0;-1726.03352853348;-1966.46575254639;0;211.426229423698;50;121.153032106685
6174;7.08E4;0.00E0;2.15E-6;5.00E-5;0.00E0;0.00E0;4;0;-1089.92079767593;-1508.65746259304;0;250.040283240123;53;126.653899688201
6176;8.95E4;0.00E0;3.34E-6;5.00E-5;0.00E0;0.00E0;4;0;-1530.90149284888;2138.16621206567;0;365.582697024131;71;109.468457248933
6184;8.36E4;0.00E0;6.12E-6;5.00E-5;0.00E0;0.00E0;4;0;-868.212374865694;1315.9357650652;0;382.895492776808;67;97.5571447235642
6185;6.20E3;0.00E0;2.26E-7;5.00E-5;0.00E0;0.00E0;4;0;-1487.24189718813;-310.772623442746;0;21.3831026755378;30;129.522656929978
6192;7.15E4;0.00E0;1.93E-6;5.00E-5;0.00E0;0.00E0;4;0;-1945.46323552816;68.5341775345482;0;219.917880481466;73;145.317161707412
6201;2.38E4;0.00E0;1.96E-6;5.00E-5;0.00E0;0.00E0;4;0;75.0582377550145;-208.755203554133;0;54.353490207428;15;195.638371466429
6203;8.27E4;0.00E0;3.14E-6;5.00E-5;0.00E0;0.00E0;4;0;-1740.80884001132;-2065.38194503749;0;208.400585829806;50;177.399165433471
6208;7.32E4;0.00E0;1.72E-6;5.00E-5;0.00E0;0.00E0;4;0;-2897.61403608574;-311.391612139136;0;58.9691066905368;86;554.841666721303
6215;4.54E4;0.00E0;1.57E-6;5.00E-5;0.00E0;0.00E0;4;0;-1618.43329988183;155.813779440902;0;44.3464971030963;87;457.297881632257
6216;5.92E4;0.00E0;1.43E-6;5.00E-5;0.00E0;0.00E0;4;0;591.586875865771;350.412928772586;0;427.668386224737;3;61.8873372589171
6221;3.24E4;0.00E0;5.07E-6;5.00E-5;0.00E0;0.00E0;4;0;-2850.73462635991;-83.2249229641916;0;129.754734861769;85;111.770436120413
6223;1.27E5;0.00E0;2.31E-6;5.00E-5;0.00E0;0.00E0;4;0;-796.819268555689;2237.22524789383;0;813.89977809436;70;69.6123843995259
6225;4.86E4;0.00E0;4.77E-6;5.00E-5;0.00E0;0.00E0;4;0;-2573.74249366903;556.255416325337;0;128.999115678829;78;168.313378427595
6235;6.06E4;0.00E0;5.83E-6;5.00E-5;0.00E0;0.00E0;4;0;-2783.50519077758;-451.812885552834;0;226.705482641113;86;119.442673318316
6242;3.66E4;0.00E0;1.64E-6;5.00E-5;0.00E0;0.00E0;4;0;-2608.05814960298;594.694612475932;0;147.849301838297;79;110.597745804336
6251;1.23E5;0.00E0;3.11E-6;5.00E-5;0.00E0;0.00E0;4;0;-481.056178800351;-1377.23836255103;0;743.771014788425;53;73.7680893859341
6268;9.07E4;0.00E0;2.65E-6;5.00E-5;0.00E0;0.00E0;4;0;-2113.82829979015;1245.7124644139;0;621.62598025546;64;65.2118395044938
6271;4.05E4;0.00E0;8.88E-7;5.00E-5;0.00E0;0.00E0;4;0;441.191565386252;1309.60885029662;0;143.770097279371;11;126.053426499765
6278;6.11E4;0.00E0;1.60E-6;5.00E-5;0.00E0;0.00E0;4;0;-3180.85207222318;117.922743242557;0;138.934723156704;83;196.67321230451
6279;2.24E4;0.00E0;1.61E-6;5.00E-5;0.00E0;0.00E0;4;0;-1888.13345223762;-1627.46526662376;0;30.7614317834334;47;325.332128686323
6283;1.11E5;0.00E0;2.00E-6;5.00E-5;0.00E0;0.00E0;4;0;-2807.11708368071;-721.062905012137;0;475.974740601865;86;104.185291364534
6291;6.81E4;0.00E0;2.96E-6;5.00E-5;0.00E0;0.00E0;4;0;-362.804297027413;63.7953010941451;0;50.0462918445773;19;607.898096793528
6294;4.93E4;0.00E0;1.35E-6;5.00E-5;0.00E0;0.00E0;4;0;-1539.57689425046;1724.30503117421;0;43.2473835263141;71;509.715087313717
6299;1.72E4;0.00E0;1.21E-6;5.00E-5;0.00E0;0.00E0;4;0;-1847.55644471844;-1874.09774121062;0;107.489697639047;48;71.7078311771154
6300;4.93E4;0.00E0;1.66E-6;5.00E-5;0.00E0;0.00E0;4;0;-2875.46835509517;-59.8698505434504;0;110.828192360438;85;198.750628197132
6305;3.53E4;0.00E0;5.04E-7;5.00E-5;0.00E0;0.00E0;4;0;-1616.84524096776;-1310.56804624149;0;194.968171691647;44;80.8492645931818
6309;1.69E5;0.00E0;5.02E-6;5.00E-5;0.00E0;0.00E0;4;0;522.952859419987;-307.24507528658;0;510.726221766841;15;148.327014171116
6312;6.71E4;0.00E0;1.07E-6;5.00E-5;0.00E0;0.00E0;4;0;-2112.11159525793;-2526.80901498797;0;496.365354343165;51;60.4694848430719
6316;5.60E4;0.00E0;1.87E-6;5.00E-5;0.00E0;0.00E0;4;0;-3167.33544565458;500.805449556518;0;272.193929395818;81;92.0459593720677
6317;8.44E4;0.00E0;8.08E-6;5.00E-5;0.00E0;0.00E0;4;0;-1275.5816964388;46.5927993045716;0;259.368567615386;27;145.421035899524
6324;8.52E4;0.00E0;2.95E-6;5.00E-5;0.00E0;0.00E0;4;0;-2068.10087360818;1076.1717049526;0;550.084983407986;64;69.2056643252951
6340;2.43E4;0.00E0;1.78E-6;5.00E-5;0.00E0;0.00E0;4;0;437.007875655105;783.224214128133;0;38.5265497124676;7;282.380992955021
6342;4.03E4;0.00E0;7.66E-7;5.00E-5;0.00E0;0.00E0;4;0;-2317.59933146356;430.851553171659;0;173.655379825999;75;103.73730555793
6359;5.02E4;0.00E0;1.30E-6;5.00E-5;0.00E0;0.00E0;4;0;492.081507769421;1575.06646037955;0;354.446888665269;11;63.3751124682323
6360;2.02E4;0.00E0;7.19E-7;5.00E-5;0.00E0;0.00E0;4;0;-2298.12602721231;327.358127882987;0;68.5174809214021;75;131.553035524806
6364;3.62E4;0.00E0;1.26E-6;5.00E-5;0.00E0;0.00E0;4;0;-1740.45970336112;458.884260253345;0;104.092778072483;59;155.625462746853
6374;5.63E4;0.00E0;1.70E-6;5.00E-5;0.00E0;0.00E0;4;0;-828.477144780126;-561.242637345038;0;269.350125053348;24;93.497343312346
6375;5.45E4;0.00E0;7.12E-7;5.00E-5;0.00E0;0.00E0;4;0;-143.413789748703;850.253977988872;0;315.117107548045;12;77.2639122619724
6377;1.73E5;0.00E0;2.86E-6;5.00E-5;0.00E0;0.00E0;4;0;-704.465473466995;1998.15510154415;0;779.792596893045;70;99.0547233799129
6381;7.66E4;0.00E0;4.35E-6;5.00E-5;0.00E0;0.00E0;4;0;-1808.46985957009;1858.68324627935;0;255.4732212355;71;134.003335302365
6384;4.09E4;0.00E0;1.78E-6;5.00E-5;0.00E0;0.00E0;4;0;-1595.66979076038;1004.78138019386;0;72.3625476555443;64;252.570887728191
6385;2.71E4;0.00E0;4.19E-6;5.00E-5;0.00E0;0.00E0;4;0;-1505.0113019939;-802.032730101458;0;106.588105370627;37;113.464601256011
6391;2.70E4;0.00E0;2.45E-6;5.00E-5;0.00E0;0.00E0;4;0;148.302839118869;1183.37836390594;0;173.375868019631;11;69.4951263498847
6392;5.95E4;0.00E0;2.19E-6;5.00E-5;0.00E0;0.00E0;4;0;-1297.49533233807;1753.10166853776;0;138.584251956693;70;191.965750218475
6400;1.60E4;0.00E0;1.69E-6;5.00E-5;0.00E0;0.00E0;4;0;-2269.83461982711;360.371510844664;0;93.7505218878137;75;76.3119853803134
6402;6.36E4;0.00E0;6.65E-7;5.00E-5;0.00E0;0.00E0;4;0;-2379.45497844965;-2019.32359196048;0;288.609330304103;52;98.5250046409947
6405;7.53E4;0.00E0;3.03E-6;5.00E-5;0.00E0;0.00E0;4;0;-2118.1472543054;-1588.60845676857;0;214.304538006002;47;156.978028043364
6409;8.08E4;0.00E0;1.03E-6;5.00E-5;0.00E0;0.00E0;4;0;-2296.17057895181;-68.2121775841902;0;317.957523641482;75;113.62974062489
6412;7.35E4;0.00E0;2.67E-6;5.00E-5;0.00E0;0.00E0;4;0;-924.456281673782;-1625.8158565601;0;443.581150535881;53;74.0638687306556
6413;2.69E4;0.00E0;4.75E-7;5.00E-5;0.00E0;0.00E0;4;0;-960.800806826013;-372.510355725902;0;115.073392591277;25;104.315113094812
6415;2.58E4;0.00E0;1.55E-6;5.00E-5;0.00E0;0.00E0;4;0;-1431.43885708303;1632.30448134486;0;33.5029277979743;70;344.719030571005
6416;8.24E4;0.00E0;3.69E-6;5.00E-5;0.00E0;0.00E0;4;0;-1585.30942195848;191.899033274246;0;69.6936380950947;87;528.672234577171
6418;6.40E3;0.00E0;9.79E-7;5.00E-5;0.00E0;0.00E0;4;0;-1565.52842903347;1812.29802941841;0;37.9394135100729;71;75.3561873195986
6424;3.88E4;0.00E0;1.33E-6;5.00E-5;0.00E0;0.00E0;4;0;-1808.70924932076;-125.306228926834;0;194.680374387979;32;89.2001771287008
6436;2.91E4;0.00E0;1.77E-6;5.00E-5;0.00E0;0.00E0;4;0;86.4292701385084;458.445734457479;0;71.9892484703298;4;180.808120277476
6441;3.30E4;0.00E0;2.90E-6;5.00E-5;0.00E0;0.00E0;4;0;496.903872671561;635.470049849434;0;180.547514196916;6;81.587122842413
6443;3.89E4;0.00E0;3.92E-6;5.00E-5;0.00E0;0.00E0;4;0;-1771.0983203171;-1924.53094764159;0;178.115609823836;50;97.5143674213391
6458;2.47E4;0.00E0;1.41E-6;5.00E-5;0.00E0;0.00E0;4;0;-1899.8561515257;-1575.56628341531;0;78.435293463177;47;140.637893840321
6473;8.52E4;0.00E0;3.16E-6;5.00E-5;0.00E0;0.00E0;4;0;491.840474763381;1543.847020247;0;328.449744609075;11;115.907770231233
6482;7.80E4;0.00E0;1.64E-6;5.00E-5;0.00E0;0.00E0;4;0;-759.725221556707;1307.11292830843;0;491.729879558448;67;70.8997311558554
6490;1.33E5;0.00E0;5.03E-6;5.00E-5;0.00E0;0.00E0;4;0;-2056.9882040378;2611.12991204655;0;969.490321193143;71;61.491451937003
6499;1.19E5;0.00E0;3.90E-6;5.00E-5;0.00E0;0.00E0;4;0;-2539.68208323378;709.922718078343;0;280.526397702485;78;189.890804338376
6502;3.84E4;0.00E0;1.08E-6;5.00E-5;0.00E0;0.00E0;4;0;-1152.45604483895;-1428.00887527448;0;149.045120109688;53;115.310405905493
6504;6.69E4;0.00E0;1.36E-6;5.00E-5;0.00E0;0.00E0;4;0;263.92709402117;1519.40182249255;0;245.600734490402;11;121.736530984802
6519;2.37E4;0.00E0;1.46E-6;5.00E-5;0.00E0;0.00E0;4;0;420.454564425042;1319.95238649833;0;127.172022434033;11;83.4729296440874
6520;2.82E4;0.00E0;1.12E-6;5.00E-5;0.00E0;0.00E0;4;0;-116.043215505792;-187.887603272169;0;137.875807400053;15;91.4709062306681
6523;5.39E4;0.00E0;2.01E-6;5.00E-5;0.00E0;0.00E0;4;0;-1440.52283175863;-1592.57714879314;0;102.586624463683;44;234.956238320529
6524;3.35E4;0.00E0;1.67E-6;5.00E-5;0.00E0;0.00E0;4;0;-1303.56316945335;1579.31000940902;0;61.6048185997241;69;243.39023051015
6528;4.14E4;0.00E0;7.97E-7;5.00E-5;0.00E0;0.00E0;4;0;-1077.477462971;1581.03522986466;0;265.725037186227;68;69.6731188525559
6547;1.47E5;0.00E0;2.60E-6;5.00E-5;0.00E0;0.00E0;4;0;-2248.92456177176;-2323.97339863221;0;360.042312715073;52;182.494457630441
6551;3.95E4;0.00E0;1.57E-6;5.00E-5;0.00E0;0.00E0;4;0;-1638.0400257025;1205.03092839482;0;167.792137786101;64;105.156687322519
6552;1.24E5;0.00E0;5.75E-6;5.00E-5;0.00E0;0.00E0;4;0;-531.058294145688;1186.28012504087;0;736.530679054125;67;75.4380463406163
6557;6.66E4;0.00E0;3.77E-6;5.00E-5;0.00E0;0.00E0;4;0;-154.169878029858;-690.851956166682;0;331.786304303179;16;89.7507217310262
6576;4.82E4;0.00E0;1.04E-6;5.00E-5;0.00E0;0.00E0;4;0;-1998.25519601812;-1634.61070674417;0;94.6497693489735;47;227.844464392203
6582;3.20E5;0.00E0;1.85E-6;5.00E-5;0.00E0;0.00E0;4;0;-3161.03006713048;-1207.92841582989;0;992.417411900128;86;143.965578113853
6586;4.71E4;0.00E0;1.04E-6;5.00E-5;0.00E0;0.00E0;4;0;-1430.35990995983;675.35137348734;0;110.398963423843;62;190.759784975358
6587;6.32E4;0.00E0;3.84E-6;5.00E-5;0.00E0;0.00E0;4;0;-177.726528327558;999.211432229828;0;379.286858904371;12;74.4732849355979
6592;5.06E3;0.00E0;4.38E-7;5.00E-5;0.00E0;0.00E0;4;0;-667.708906515739;-196.628559607356;0;29.5959242613921;22;76.3714848377262
6603;5.21E4;0.00E0;4.65E-6;5.00E-5;0.00E0;0.00E0;4;0;270.077186194117;-415.549532394275;0;290.199321250331;16;80.2791925251519
6608;9.64E4;0.00E0;1.03E-6;5.00E-5;0.00E0;0.00E0;4;0;-2511.73682079985;-2210.91214198154;0;470.2394173393;52;91.6028452702504
6617;4.27E4;0.00E0;2.03E-6;5.00E-5;0.00E0;0.00E0;4;0;-1278.44388071006;-1751.81060812595;0;296.453711622409;43;64.3424446370547
6621;4.18E4;0.00E0;3.33E-7;5.00E-5;0.00E0;0.00E0;4;0;-1963.76510378348;-509.438692606272;0;209.329171436807;32;89.2752278577031
6626;7.36E4;0.00E0;3.79E-6;5.00E-5;0.00E0;0.00E0;4;0;-3451.46014496412;96.1391641228356;0;409.583717129983;83;80.3257284517141
6629;4.62E4;0.00E0;1.11E-6;5.00E-5;0.00E0;0.00E0;4;0;-2148.74970426166;-2309.40044882679;0;300.292285103967;51;68.7198586738353
6637;3.50E4;0.00E0;1.21E-6;5.00E-5;0.00E0;0.00E0;4;0;-2641.93803010567;517.532569478441;0;63.5913362863366;79;246.064502705092
6639;1.50E5;0.00E0;1.95E-6;5.00E-5;0.00E0;0.00E0;4;0;-2022.11292607794;2670.88624263374;0;1005.25737050724;71;66.7995798376211
6641;6.17E4;0.00E0;4.00E-6;5.00E-5;0.00E0;0.00E0;4;0;-1261.70564556973;203.55812520422;0;373.669677228045;57;73.8597850111978
6653;1.09E5;0.00E0;8.84E-7;5.00E-5;0.00E0;0.00E0;4;0;-2528.28780686201;-1149.53309038528;0;811.627441481114;47;60.2743663852193
6654;3.63E4;0.00E0;8.95E-7;5.00E-5;0.00E0;0.00E0;4;0;-2214.69994628731;103.855111217941;0;168.495100973632;75;96.3315491053462
6660;7.18E4;0.00E0;1.44E-6;5.00E-5;0.00E0;0.00E0;4;0;-2223.18668095046;212.875098108318;0;60.6375884975812;75;529.412795563192
6661;5.99E4;0.00E0;1.62E-6;5.00E-5;0.00E0;0.00E0;4;0;-2456.93124439814;-1881.97460094588;0;383.987492145833;52;69.779128968881
6662;5.29E4;0.00E0;2.22E-6;5.00E-5;0.00E0;0.00E0;4;0;199.267779062096;-373.972661594394;0;210.033452201384;16;112.58539295493
6665;2.35E4;0.00E0;7.94E-7;5.00E-5;0.00E0;0.00E0;4;0;-3078.69108807962;-71.4044987443776;0;85.7456721556786;84;122.361390133942
6673;2.79E4;0.00E0;5.72E-7;5.00E-5;0.00E0;0.00E0;4;0;-1455.2896988009;681.360762354287;0;86.3782635843101;62;144.351958410075
6677;4.95E4;0.00E0;2.77E-6;5.00E-5;0.00E0;0.00E0;4;0;-1264.20256313958;716.379921889933;0;280.297124951452;62;78.9481877374333
6679;6.91E4;0.00E0;1.36E-6;5.00E-5;0.00E0;0.00E0;4;0;-1948.82266733775;1867.44953321085;0;392.705693011027;71;78.6707712192296
6680;3.43E4;0.00E0;5.81E-7;5.00E-5;0.00E0;0.00E0;4;0;-1588.65162137707;1046.87665101496;0;70.9712276944666;64;216.017757517788
6683;4.71E4;0.00E0;4.88E-6;5.00E-5;0.00E0;0.00E0;4;0;-1066.25515417148;142.978848052735;0;323.243221091463;26;65.1018273461832
6690;2.34E4;0.00E0;5.47E-7;5.00E-5;0.00E0;0.00E0;4;0;190.681449279879;1269.47061712314;0;110.448888736143;11;94.7614440291595
6694;4.88E4;0.00E0;2.22E-6;5.00E-5;0.00E0;0.00E0;4;0;-1229.65439297901;55.3736981672719;0;252.122303498016;27;86.4839645541296
6696;2.21E4;0.00E0;1.59E-6;5.00E-5;0.00E0;0.00E0;4;0;-3118.26931421482;155.952163661657;0;71.1270609701523;83;138.884409325252
6699;4.36E4;0.00E0;1.89E-6;5.00E-5;0.00E0;0.00E0;4;0;-905.100071545014;-1336.42015610635;0;317.870826179816;53;61.2789726063398
6702;5.44E4;0.00E0;1.58E-6;5.00E-5;0.00E0;0.00E0;4;0;-1668.74309364661;-2014.11678987968;0;268.062589051367;50;90.6988508808366
6704;1.69E5;0.00E0;3.54E-6;5.00E-5;0.00E0;0.00E0;4;0;-1342.68621641324;-14.5600387883278;0;213.753137265389;56;354.2786652038
6706;5.52E4;0.00E0;5.53E-6;5.00E-5;0.00E0;0.00E0;4;0;-2821.0738770947;547.281394678791;0;64.1426161844588;80;385.063686972493
6711;8.55E4;0.00E0;2.53E-6;5.00E-5;0.00E0;0.00E0;4;0;-2999.02782867761;-819.133072913829;0;576.474455433874;86;66.3241361276613
6712;5.11E4;0.00E0;1.44E-6;5.00E-5;0.00E0;0.00E0;4;0;-2025.94609738876;-2182.01918012509;0;142.619211007495;51;160.224388089194
6716;1.40E5;0.00E0;2.19E-6;5.00E-5;0.00E0;0.00E0;4;0;-3520.62119006789;-922.102526316461;0;918.362715423073;86;68.3232220662135
6720;5.21E4;0.00E0;3.34E-6;5.00E-5;0.00E0;0.00E0;4;0;661.709945730179;1119.03770979525;0;258.793889419428;9;90.081173830926
6725;3.07E4;0.00E0;2.42E-6;5.00E-5;0.00E0;0.00E0;4;0;-2059.57500075499;-2054.55305284277;0;33.2521139142439;52;412.705344705655
6728;6.79E4;0.00E0;1.94E-6;5.00E-5;0.00E0;0.00E0;4;0;-1896.21786107347;607.123431268218;0;304.316066611612;73;99.7080785061931
6731;5.27E4;0.00E0;4.35E-6;5.00E-5;0.00E0;0.00E0;4;0;-1289.71402336612;-467.774014848327;0;223.839771865052;29;105.188361241373
6732;6.21E4;0.00E0;5.33E-7;5.00E-5;0.00E0;0.00E0;4;0;-2010.36793901727;702.143460736957;0;416.038492408677;73;66.773555676971
6736;4.03E4;0.00E0;1.53E-6;5.00E-5;0.00E0;0.00E0;4;0;-2692.78881122658;-474.624194867029;0;298.153674741976;86;60.4120569073161
6738;6.09E4;0.00E0;1.59E-6;5.00E-5;0.00E0;0.00E0;4;0;-1777.84194556448;-840.550349301735;0;306.167965593657;36;88.868663838383
6755;4.19E4;0.00E0;7.82E-7;5.00E-5;0.00E0;0.00E0;4;0;-1833.28936572321;-1804.83610706411;0;113.050795910959;48;165.862206267464
6756;4.02E4;0.00E0;2.28E-6;5.00E-5;0.00E0;0.00E0;4;0;-1923.40939995151;-2266.78293074447;0;245.499070248553;51;73.1461892499399
6758;1.83E5;0.00E0;3.59E-6;5.00E-5;0.00E0;0.00E0;4;0;-2080.69224998455;-922.820132688217;0;578.174186250722;35;141.496318630232
6763;3.98E4;0.00E0;2.77E-6;5.00E-5;0.00E0;0.00E0;4;0;-1170.60186792316;1720.07311862433;0;240.187699541113;70;73.9891110495565
6764;7.46E4;0.00E0;2.51E-6;5.00E-5;0.00E0;0.00E0;4;0;-1309.94037951506;355.303120058798;0;321.153931610792;61;103.823323755174
6768;6.21E4;0.00E0;1.96E-6;5.00E-5;0.00E0;0.00E0;4;0;-2330.40301335809;-1768.83233836942;0;332.365633065452;52;83.4823025185225
6781;6.98E4;0.00E0;2.03E-6;5.00E-5;0.00E0;0.00E0;4;0;-1751.8372703124;-970.08336227403;0;388.967478150379;39;80.2041007218797
6788;2.26E4;0.00E0;4.38E-7;5.00E-5;0.00E0;0.00E0;4;0;-1133.73118829405;1476.66151491316;0;163.15365033624;68;61.9793330840015
6793;5.37E4;0.00E0;2.90E-6;5.00E-5;0.00E0;0.00E0;4;0;383.088077990066;1338.30280615142;0;102.772157954676;11;233.708233810191
6795;4.23E4;0.00E0;1.52E-6;5.00E-5;0.00E0;0.00E0;4;0;101.354717733422;604.941807940234;0;76.0914305198583;5;248.73822914549
6798;5.20E4;0.00E0;2.36E-6;5.00E-5;0.00E0;0.00E0;4;0;-1647.3001952953;2148.77777987325;0;382.829927396108;71;60.6984833178238
6805;7.38E4;0.00E0;2.43E-6;5.00E-5;0.00E0;0.00E0;4;0;-1890.63103890209;1005.59398713146;0;364.842136317969;64;90.385040831272
6808;9.20E4;0.00E0;2.16E-6;5.00E-5;0.00E0;0.00E0;4;0;-3046.33851987733;1027.80239793031;0;582.737642640823;80;70.5787112619895
6823;2.62E4;0.00E0;5.93E-7;5.00E-5;0.00E0;0.00E0;4;0;-515.42741829599;-263.504160419281;0;129.280407144029;22;90.4955538049729
6848;1.05E5;0.00E0;1.33E-6;5.00E-5;0.00E0;0.00E0;4;0;-1315.83149105188;2204.73180276641;0;474.442091462724;70;98.7748217794186
6849;3.77E4;0.00E0;8.51E-7;5.00E-5;0.00E0;0.00E0;4;0;-675.391230500885;87.4274939206466;0;229.339066320475;21;73.4040771036064
6851;9.49E4;0.00E0;2.27E-6;5.00E-5;0.00E0;0.00E0;4;0;-2634.43164980679;-4.03642413934904;0;315.640580835548;76;134.362081162709
6852;7.81E4;0.00E0;1.84E-6;5.00E-5;0.00E0;0.00E0;4;0;-839.665834779351;-1613.60894039762;0;496.188421136843;53;70.3997579174631
6854;2.77E4;0.00E0;9.89E-7;5.00E-5;0.00E0;0.00E0;4;0;421.321093232523;743.659920934492;0;49.6657747644509;6;249.191515037315
6866;2.83E4;0.00E0;1.08E-6;5.00E-5;0.00E0;0.00E0;4;0;-1298.78328052361;-1438.23732187394;0;73.2281197630411;42;172.775885577105
6868;4.39E4;0.00E0;1.47E-6;5.00E-5;0.00E0;0.00E0;4;0;-1676.94399416342;1668.63858202503;0;152.339367821264;71;128.897091775246
6874;1.33E5;0.00E0;1.94E-6;5.00E-5;0.00E0;0.00E0;4;0;265.328216613954;1555.79925778577;0;281.45617300281;11;210.662338139393
6877;3.49E4;0.00E0;2.76E-6;5.00E-5;0.00E0;0.00E0;4;0;-634.099314604641;-258.94883333513;0;38.1685993281831;23;408.950208069521
6878;7.47E4;0.00E0;1.69E-6;5.00E-5;0.00E0;0.00E0;4;0;-16.7161239543593;921.886762797023;0;201.064212225622;12;166.006126464954
6880;3.49E4;0.00E0;2.08E-6;5.00E-5;0.00E0;0.00E0;4;0;-1213.67406515865;-146.952588015242;0;56.2872860048754;27;277.463336019954
6896;3.12E4;0.00E0;1.55E-6;5.00E-5;0.00E0;0.00E0;4;0;-321.970877580196;240.036650353163;0;227.241213984179;19;61.3863659492616
6903;3.90E4;0.00E0;1.60E-6;5.00E-5;0.00E0;0.00E0;4;0;-1425.40756637746;686.735297059432;0;116.690922384507;62;149.307016298188
6905;2.84E4;0.00E0;8.37E-7;5.00E-5;0.00E0;0.00E0;4;0;-1890.60767698909;-366.893014421932;0;53.2422899567409;32;238.451682006321
6907;1.15E5;0.00E0;1.49E-6;5.00E-5;0.00E0;0.00E0;4;0;-1885.91877723724;624.910312838761;0;313.478552870082;60;164.623602886934
6908;4.81E4;0.00E0;1.64E-6;5.00E-5;0.00E0;0.00E0;4;0;-1797.5482665042;-13.7908967281546;0;183.777158488301;57;117.100468001951
6913;6.76E4;0.00E0;1.85E-6;5.00E-5;0.00E0;0.00E0;4;0;-839.415826676481;-1012.38343838466;0;474.462363443708;53;63.6647133416873
6915;8.50E4;0.00E0;2.99E-6;5.00E-5;0.00E0;0.00E0;4;0;-1094.38097986452;-406.343934515889;0;197.05660262503;26;192.822624731804
6935;6.86E4;0.00E0;3.13E-6;5.00E-5;0.00E0;0.00E0;4;0;-1251.18083843277;57.017934356466;0;260.940139305113;27;117.485852765083
6936;1.26E5;0.00E0;7.50E-7;5.00E-5;0.00E0;0.00E0;4;0;-531.779631983713;729.600432821132;0;709.520625846141;4;79.4264301071182
6943;4.04E4;0.00E0;1.72E-6;5.00E-5;0.00E0;0.00E0;4;0;-2747.53503560264;60.6250264330793;0;270.736730222073;84;66.6711319166773
6949;3.14E4;0.00E0;7.60E-7;5.00E-5;0.00E0;0.00E0;4;0;340.513684589981;911.118370549421;0;102.975864461964;8;136.523363387901
6951;2.59E4;0.00E0;1.13E-6;5.00E-5;0.00E0;0.00E0;4;0;-145.994246730259;-277.616681422829;0;148.127451024411;16;78.1626324034177
6954;2.73E4;0.00E0;2.49E-6;5.00E-5;0.00E0;0.00E0;4;0;-779.218970365859;-387.598437699857;0;99.0093000724395;24;123.474706918911
6958;8.05E4;0.00E0;1.92E-6;5.00E-5;0.00E0;0.00E0;4;0;-2684.79092581064;-2063.56933998088;0;596.697500835098;52;60.309255052138
6962;9.26E4;0.00E0;2.02E-6;5.00E-5;0.00E0;0.00E0;4;0;-1992.23890738814;452.484564692749;0;166.620603492467;73;248.339015847106
6977;3.11E4;0.00E0;2.34E-6;5.00E-5;0.00E0;0.00E0;4;0;-496.632704170787;-266.613848495876;0;145.519997108917;22;95.4757546764005
6979;1.05E5;0.00E0;7.07E-6;5.00E-5;0.00E0;0.00E0;4;0;202.794669105088;1809.23021155045;0;541.589880081118;11;86.5665359826543
7001;8.26E4;0.00E0;1.86E-6;5.00E-5;0.00E0;0.00E0;4;0;-3297.90715649407;566.033800823788;0;418.082804121487;81;88.3439639963274
7002;3.10E4;0.00E0;1.78E-6;5.00E-5;0.00E0;0.00E0;4;0;-730.927053184347;-472.905082344824;0;187.085071387045;24;74.1001478734149
7005;7.51E4;0.00E0;1.94E-6;5.00E-5;0.00E0;0.00E0;4;0;-1110.92669007713;-824.374668014421;0;263.961082065721;38;127.245762142923
7017;1.57E5;0.00E0;1.33E-6;5.00E-5;0.00E0;0.00E0;4;0;-3918.2674182949;773.914862603751;0;1041.01513266294;82;67.5231756851801
7018;1.67E4;0.00E0;1.53E-6;5.00E-5;0.00E0;0.00E0;4;0;561.22366697249;847.228555568505;0;110.607647300181;7;67.6770812663144
7020;7.33E4;0.00E0;1.68E-6;5.00E-5;0.00E0;0.00E0;4;0;-997.606843198443;-526.37946565747;0;271.870420001527;25;120.556678369692
7027;7.41E4;0.00E0;5.90E-6;5.00E-5;0.00E0;0.00E0;4;0;-232.701306197699;61.1292287579513;0;51.2618251652862;18;646.590266266882
7035;8.53E4;0.00E0;1.94E-6;5.00E-5;0.00E0;0.00E0;4;0;-3422.17210447575;483.526606721171;0;468.43110052948;82;81.3980361339303
7045;1.81E5;0.00E0;1.36E-6;5.00E-5;0.00E0;0.00E0;4;0;506.439222168371;-687.063012284468;0;611.273443631252;16;132.431921702537
7046;3.95E4;0.00E0;1.10E-6;5.00E-5;0.00E0;0.00E0;4;0;-1718.24026814724;114.159086637981;0;48.5286849630707;58;363.540475408585
7063;2.78E4;0.00E0;1.36E-6;5.00E-5;0.00E0;0.00E0;4;0;-3162.72888043141;-207.049040608902;0;201.952587688793;85;61.4560523192195
7069;3.09E4;0.00E0;1.78E-6;5.00E-5;0.00E0;0.00E0;4;0;-2016.49204673393;-1825.09172815309;0;61.8728935558472;49;223.03897411978
7071;2.72E4;0.00E0;1.21E-6;5.00E-5;0.00E0;0.00E0;4;0;-2875.15830792695;-46.6781519472202;0;114.067819581884;84;106.554469387191
7075;4.81E4;0.00E0;1.46E-6;5.00E-5;0.00E0;0.00E0;4;0;-1507.6936690081;-1062.75930983934;0;134.61480814583;40;159.842360539202
7082;3.94E4;0.00E0;5.22E-7;5.00E-5;0.00E0;0.00E0;4;0;-1944.92011270911;-1621.68047155942;0;71.056771397422;47;247.903997711968
7083;2.56E4;0.00E0;1.05E-6;5.00E-5;0.00E0;0.00E0;4;0;-1408.88910446654;1751.35044875372;0;36.5847269554424;70;312.734680664521
7084;4.59E4;0.00E0;2.52E-6;5.00E-5;0.00E0;0.00E0;4;0;-3362.76292122326;-13.8863521401076;0;339.395065214423;83;60.4994627155392
7086;1.20E5;0.00E0;4.02E-6;5.00E-5;0.00E0;0.00E0;4;0;-690.316665277893;-1331.09709211161;0;531.190894958499;53;101.154537078996
7090;1.31E5;0.00E0;6.10E-6;5.00E-5;0.00E0;0.00E0;4;0;-3502.27033178103;1020.48659899077;0;829.950628873741;80;70.592608983506
7093;2.33E5;0.00E0;6.13E-6;5.00E-5;0.00E0;0.00E0;4;0;-3414.23712420863;1274.44313013995;0;965.522592734249;80;107.991024299851
7097;4.31E4;0.00E0;1.32E-6;5.00E-5;0.00E0;0.00E0;4;0;92.0826044170726;-196.818522835205;0;69.8548596584052;15;275.917442997883
7103;8.90E4;0.00E0;2.35E-6;5.00E-5;0.00E0;0.00E0;4;0;-2758.12548066569;-586.083800295303;0;359.221909580225;86;110.704401801648
7112;7.20E4;0.00E0;1.02E-6;5.00E-5;0.00E0;0.00E0;4;0;-713.519567043297;-60.357321029373;0;153.462735950202;22;209.770558906555
7121;5.61E4;0.00E0;3.34E-6;5.00E-5;0.00E0;0.00E0;4;0;-2179.90886657946;543.217593791686;0;253.488877057149;74;98.9826625522099
7127;1.64E5;0.00E0;2.64E-6;5.00E-5;0.00E0;0.00E0;4;0;-1298.64298855731;2191.47608728798;0;466.941110712692;70;157.232979588157
7130;2.02E4;0.00E0;4.10E-7;5.00E-5;0.00E0;0.00E0;4;0;-1289.59022291593;1601.60660891177;0;83.3884511818962;69;108.413383731038
7132;5.99E4;0.00E0;1.68E-6;5.00E-5;0.00E0;0.00E0;4;0;-2949.62883163579;717.541715267142;0;257.859832861305;80;103.838053733035
7137;4.99E4;0.00E0;2.63E-6;5.00E-5;0.00E0;0.00E0;4;0;-952.996884506694;-1283.11282585631;0;267.580796706408;53;83.3058336692553
7143;7.61E4;0.00E0;1.50E-6;5.00E-5;0.00E0;0.00E0;4;0;-1934.46464530909;518.777697160324;0;223.049167784091;73;152.554209850901
7146;6.08E4;0.00E0;4.28E-6;5.00E-5;0.00E0;0.00E0;4;0;750.67970119595;816.712624285795;0;302.451241556072;7;89.9359499948259
7147;8.30E4;0.00E0;1.44E-6;5.00E-5;0.00E0;0.00E0;4;0;-3544.37939166175;145.165693988703;0;494.368977735503;82;75.0873825194362
7151;3.80E4;0.00E0;2.04E-6;5.00E-5;0.00E0;0.00E0;4;0;-1916.35609925516;-63.1534197890983;0;280.430347882744;32;60.5280642439434
7152;5.79E4;0.00E0;2.67E-6;5.00E-5;0.00E0;0.00E0;4;0;-1046.85939567973;968.65251798997;0;363.309781257046;66;71.2403630294362
7156;4.51E4;0.00E0;1.98E-6;5.00E-5;0.00E0;0.00E0;4;0;82.4517692214258;-567.993333314836;0;212.086741139109;16;95.1667557994923
7168;2.48E4;0.00E0;1.41E-6;5.00E-5;0.00E0;0.00E0;4;0;6.746335252873;570.838697635195;0;148.266779770696;4;74.8510901446653
7170;6.65E4;0.00E0;3.79E-6;5.00E-5;0.00E0;0.00E0;4;0;-1606.40821596894;-2295.39028714932;0;447.827906704227;50;66.3975673098471
7172;5.47E4;0.00E0;2.26E-6;5.00E-5;0.00E0;0.00E0;4;0;-3371.9159280061;-161.876516570525;0;391.885808713199;84;62.3493050654896
7174;4.36E4;0.00E0;4.70E-7;5.00E-5;0.00E0;0.00E0;4;0;-1553.06548549802;43.3880429766978;0;45.0062694159114;57;432.738910322686
7179;3.43E4;0.00E0;1.59E-6;5.00E-5;0.00E0;0.00E0;4;0;88.2044832782558;1032.62895137275;0;199.265618603598;12;76.8439054161745
7186;6.42E4;0.00E0;4.50E-6;5.00E-5;0.00E0;0.00E0;4;0;-959.729050547317;-869.363750993238;0;409.467771759861;39;70.0934366504547
7193;9.98E3;0.00E0;1.42E-6;5.00E-5;0.00E0;0.00E0;4;0;-3104.85721765857;224.136248427841;0;59.4931678603921;82;75.0280203532668
7195;1.22E5;0.00E0;1.37E-6;5.00E-5;0.00E0;0.00E0;4;0;-2066.50137855958;-1669.49545654767;0;130.984428356873;47;418.080955384123
7199;1.41E4;0.00E0;8.17E-7;5.00E-5;0.00E0;0.00E0;4;0;-2988.31754646048;463.724567375696;0;94.1193312332978;81;67.1387327875443
7207;2.76E4;0.00E0;1.11E-6;5.00E-5;0.00E0;0.00E0;4;0;-1709.68279915911;878.662187606379;0;170.085529035997;63;72.5318949227785
7208;4.00E4;0.00E0;9.73E-7;5.00E-5;0.00E0;0.00E0;4;0;361.185729537629;514.673609903707;0;195.379855643869;5;91.4521512681103
7213;5.93E4;0.00E0;1.18E-6;5.00E-5;0.00E0;0.00E0;4;0;-852.034869218235;-92.6190789208454;0;185.207737602745;25;143.155706868297
7238;8.73E4;0.00E0;2.64E-6;5.00E-5;0.00E0;0.00E0;4;0;-1084.91518800904;1210.66730554987;0;187.820779722612;66;207.772708101738
7260;9.15E3;0.00E0;1.90E-6;5.00E-5;0.00E0;0.00E0;4;0;-835.49922618793;-242.779368277949;0;48.9535543320298;24;83.5886213435416
7267;3.61E4;0.00E0;1.78E-6;5.00E-5;0.00E0;0.00E0;4;0;-2375.07497994533;508.315974070958;0;230.868255193448;77;69.906491891112
7269;5.00E4;0.00E0;2.98E-6;5.00E-5;0.00E0;0.00E0;4;0;-1267.92417253556;-475.725436856193;0;237.084850352635;29;94.231533937975
7277;1.17E5;0.00E0;2.65E-6;5.00E-5;0.00E0;0.00E0;4;0;-336.640943806613;1488.01248650922;0;671.679755896989;11;77.7718371912018
7281;8.33E4;0.00E0;6.15E-7;5.00E-5;0.00E0;0.00E0;4;0;-1851.03420116936;150.327425693607;0;153.920119073485;73;241.879241409446
7283;8.00E4;0.00E0;4.24E-6;5.00E-5;0.00E0;0.00E0;4;0;-1311.14379105591;-1145.98516620647;0;76.9019857190824;40;464.880467240811
7284;6.79E4;0.00E0;3.29E-6;5.00E-5;0.00E0;0.00E0;4;0;-2164.99733410183;-704.676898011417;0;486.967969006409;32;62.3643101156352
7285;1.38E5;0.00E0;6.57E-6;5.00E-5;0.00E0;0.00E0;4;0;-1819.78566216607;93.8969677474665;0;152.075859250793;58;405.071372363461
7286;9.42E4;0.00E0;5.50E-6;5.00E-5;0.00E0;0.00E0;4;0;-612.334699664739;-648.99893963127;0;378.994718958364;23;111.171384920671
7287;9.40E4;0.00E0;3.51E-6;5.00E-5;0.00E0;0.00E0;4;0;-1697.32122986789;-2662.29073819056;0;699.729966552641;51;60.0535873379892
7288;5.56E4;0.00E0;1.38E-6;5.00E-5;0.00E0;0.00E0;4;0;-1233.4875412176;-719.449947615078;0;155.40178704142;37;160.089493584598
7296;8.70E4;0.00E0;1.06E-6;5.00E-5;0.00E0;0.00E0;4;0;340.142985660586;568.542986449359;0;151.229111681642;5;257.212776454085
7298;7.05E4;0.00E0;3.67E-6;5.00E-5;0.00E0;0.00E0;4;0;-3421.07747849159;-156.950384319578;0;435.983504290122;84;72.2607324314605
7301;5.40E4;0.00E0;1.03E-6;5.00E-5;0.00E0;0.00E0;4;0;-1638.45259047203;1940.91526119441;0;181.080157227469;71;133.357641256889
7307;5.94E4;0.00E0;8.40E-7;5.00E-5;0.00E0;0.00E0;4;0;-1787.96735704714;-1050.10899723727;0;408.567935258869;40;65.0017924660344
7314;2.50E4;0.00E0;2.75E-6;5.00E-5;0.00E0;0.00E0;4;0;-1353.94698661742;-118.908918600885;0;129.479066599889;28;86.4649804371196
7317;6.50E4;0.00E0;2.22E-6;5.00E-5;0.00E0;0.00E0;4;0;-1743.14967651993;-781.586024913864;0;238.309020871949;36;121.88802771145
7330;4.63E4;0.00E0;2.08E-6;5.00E-5;0.00E0;0.00E0;4;0;-94.3184565585825;1042.41666292382;0;327.320431300292;12;63.2197246759992
7336;4.43E4;0.00E0;1.33E-6;5.00E-5;0.00E0;0.00E0;4;0;-1699.39809188473;-1677.84293309612;0;114.466302910683;46;173.043900123917
7342;1.02E5;0.00E0;4.60E-6;5.00E-5;0.00E0;0.00E0;4;0;-2204.15577642359;-366.020538365446;0;357.595103333346;32;127.204350877322
7343;2.83E4;0.00E0;2.54E-6;5.00E-5;0.00E0;0.00E0;4;0;-1096.54677763092;1240.43686144453;0;170.520212134171;67;74.2733836584274
7364;3.14E4;0.00E0;2.78E-6;5.00E-5;0.00E0;0.00E0;4;0;-847.407656914263;-188.741549764614;0;97.2063574712031;25;144.241312693727
7366;2.79E4;0.00E0;2.36E-6;5.00E-5;0.00E0;0.00E0;4;0;264.84528923868;1140.62865346625;0;81.3217131546198;10;153.342328313115
7369;2.96E4;0.00E0;6.39E-7;5.00E-5;0.00E0;0.00E0;4;0;-2080.70112766531;-2157.1253064673;0;133.727500484909;52;99.1105374674718
7375;3.79E4;0.00E0;1.50E-6;5.00E-5;0.00E0;0.00E0;4;0;-192.978699184621;-95.6213854122552;0;100.10522028278;18;169.093686617136
7377;4.61E4;0.00E0;9.61E-7;5.00E-5;0.00E0;0.00E0;4;0;-1435.20856694797;-1017.64788950214;0;76.541172549193;40;269.111750029808
7386;7.74E4;0.00E0;4.66E-6;5.00E-5;0.00E0;0.00E0;4;0;-1450.96946505877;999.472226909233;0;71.7695390023917;64;482.418753258245
7387;4.90E4;0.00E0;1.09E-6;5.00E-5;0.00E0;0.00E0;4;0;-1696.68003726043;1403.55447369653;0;347.023314253242;65;63.1589175416206
7393;2.65E4;0.00E0;2.63E-6;5.00E-5;0.00E0;0.00E0;4;0;98.9654269816892;542.917934136855;0;52.4693781957604;4;226.06634682919
7400;2.34E4;0.00E0;5.72E-7;5.00E-5;0.00E0;0.00E0;4;0;528.100804227183;951.543484368046;0;88.8151724601478;8;117.681977166067
7402;3.81E4;0.00E0;1.26E-6;5.00E-5;0.00E0;0.00E0;4;0;-263.489800349081;-96.890820286711;0;108.141256011122;19;157.397652152231
7406;4.77E4;0.00E0;3.18E-6;5.00E-5;0.00E0;0.00E0;4;0;-2156.80786715596;397.549313150202;0;107.401944591474;74;198.698428676204
7411;9.23E4;0.00E0;4.32E-6;5.00E-5;0.00E0;0.00E0;4;0;-964.233967223104;384.050652994666;0;581.583533614416;26;70.9382621195509
7417;3.58E4;0.00E0;1.22E-6;5.00E-5;0.00E0;0.00E0;4;0;-2165.17792043316;357.514354409856;0;67.252943134361;74;237.840795341266
7420;2.34E4;0.00E0;1.80E-6;5.00E-5;0.00E0;0.00E0;4;0;-1453.52813160243;600.511349649646;0;84.7114719629521;61;123.40944052673
7423;3.33E4;0.00E0;1.10E-6;5.00E-5;0.00E0;0.00E0;4;0;330.412255406906;1503.50605025082;0;228.817238991367;11;65.0413239193081
7437;6.14E4;0.00E0;3.22E-6;5.00E-5;0.00E0;0.00E0;4;0;-1662.57284403682;1167.24349964193;0;167.93387429187;64;163.390404727119
7453;3.61E4;0.00E0;1.36E-6;5.00E-5;0.00E0;0.00E0;4;0;544.364592317947;1142.09774141509;0;151.517282679983;9;106.372269515566
7454;6.23E4;0.00E0;9.92E-7;5.00E-5;0.00E0;0.00E0;4;0;-1048.32575884356;-1696.63961905116;0;419.712125374613;43;66.3186719317094
7456;8.96E4;0.00E0;4.44E-6;5.00E-5;0.00E0;0.00E0;4;0;-800.165090314133;-723.428148089224;0;432.953021701262;24;92.5259037265997
7466;4.96E4;0.00E0;1.11E-6;5.00E-5;0.00E0;0.00E0;4;0;-1494.1101560495;1209.27035673514;0;66.3448691103848;65;334.002355477622
7473;8.30E4;0.00E0;2.94E-6;5.00E-5;0.00E0;0.00E0;4;0;-1121.52922498784;1685.70103453221;0;271.094175339797;69;136.892783567488
7492;4.97E4;0.00E0;5.02E-6;5.00E-5;0.00E0;0.00E0;4;0;-1050.0203755625;1734.55009048626;0;356.236049209971;69;62.3192061412564
7509;7.17E4;0.00E0;1.49E-6;5.00E-5;0.00E0;0.00E0;4;0;-3076.49414024136;506.892108113375;0;192.270101656959;81;166.705360677635
7512;3.61E4;0.00E0;1.15E-6;5.00E-5;0.00E0;0.00E0;4;0;-607.30052145198;9.2697603050774;0;125.810312873793;21;128.229957634236
7517;4.05E4;0.00E0;3.90E-6;5.00E-5;0.00E0;0.00E0;4;0;-1233.52045246956;-256.287149722389;0;40.0783875266373;28;451.718913003844
7522;3.72E4;0.00E0;3.71E-6;5.00E-5;0.00E0;0.00E0;4;0;-1728.05851649023;-578.532894651746;0;96.7491408515497;35;172.101514802539
7530;5.57E4;0.00E0;7.03E-7;5.00E-5;0.00E0;0.00E0;4;0;-946.982877463746;1015.45614724361;0;401.245635717357;66;62.0881915774433
7534;1.57E5;0.00E0;3.92E-6;5.00E-5;0.00E0;0.00E0;4;0;-1074.97262906325;848.152201812072;0;452.385502515468;66;154.836638572334
7538;7.82E4;0.00E0;4.42E-6;5.00E-5;0.00E0;0.00E0;4;0;-1123.55792757336;-510.234535215916;0;303.571225627444;26;115.143135365329
7543;1.40E5;0.00E0;3.78E-6;5.00E-5;0.00E0;0.00E0;4;0;321.505308812309;1963.02684933558;0;686.736046993324;11;91.067659348275
7544;3.39E4;0.00E0;5.10E-6;5.00E-5;0.00E0;0.00E0;4;0;-488.139683607198;43.6429436086287;0;76.7858369394759;20;197.222307021082
7553;9.95E4;0.00E0;2.92E-6;5.00E-5;0.00E0;0.00E0;4;0;-1414.22185013211;573.19880744907;0;130.827640523522;61;340.142692021889
7554;3.81E4;0.00E0;8.23E-7;5.00E-5;0.00E0;0.00E0;4;0;-124.955717380261;582.969827772449;0;279.857078101947;4;60.9410903320018
7565;2.66E4;0.00E0;1.60E-6;5.00E-5;0.00E0;0.00E0;4;0;-1579.36380100038;681.438538331233;0;36.7768405724585;62;323.816315484969
7566;3.94E4;0.00E0;2.56E-6;5.00E-5;0.00E0;0.00E0;4;0;-3073.11512010989;-277.710672122019;0;152.322462560554;86;115.525452382719
7570;9.45E4;0.00E0;4.43E-6;5.00E-5;0.00E0;0.00E0;4;0;709.198393067885;857.656541530822;0;256.653635683443;7;164.67330003152
7571;4.24E4;0.00E0;1.43E-6;5.00E-5;0.00E0;0.00E0;4;0;-1481.59813788434;-1756.07698068329;0;262.384141693655;44;72.2269934163496
7575;1.12E5;0.00E0;7.15E-6;5.00E-5;0.00E0;0.00E0;4;0;230.053612216475;-1175.48194710015;0;830.451035124596;16;60.229634128028
7576;3.92E4;0.00E0;3.64E-7;5.00E-5;0.00E0;0.00E0;4;0;-1646.78694844839;-1279.50570399811;0;233.320906189261;45;75.1429639499776
7578;3.22E4;0.00E0;1.30E-6;5.00E-5;0.00E0;0.00E0;4;0;-146.276502117627;39.7027823476301;0;39.5697902754054;18;363.33622414841
7585;1.19E5;0.00E0;1.55E-6;5.00E-5;0.00E0;0.00E0;4;0;-2146.95631020596;2056.1175651099;0;644.489118956281;71;82.3017210599346
7592;5.92E4;0.00E0;2.65E-6;5.00E-5;0.00E0;0.00E0;4;0;-1404.00135543282;-1635.27709961017;0;148.005353342757;44;178.961770185672
7594;3.95E4;0.00E0;1.42E-6;5.00E-5;0.00E0;0.00E0;4;0;-2447.47893185118;489.153800316717;0;163.183296957313;77;108.191986963275
7596;7.89E4;0.00E0;1.28E-6;5.00E-5;0.00E0;0.00E0;4;0;-627.598191295182;-635.880281739118;0;362.355306197801;23;97.3699879881476
7598;3.33E4;0.00E0;1.01E-6;5.00E-5;0.00E0;0.00E0;4;0;-539.69967170118;-299.352450260346;0;134.416269997987;22;110.645308607158
7601;1.22E5;0.00E0;1.90E-6;5.00E-5;0.00E0;0.00E0;4;0;535.491856710836;756.169315173218;0;133.720379044626;7;406.830552926755
7602;2.58E4;0.00E0;1.86E-6;5.00E-5;0.00E0;0.00E0;4;0;-1799.27205164695;-1960.27139292911;0;140.286337535903;50;82.1612502218262
7636;7.00E4;0.00E0;3.91E-6;5.00E-5;0.00E0;0.00E0;4;0;-84.039343017786;-493.708987927251;0;123.482981079841;16;253.272816222098
7640;6.59E4;0.00E0;2.21E-6;5.00E-5;0.00E0;0.00E0;4;0;280.600544907857;1438.58478779147;0;163.25176676804;11;180.478333109889
7644;3.64E4;0.00E0;1.34E-6;5.00E-5;0.00E0;0.00E0;4;0;-2130.94726515205;-1592.93695643084;0;222.598956679664;47;73.1853474877557
7647;2.53E4;0.00E0;1.65E-6;5.00E-5;0.00E0;0.00E0;4;0;-1786.55546228729;416.752276853572;0;104.565845864268;72;108.034247836584
7654;9.17E4;0.00E0;2.18E-6;5.00E-5;0.00E0;0.00E0;4;0;-1222.35043559381;1513.41252807685;0;106.889712973869;68;383.691436797591
7660;3.66E4;0.00E0;3.78E-6;5.00E-5;0.00E0;0.00E0;4;0;-2368.93530616528;184.816083052671;0;67.141259176576;76;243.601360832502
7661;1.07E5;0.00E0;1.72E-6;5.00E-5;0.00E0;0.00E0;4;0;-1190.10473538968;39.6133509391825;0;224.204449662345;26;213.534004370881
7678;2.24E4;0.00E0;6.19E-7;5.00E-5;0.00E0;0.00E0;4;0;-667.060266705677;-342.436740623287;0;76.0879477587555;23;131.507620103637
7683;4.68E4;0.00E0;1.90E-6;5.00E-5;0.00E0;0.00E0;4;0;32.4318728787703;766.815708489601;0;162.675979375496;12;128.607953107447
7694;7.20E4;0.00E0;1.51E-6;5.00E-5;0.00E0;0.00E0;4;0;-1545.6257429218;-910.712825115838;0;177.298322670926;39;181.444591558287
7708;3.18E4;0.00E0;1.37E-6;5.00E-5;0.00E0;0.00E0;4;0;-1484.79513095199;-477.267270400627;0;160.487412394256;36;88.5934609979345
7718;1.42E4;0.00E0;2.06E-6;5.00E-5;0.00E0;0.00E0;4;0;517.87019363755;868.114211616482;0;65.0776603664064;7;97.543144912172
7742;3.60E4;0.00E0;5.82E-7;5.00E-5;0.00E0;0.00E0;4;0;-988.473909254272;48.8792294638838;0;260.423451532594;26;61.8699861522215
7743;4.55E4;0.00E0;8.94E-7;5.00E-5;0.00E0;0.00E0;4;0;-197.215160229177;-445.700013781622;0;182.43870216676;16;111.521769366057
7744;4.78E4;0.00E0;3.16E-6;5.00E-5;0.00E0;0.00E0;4;0;-1657.43737874158;-709.47226200649;0;128.807422593167;36;166.033464613681
7749;9.20E4;0.00E0;2.47E-6;5.00E-5;0.00E0;0.00E0;4;0;-1877.90516425231;-1564.22989667627;0;73.3936270556368;47;560.289427441367
7752;3.98E4;0.00E0;1.48E-6;5.00E-5;0.00E0;0.00E0;4;0;-3041.47136152563;392.832166441095;0;112.661421137925;81;157.773739901265
7753;2.04E5;0.00E0;1.03E-5;5.00E-5;0.00E0;0.00E0;4;0;903.958127585001;1397.83867445481;0;585.239104159305;9;155.952239018924
7756;1.06E5;0.00E0;2.10E-6;5.00E-5;0.00E0;0.00E0;4;0;-915.07253978949;-1685.00360243888;0;495.007777939296;53;95.670326099507
7767;3.59E4;0.00E0;9.67E-7;5.00E-5;0.00E0;0.00E0;4;0;-2352.15301075954;177.789788245638;0;70.902749674517;76;226.617685416442
7771;3.65E4;0.00E0;4.01E-6;5.00E-5;0.00E0;0.00E0;4;0;-2359.75993213884;533.670319849299;0;258.437827225319;77;63.0940556957668
7775;2.65E4;0.00E0;1.06E-6;5.00E-5;0.00E0;0.00E0;4;0;-1517.95585778761;-1163.53646998239;0;128.805597603818;41;91.9569258094044
7776;4.17E4;0.00E0;1.56E-6;5.00E-5;0.00E0;0.00E0;4;0;-1738.42436622815;612.471371013168;0;177.091266996366;61;105.35196903821
7778;8.67E4;0.00E0;4.58E-6;5.00E-5;0.00E0;0.00E0;4;0;-717.102102173918;-653.521122512764;0;368.206916430092;24;105.211448581581
7781;4.97E4;0.00E0;1.86E-6;5.00E-5;0.00E0;0.00E0;4;0;-2066.0490321412;394.59078288921;0;107.832009284005;74;205.887537672453
7782;9.03E4;0.00E0;2.30E-6;5.00E-5;0.00E0;0.00E0;4;0;-2725.96471189771;979.91443450859;0;484.984364340496;79;83.2346900100392
7794;4.03E4;0.00E0;1.74E-6;5.00E-5;0.00E0;0.00E0;4;0;324.012965222662;1491.47428774353;0;216.113786452123;11;83.4161203546302
7803;1.13E5;0.00E0;4.58E-6;5.00E-5;0.00E0;0.00E0;4;0;-1780.42419961626;-2508.51603048561;0;524.990213515698;51;96.5863507051725
7805;2.36E5;0.00E0;2.07E-6;5.00E-5;0.00E0;0.00E0;4;0;-1962.54900251703;-485.885266671451;0;189.421726376176;32;556.757392322677
7810;7.29E4;0.00E0;1.45E-6;5.00E-5;0.00E0;0.00E0;4;0;-2499.89696329977;-372.854863748405;0;410.004356153202;86;79.4548236559707
7817;5.44E4;0.00E0;1.81E-6;5.00E-5;0.00E0;0.00E0;4;0;-413.922208408213;330.980238003395;0;318.414807922292;19;76.3504163887808
7818;2.17E4;0.00E0;6.72E-7;5.00E-5;0.00E0;0.00E0;4;0;445.071332344024;1301.52462405506;0;145.078357983412;11;66.8834919795223
7819;6.25E4;0.00E0;4.73E-6;5.00E-5;0.00E0;0.00E0;4;0;-2200.91706107633;-2000.16792954486;0;109.417389115364;52;255.180069638806
7820;4.13E4;0.00E0;4.91E-7;5.00E-5;0.00E0;0.00E0;4;0;-427.301137354412;140.075982291553;0;133.881390214919;19;138.003855169633
7822;3.71E4;0.00E0;1.23E-6;5.00E-5;0.00E0;0.00E0;4;0;-1095.30410484815;-1448.44955104373;0;197.683481327368;53;83.9338856923511
7823;2.93E4;0.00E0;2.15E-6;5.00E-5;0.00E0;0.00E0;4;0;-2112.13764636733;104.724768853012;0;183.551874030134;74;71.3056066963742
7829;4.60E4;0.00E0;6.63E-7;5.00E-5;0.00E0;0.00E0;4;0;-155.724046404062;593.441714506381;0;311.97221444895;4;65.8677870990173
7831;8.85E4;0.00E0;2.02E-6;5.00E-5;0.00E0;0.00E0;4;0;-3149.64898294617;-398.520635617189;0;289.683128832092;86;136.522711067504
7832;6.13E4;0.00E0;1.38E-6;5.00E-5;0.00E0;0.00E0;4;0;-3485.25921626879;143.899483648259;0;435.749114648132;82;62.9283575166774
7837;5.51E4;0.00E0;2.17E-6;5.00E-5;0.00E0;0.00E0;4;0;560.391946466853;340.777707086435;0;397.641860621904;3;61.9975138598262
7848;9.57E4;0.00E0;2.56E-6;5.00E-5;0.00E0;0.00E0;4;0;-1096.18858128571;1955.06368525886;0;407.753217359361;70;104.951477974101
7854;2.21E5;0.00E0;1.41E-6;5.00E-5;0.00E0;0.00E0;4;0;537.63503856629;-1639.14919369268;0;1374.43053807485;16;71.8029691436575
7859;1.13E4;0.00E0;1.45E-6;5.00E-5;0.00E0;0.00E0;4;0;-973.82138817573;-320.918875560215;0;71.636701525416;25;70.7501999795172
7869;1.13E5;0.00E0;1.16E-6;5.00E-5;0.00E0;0.00E0;4;0;-2581.43764068598;-1951.14730184872;0;492.357306575184;52;102.818413514775
7873;2.19E5;0.00E0;5.31E-6;5.00E-5;0.00E0;0.00E0;4;0;-1824.16804736422;-2887.17126712149;0;869.066223818558;51;112.655904612935
7882;9.70E4;0.00E0;2.72E-6;5.00E-5;0.00E0;0.00E0;4;0;-3145.84076296853;148.584292965064;0;99.5165593883104;83;435.716479011796
7883;2.18E4;0.00E0;5.28E-7;5.00E-5;0.00E0;0.00E0;4;0;-1471.08536419625;1903.81576822703;0;146.572043389617;71;66.577151404028
7884;2.87E4;0.00E0;4.12E-7;5.00E-5;0.00E0;0.00E0;4;0;356.655889728057;1449.08781253184;0;181.275383633263;11;70.8417814393054
7894;3.97E4;0.00E0;4.67E-6;5.00E-5;0.00E0;0.00E0;4;0;-2247.76302632537;-1929.73280327097;0;171.293808683133;52;103.708493841018
7901;3.71E4;0.00E0;4.37E-6;5.00E-5;0.00E0;0.00E0;4;0;-3110.01632942429;90.8365411287518;0;73.2715845362139;83;226.289733015182
7911;2.71E4;0.00E0;5.86E-7;5.00E-5;0.00E0;0.00E0;4;0;-178.151418794196;-367.001682030338;0;154.129541528681;16;78.7107900080563
7929;8.70E4;0.00E0;8.21E-7;5.00E-5;0.00E0;0.00E0;4;0;-1650.44764716151;-2449.3044864087;0;538.998133701105;50;72.1553290977833
7941;5.72E4;0.00E0;2.94E-6;5.00E-5;0.00E0;0.00E0;4;0;-1998.97019924767;-2131.53732411255;0;93.5330953987427;51;273.180929031627
7943;1.01E5;0.00E0;2.31E-6;5.00E-5;0.00E0;0.00E0;4;0;-2880.40065147467;-368.518220174883;0;116.387693253989;86;388.399726194918
7953;3.12E4;0.00E0;4.37E-6;5.00E-5;0.00E0;0.00E0;4;0;-1929.86149733929;-1885.74017710932;0;43.8737292268734;49;317.452635666751
7961;3.53E4;0.00E0;1.09E-6;5.00E-5;0.00E0;0.00E0;4;0;-2120.10693247443;-1520.12976709566;0;260.930900990092;47;60.5052692754122
7962;6.09E4;0.00E0;8.49E-7;5.00E-5;0.00E0;0.00E0;4;0;-1026.47582023962;1732.53103132299;0;376.962615395902;69;72.2471850104959
7973;4.32E4;0.00E0;8.82E-7;5.00E-5;0.00E0;0.00E0;4;0;11.8891785340215;-550.598044461163;0;169.483664228145;16;113.851099541533
7995;4.92E4;0.00E0;1.94E-6;5.00E-5;0.00E0;0.00E0;4;0;-3159.45582335403;507.491627771918;0;267.842680586834;81;82.0649931923139
8007;1.09E5;0.00E0;2.27E-6;5.00E-5;0.00E0;0.00E0;4;0;-3504.96707279349;-622.055940941024;0;704.25187256243;85;69.0650365050638
8012;2.11E4;0.00E0;7.80E-7;5.00E-5;0.00E0;0.00E0;4;0;159.00644577126;108.362435793259;0;129.660423323236;1;72.7870740710261
8016;7.22E4;0.00E0;9.08E-7;5.00E-5;0.00E0;0.00E0;4;0;-2490.7498886432;715.48871050569;0;307.770404037668;78;104.923336745998
8019;4.19E4;0.00E0;1.03E-6;5.00E-5;0.00E0;0.00E0;4;0;-1363.52138201535;1910.58153368155;0;182.290505348851;70;102.708917890426
8037;5.23E4;0.00E0;2.39E-6;5.00E-5;0.00E0;0.00E0;4;0;-1899.0412019665;-2275.12071203155;0;263.185304316428;51;88.8995603500648
8049;1.91E4;0.00E0;7.95E-7;5.00E-5;0.00E0;0.00E0;4;0;-1327.92269997124;-1062.8691578817;0;38.8598416659136;40;219.709820199641
8052;4.28E4;0.00E0;8.91E-7;5.00E-5;0.00E0;0.00E0;4;0;-1946.14476864511;126.077446264;0;162.977747539204;73;117.465471762528
8054;5.87E4;0.00E0;1.93E-6;5.00E-5;0.00E0;0.00E0;4;0;-2345.17059563944;-1800.76499073545;0;322.495772075947;52;81.4031712167916
8057;5.36E4;0.00E0;2.57E-6;5.00E-5;0.00E0;0.00E0;4;0;33.8661938445762;-534.03606616523;0;160.091182168341;16;149.63862367149
8062;6.48E4;0.00E0;1.41E-6;5.00E-5;0.00E0;0.00E0;4;0;-1670.39083785185;988.827476995155;0;144.318512243743;64;200.601169489841
8071;2.32E4;0.00E0;4.28E-7;5.00E-5;0.00E0;0.00E0;4;0;-1686.3787615625;-268.157466228316;0;37.7574434224726;31;274.338612907718
8083;1.26E5;0.00E0;2.75E-6;5.00E-5;0.00E0;0.00E0;4;0;636.880869729457;727.083238655171;0;232.457452906384;7;241.676332642497
8103;2.06E4;0.00E0;6.71E-7;5.00E-5;0.00E0;0.00E0;4;0;-2949.05836566256;-314.872289486903;0;84.4539658349914;86;108.991730999041
8104;1.36E5;0.00E0;2.47E-6;5.00E-5;0.00E0;0.00E0;4;0;-2236.84884200836;-1035.83476490546;0;710.578113924748;46;85.6749844580751
8117;1.91E4;0.00E0;7.81E-7;5.00E-5;0.00E0;0.00E0;4;0;-1066.18987771031;-247.471614870094;0;41.0907580210337;26;207.75145296658
8120;2.38E4;0.00E0;1.04E-6;5.00E-5;0.00E0;0.00E0;4;0;-189.416429161238;-411.151828438254;0;166.353197419192;16;63.8467851355725
8141;3.26E4;0.00E0;3.81E-6;5.00E-5;0.00E0;0.00E0;4;0;-1529.5506830954;36.8579879802414;0;59.6891833287868;57;244.312572763082
8149;2.44E4;0.00E0;1.11E-6;5.00E-5;0.00E0;0.00E0;4;0;499.747235131638;1085.94703819175;0;93.8049737804983;9;116.172301974898
8150;6.39E4;0.00E0;1.66E-6;5.00E-5;0.00E0;0.00E0;4;0;-2628.95626649837;189.596875727804;0;163.90166357895;77;174.157905624314
8151;6.77E4;0.00E0;1.69E-6;5.00E-5;0.00E0;0.00E0;4;0;-647.775816334255;88.3362629061176;0;210.836895892363;21;143.548109122502
8154;2.48E4;0.00E0;1.39E-6;5.00E-5;0.00E0;0.00E0;4;0;251.858557411541;884.445027915423;0;86.2567700005016;12;128.351461069455
8170;1.52E5;0.00E0;3.72E-6;5.00E-5;0.00E0;0.00E0;4;0;1184.02581395138;101.75536560412;0;1046.53567458522;6;64.9360321049714
8172;1.85E5;0.00E0;2.82E-6;5.00E-5;0.00E0;0.00E0;4;0;-1981.84750900269;-988.627971433384;0;549.465167125649;35;150.149974291193
8174;4.13E4;0.00E0;7.14E-7;5.00E-5;0.00E0;0.00E0;4;0;-1193.22039116164;-1082.49463300757;0;173.982783586042;40;106.169046015392
8180;3.45E4;0.00E0;8.34E-7;5.00E-5;0.00E0;0.00E0;4;0;-1697.93804538431;-1947.79450394256;0;242.05137641711;50;63.808192194732
8198;5.17E4;0.00E0;1.35E-6;5.00E-5;0.00E0;0.00E0;4;0;-1483.06984867798;-1845.86815615728;0;351.786912482902;44;65.6871276555201
8201;1.47E5;0.00E0;3.04E-6;5.00E-5;0.00E0;0.00E0;4;0;-1815.00107931965;2304.01480698377;0;584.677405474659;71;112.10855453156
8205;3.13E4;0.00E0;5.20E-6;5.00E-5;0.00E0;0.00E0;4;0;-535.520181115593;-229.973595774167;0;92.1363348816914;22;151.807151324574
8207;5.59E4;0.00E0;2.24E-6;5.00E-5;0.00E0;0.00E0;4;0;-1525.86623024139;-1251.09441875454;0;147.444658736956;41;169.516728584731
8227;6.41E4;0.00E0;5.61E-6;5.00E-5;0.00E0;0.00E0;4;0;-2411.04191526263;320.277562896058;0;58.0470995946883;76;493.665778179676
8231;4.90E4;0.00E0;1.29E-6;5.00E-5;0.00E0;0.00E0;4;0;-336.232519220277;-208.637598761201;0;217.426299432661;20;100.844282368732
8233;2.36E4;0.00E0;2.42E-7;5.00E-5;0.00E0;0.00E0;4;0;-2052.35856658627;214.895827748066;0;71.2269676062397;74;147.925614327669
8240;6.49E4;0.00E0;1.49E-6;5.00E-5;0.00E0;0.00E0;4;0;-3378.71016346815;-318.082674535356;0;440.136247377789;85;65.9353841892276
8241;1.45E5;0.00E0;4.51E-6;5.00E-5;0.00E0;0.00E0;4;0;-2433.96313844638;-1228.24370298146;0;689.11743939433;47;94.1248624041535
8242;5.49E4;0.00E0;1.86E-6;5.00E-5;0.00E0;0.00E0;4;0;-1740.45921115358;-2120.27063712463;0;233.719520292693;50;105.06819976784
8253;2.28E4;0.00E0;1.05E-6;5.00E-5;0.00E0;0.00E0;4;0;-1179.16397699277;1451.10438357861;0;111.064661575919;68;91.644336452242
8254;4.48E4;0.00E0;1.43E-6;5.00E-5;0.00E0;0.00E0;4;0;40.498331520957;738.419251770619;0;168.501626644463;12;118.855931145619
8255;4.35E4;0.00E0;2.82E-6;5.00E-5;0.00E0;0.00E0;4;0;-3196.22702835239;-392.855871191689;0;320.824062903552;86;60.6102807416376
8258;1.19E5;0.00E0;1.53E-6;5.00E-5;0.00E0;0.00E0;4;0;-364.225525785418;1105.21562969061;0;592.862837160337;12;89.5905633572517
8260;8.77E4;0.00E0;3.04E-6;5.00E-5;0.00E0;0.00E0;4;0;-1917.97177562658;553.71390955197;0;254.97181529365;73;153.74890212407
8262;3.11E4;0.00E0;1.33E-6;5.00E-5;0.00E0;0.00E0;4;0;-1472.70179169688;1915.92354147519;0;158.080366838781;71;88.0765354068008
8263;6.96E4;0.00E0;2.80E-6;5.00E-5;0.00E0;0.00E0;4;0;513.127912440031;310.486913797211;0;356.13273692449;3;87.4215241512251
8265;4.63E4;0.00E0;9.16E-7;5.00E-5;0.00E0;0.00E0;4;0;-1131.79372611735;132.150050617622;0;307.127428023069;26;67.3976106949646
8267;5.18E4;0.00E0;3.08E-6;5.00E-5;0.00E0;0.00E0;4;0;-1486.28530721906;-456.73951055373;0;159.30609807625;34;145.250044665541
8273;3.27E4;0.00E0;2.45E-6;5.00E-5;0.00E0;0.00E0;4;0;-1256.22172040965;1552.18175839703;0;93.9691007778008;69;155.643950870607
8278;4.13E4;0.00E0;2.02E-6;5.00E-5;0.00E0;0.00E0;4;0;-1618.84928703191;1746.3743050903;0;58.6751102995949;71;314.493103462502
8279;2.72E4;0.00E0;6.57E-7;5.00E-5;0.00E0;0.00E0;4;0;-1494.34486213781;-1447.90386296348;0;45.8442610963898;44;265.422883130902
8280;6.10E4;0.00E0;8.43E-7;5.00E-5;0.00E0;0.00E0;4;0;218.33809864574;874.68407106217;0;51.9860382035248;12;524.820640317095
8286;8.58E4;0.00E0;1.65E-6;5.00E-5;0.00E0;0.00E0;4;0;-2200.6931656088;1831.6793902629;0;635.977854008159;71;60.286891681989
8296;3.30E4;0.00E0;3.29E-6;5.00E-5;0.00E0;0.00E0;4;0;-2930.46124722815;68.4608742109917;0;100.488481659657;83;146.904923855508
8300;4.80E4;0.00E0;1.47E-6;5.00E-5;0.00E0;0.00E0;4;0;-3128.60981526452;25.3377486542154;0;101.985575646899;83;210.525490077931
8310;4.49E4;0.00E0;1.08E-6;5.00E-5;0.00E0;0.00E0;4;0;498.926179122664;809.543442823027;0;72.5409012200312;7;276.691751250841
8311;4.15E4;0.00E0;2.91E-6;5.00E-5;0.00E0;0.00E0;4;0;-1257.52148413969;-1203.74607609089;0;94.7159391682956;53;196.01858327178
8312;3.30E4;0.00E0;4.79E-7;5.00E-5;0.00E0;0.00E0;4;0;-1829.52156316248;-1760.60057142179;0;109.530363462215;47;134.785526036177
8314;1.33E5;0.00E0;2.72E-6;5.00E-5;0.00E0;0.00E0;4;0;-2586.27998613787;1360.50077714914;0;881.007308187605;79;67.5772823168759
8322;2.68E4;0.00E0;2.49E-6;5.00E-5;0.00E0;0.00E0;4;0;201.781664974106;-46.344990710646;0;134.019640285788;13;89.4728216189091
8332;1.31E5;0.00E0;7.96E-6;5.00E-5;0.00E0;0.00E0;4;0;-1587.65791075616;2120.54121780552;0;346.739364933147;71;168.414824483203
8335;6.70E4;0.00E0;1.51E-6;5.00E-5;0.00E0;0.00E0;4;0;-61.0725880731743;-183.615585749738;0;83.7898675222829;15;357.541974211638
8337;3.64E4;0.00E0;6.22E-7;5.00E-5;0.00E0;0.00E0;4;0;-1687.53252935868;-24.7807665410464;0;103.1758719064;57;157.511914414952
8338;3.61E4;0.00E0;2.80E-6;5.00E-5;0.00E0;0.00E0;4;0;81.1088552971996;790.788491705764;0;108.424623406562;12;148.941087690619
8354;9.74E4;0.00E0;2.76E-6;5.00E-5;0.00E0;0.00E0;4;0;590.358774477;-178.016359774961;0;541.820854161874;13;80.3230031535739
8367;4.06E4;0.00E0;4.30E-7;5.00E-5;0.00E0;0.00E0;4;0;-2414.31496208569;321.54458004686;0;58.6792081412749;76;309.526569008389
8370;3.65E4;0.00E0;1.02E-6;5.00E-5;0.00E0;0.00E0;4;0;-1448.16991932392;564.892161461004;0;103.82472240603;61;157.367002014145
8380;6.54E4;0.00E0;1.28E-6;5.00E-5;0.00E0;0.00E0;4;0;-134.438185329683;-737.946524484008;0;369.303329671877;16;79.1814902688866
8382;6.73E4;0.00E0;2.83E-6;5.00E-5;0.00E0;0.00E0;4;0;-306.249427852721;-285.785411573333;0;295.546412946298;21;101.744752546689
8393;3.59E4;0.00E0;6.86E-7;5.00E-5;0.00E0;0.00E0;4;0;274.084591282728;386.863302196382;0;108.494104200917;3;147.931522358432
8398;4.84E4;0.00E0;1.19E-6;5.00E-5;0.00E0;0.00E0;4;0;281.439381914151;-451.714251632964;0;312.135865414943;16;69.3102150375167
8401;1.09E4;0.00E0;4.42E-7;5.00E-5;0.00E0;0.00E0;4;0;-1671.17333247651;-1512.61488634678;0;20.9023846132689;46;233.2306146232
8406;1.21E5;0.00E0;1.11E-6;5.00E-5;0.00E0;0.00E0;4;0;-1136.83540024074;-1386.38357960866;0;123.54172528867;53;439.555383351025
8417;1.16E5;0.00E0;1.30E-6;5.00E-5;0.00E0;0.00E0;4;0;-1178.78038581489;1774.52563495383;0;255.43405107053;70;203.573267008172
8424;7.19E4;0.00E0;1.19E-6;5.00E-5;0.00E0;0.00E0;4;0;-2913.16401301208;157.704593661229;0;131.676211701631;83;244.188598906167
8426;7.37E4;0.00E0;1.93E-6;5.00E-5;0.00E0;0.00E0;4;0;641.810320534134;205.42173258804;0;510.118349086585;3;64.5532784280027
8427;4.24E4;0.00E0;5.60E-7;5.00E-5;0.00E0;0.00E0;4;0;-3132.09096333301;376.746774813515;0;175.561310000527;82;108.010602043695
8430;5.23E4;0.00E0;4.78E-6;5.00E-5;0.00E0;0.00E0;4;0;-187.220927182619;117.39950235919;0;112.2365992781;18;208.478822729648
8433;1.15E4;0.00E0;1.11E-6;5.00E-5;0.00E0;0.00E0;4;0;-2145.1890031498;361.105242593893;0;71.4167945399045;74;72.0850281907412
8438;2.39E4;0.00E0;1.49E-6;5.00E-5;0.00E0;0.00E0;4;0;226.83785630001;39.419908680095;0;173.823537067808;13;61.5950380150419
8441;3.07E4;0.00E0;3.02E-6;5.00E-5;0.00E0;0.00E0;4;0;-1395.71027839328;1344.31272296474;0;129.342980361349;68;106.196035910505
8445;2.04E4;0.00E0;5.03E-7;5.00E-5;0.00E0;0.00E0;4;0;295.877213344272;360.798676317514;0;133.148320008319;3;68.3637893401651
8452;1.08E5;0.00E0;2.75E-6;5.00E-5;0.00E0;0.00E0;4;0;-316.50286456694;1505.90679569104;0;658.610585798283;11;73.6334754669212
8453;7.85E4;0.00E0;5.15E-6;5.00E-5;0.00E0;0.00E0;4;0;-1249.43000238407;-1593.12497573306;0;194.457521377077;43;180.385635919286
8459;3.76E4;0.00E0;4.17E-6;5.00E-5;0.00E0;0.00E0;4;0;-1781.95671085879;1887.67922265687;0;242.713175996809;71;69.163334751228
8469;3.47E4;0.00E0;1.77E-6;5.00E-5;0.00E0;0.00E0;4;0;-1355.53202306959;576.386942942102;0;185.616160456331;61;83.6324179148713
8479;7.40E4;0.00E0;1.95E-6;5.00E-5;0.00E0;0.00E0;4;0;-1202.75310017009;898.028530407072;0;331.167098171927;63;99.949880281572
8483;1.05E5;0.00E0;3.00E-6;5.00E-5;0.00E0;0.00E0;4;0;-892.846500791141;2264.46907584318;0;757.569622357667;70;62.1685593912135
8488;4.33E4;0.00E0;5.41E-6;5.00E-5;0.00E0;0.00E0;4;0;-107.206546918763;-56.4563360967904;0;52.8310001063235;17;366.074096753218
8491;1.01E5;0.00E0;1.94E-6;5.00E-5;0.00E0;0.00E0;4;0;-201.981000735429;1741.38801673424;0;684.775292632854;11;66.0901341258073
8495;4.62E4;0.00E0;1.50E-6;5.00E-5;0.00E0;0.00E0;4;0;-1265.08656275108;-1538.8120132286;0;152.124986913132;43;135.879896874654
8497;6.50E4;0.00E0;7.94E-7;5.00E-5;0.00E0;0.00E0;4;0;-1234.99289644735;1980.75732728139;0;314.769367740503;70;92.3373252349471
8508;2.47E4;0.00E0;1.04E-6;5.00E-5;0.00E0;0.00E0;4;0;-1269.21857069072;-1592.10381644039;0;177.563732137306;43;62.1507503731828
8509;2.98E4;0.00E0;1.45E-6;5.00E-5;0.00E0;0.00E0;4;0;-1173.97873977381;-19.0505178131693;0;163.394564767892;26;81.6471414326221
8510;1.31E5;0.00E0;2.77E-6;5.00E-5;0.00E0;0.00E0;4;0;-1344.6737683977;226.29894420144;0;309.080323740103;87;189.057046064735
8513;7.72E4;0.00E0;1.76E-6;5.00E-5;0.00E0;0.00E0;4;0;-3406.47166585756;532.937091679688;0;487.173873127037;82;70.8681634988233
8520;3.14E4;0.00E0;2.27E-6;5.00E-5;0.00E0;0.00E0;4;0;374.74162503889;596.672670511523;0;158.162665483285;6;88.7485271348172
8522;2.34E4;0.00E0;2.50E-6;5.00E-5;0.00E0;0.00E0;4;0;67.5198896019638;-479.743273919697;0;132.351330153251;16;79.0556807857399
8525;7.41E4;0.00E0;9.75E-7;5.00E-5;0.00E0;0.00E0;4;0;354.229898751755;1575.3586286107;0;303.481130006825;11;109.161341376588
8530;3.47E4;0.00E0;1.95E-6;5.00E-5;0.00E0;0.00E0;4;0;-1812.58746531207;-2044.58613192539;0;134.017816933617;50;115.724667575974
8532;7.18E4;0.00E0;5.57E-6;5.00E-5;0.00E0;0.00E0;4;0;-2244.03817912667;-1608.01274943764;0;318.861897960838;47;100.68660319415
8537;1.56E5;0.00E0;3.52E-6;5.00E-5;0.00E0;0.00E0;4;0;-1120.83625060921;2127.36003239473;0;500.18218058282;70;139.798413248128
8548;8.24E4;0.00E0;1.94E-6;5.00E-5;0.00E0;0.00E0;4;0;-1635.66328111583;1575.45355336886;0;210.364509440347;71;175.009682283451
8550;6.69E4;0.00E0;2.30E-6;5.00E-5;0.00E0;0.00E0;4;0;-854.079932577238;-1119.90625870131;0;406.054309507834;53;73.69624389151
8552;1.37E5;0.00E0;1.01E-6;5.00E-5;0.00E0;0.00E0;4;0;1222.67914879568;619.075449506185;0;809.460424974564;7;75.6694989961326
8556;1.17E5;0.00E0;1.80E-6;5.00E-5;0.00E0;0.00E0;4;0;-1946.77220507731;211.268909254523;0;78.7389603956037;73;664.416817862148
8566;6.75E4;0.00E0;2.09E-6;5.00E-5;0.00E0;0.00E0;4;0;-2274.80276019516;402.640890257876;0;135.972995584737;75;221.783727982688
8571;4.37E4;0.00E0;7.49E-7;5.00E-5;0.00E0;0.00E0;4;0;606.411743926542;1132.29672290796;0;208.864108461324;9;93.6181335362323
8575;4.84E4;0.00E0;3.08E-6;5.00E-5;0.00E0;0.00E0;4;0;-3383.17144286938;95.8171682752309;0;342.20460133918;83;63.1662406607458
8577;7.90E4;0.00E0;1.00E-5;5.00E-5;0.00E0;0.00E0;4;0;-1608.11522503809;-844.039866367005;0;204.97444651379;36;172.364077398841
8579;3.71E4;0.00E0;9.11E-7;5.00E-5;0.00E0;0.00E0;4;0;-1523.30444638332;1499.34617666062;0;171.717288457119;69;96.6673205806074
8580;4.24E4;0.00E0;1.91E-6;5.00E-5;0.00E0;0.00E0;4;0;-1154.83963162312;-623.740969786766;0;268.031357714529;37;70.7738854181337
8586;8.87E4;0.00E0;3.15E-6;5.00E-5;0.00E0;0.00E0;4;0;-1201.41660032535;-1535.57472186696;0;204.145069457855;43;194.177028532756
8587;5.38E4;0.00E0;6.09E-6;5.00E-5;0.00E0;0.00E0;4;0;-1083.95926969817;-138.365648528335;0;50.3798853300475;26;477.403977375342
8593;1.24E5;0.00E0;2.43E-6;5.00E-5;0.00E0;0.00E0;4;0;-1264.27313852253;-654.617393683754;0;162.256199301485;37;341.52258976116
8594;5.68E4;0.00E0;1.77E-6;5.00E-5;0.00E0;0.00E0;4;0;-1474.5598495179;-199.35113845014;0;70.9242667408612;54;357.982245463674
8595;3.27E4;0.00E0;1.76E-6;5.00E-5;0.00E0;0.00E0;4;0;164.919450289213;905.308206984927;0;54.0353191025941;12;270.910862801574
8601;8.02E4;0.00E0;1.49E-6;5.00E-5;0.00E0;0.00E0;4;0;-1223.27058169641;1185.4577930603;0;84.4629369633943;66;424.461352247733
8609;3.94E4;0.00E0;3.23E-6;5.00E-5;0.00E0;0.00E0;4;0;85.5806479438124;1456.97927336863;0;280.889846080083;11;62.650656526143
8614;3.21E4;0.00E0;2.83E-6;5.00E-5;0.00E0;0.00E0;4;0;-341.642482506993;-102.558040339708;0;115.734460621341;19;124.146525652806
8615;6.06E4;0.00E0;9.94E-7;5.00E-5;0.00E0;0.00E0;4;0;-152.588920234953;-107.642134145948;0;107.564261179575;18;251.680332880675
8622;6.52E4;0.00E0;5.36E-6;5.00E-5;0.00E0;0.00E0;4;0;685.993678850766;1221.07470160357;0;311.101108958745;9;93.7499613997682
8627;4.14E4;0.00E0;1.11E-6;5.00E-5;0.00E0;0.00E0;4;0;-2590.05965038755;592.307352681315;0;152.577346451734;78;121.286081526611
8628;3.21E4;0.00E0;1.04E-6;5.00E-5;0.00E0;0.00E0;4;0;-1453.07212951765;-502.624957131924;0;159.871536174654;36;89.667318795115
8630;3.98E4;0.00E0;1.99E-6;5.00E-5;0.00E0;0.00E0;4;0;-2983.13593158137;-327.411305578372;0;117.838111339582;86;150.837751422687
8631;8.07E4;0.00E0;3.27E-6;5.00E-5;0.00E0;0.00E0;4;0;-1783.9817577779;-1466.08427576168;0;112.802643306965;46;319.90638052758
8632;4.17E4;0.00E0;1.12E-6;5.00E-5;0.00E0;0.00E0;4;0;328.546496588771;377.166218732209;0;163.326427242726;3;114.129235654935
8635;3.71E4;0.00E0;2.65E-6;5.00E-5;0.00E0;0.00E0;4;0;200.485146737521;399.89105855249;0;35.8453957718067;4;462.624118918475
8644;6.77E4;0.00E0;2.44E-6;5.00E-5;0.00E0;0.00E0;4;0;293.090921322821;985.386682611721;0;131.920548808617;9;229.516963710743
8655;2.33E4;0.00E0;1.09E-6;5.00E-5;0.00E0;0.00E0;4;0;-1093.64986965599;-1290.78962640459;0;126.730418551047;53;82.3470418529932
8680;2.96E4;0.00E0;1.97E-6;5.00E-5;0.00E0;0.00E0;4;0;-1429.53992809126;-572.521407536387;0;119.031336647797;36;111.11357035149
8697;4.79E4;0.00E0;3.65E-6;5.00E-5;0.00E0;0.00E0;4;0;-1489.25604632472;-1034.76407882801;0;124.186663275298;40;172.538724502777
8711;5.40E4;0.00E0;2.05E-6;5.00E-5;0.00E0;0.00E0;4;0;510.263749084301;1590.99004862669;0;377.722493513589;11;63.9604692128208
8712;1.16E5;0.00E0;6.86E-6;5.00E-5;0.00E0;0.00E0;4;0;-2658.08586999463;92.6044006995489;0;249.58295539281;76;208.161365168675
8716;7.05E4;0.00E0;1.98E-6;5.00E-5;0.00E0;0.00E0;4;0;-44.7798545901501;1278.98892170035;0;345.688109162519;11;91.1828681095677
8720;5.38E4;0.00E0;3.12E-6;5.00E-5;0.00E0;0.00E0;4;0;-1077.20277014737;-576.104257398443;0;346.931015262923;25;69.3437499640443
8729;1.16E5;0.00E0;6.78E-7;5.00E-5;0.00E0;0.00E0;4;0;-1882.00186911898;-2732.12012316093;0;705.40003786578;51;73.807977184943
8744;3.31E4;0.00E0;1.06E-6;5.00E-5;0.00E0;0.00E0;4;0;-1369.49077505941;671.730987991756;0;170.384282596662;62;86.8346550568106
8752;4.52E4;0.00E0;7.39E-6;5.00E-5;0.00E0;0.00E0;4;0;-1797.77919643781;-1726.6255192479;0;103.174284602787;47;195.781870716437
8754;4.22E4;0.00E0;6.31E-7;5.00E-5;0.00E0;0.00E0;4;0;-2143.68804189776;438.367817410787;0;148.681570429198;74;126.939182400053
8757;5.46E4;0.00E0;1.08E-5;5.00E-5;0.00E0;0.00E0;4;0;-1007.18658109903;1186.99926922565;0;269.024400778086;66;90.7700522662909
8758;4.81E4;0.00E0;2.27E-6;5.00E-5;0.00E0;0.00E0;4;0;-1633.22842014951;-1166.27445132223;0;243.685335829086;40;88.1624007797891
8765;2.10E4;0.00E0;7.89E-7;5.00E-5;0.00E0;0.00E0;4;0;513.584686162674;1001.01656752209;0;85.0238815730485;9;110.462899252742
8768;4.72E4;0.00E0;1.04E-6;5.00E-5;0.00E0;0.00E0;4;0;-1621.93464640446;1763.73960117506;0;55.6649682551492;71;379.359054437638
8772;4.07E4;0.00E0;2.51E-6;5.00E-5;0.00E0;0.00E0;4;0;369.225526938161;374.88232813033;0;204.067119201615;3;89.1805267004147
8778;4.18E4;0.00E0;2.70E-6;5.00E-5;0.00E0;0.00E0;4;0;-3242.46694768849;19.264226486127;0;215.371158319268;83;86.7550573215184
8793;1.12E5;0.00E0;2.79E-6;5.00E-5;0.00E0;0.00E0;4;0;-577.453702355831;-1361.61021038774;0;646.257229279861;53;77.8139167455386
8806;5.71E4;0.00E0;2.39E-6;5.00E-5;0.00E0;0.00E0;4;0;-1215.62598849537;-702.856844849797;0;177.772086625551;37;143.658729475791
8827;4.52E4;0.00E0;2.32E-6;5.00E-5;0.00E0;0.00E0;4;0;-42.6506750137273;203.617428472888;0;91.9378543055175;2;219.686792285836
8836;3.60E4;0.00E0;8.65E-7;5.00E-5;0.00E0;0.00E0;4;0;-1811.81997789017;-2062.22914675514;0;142.527011865749;50;112.960306935921
8837;2.43E4;0.00E0;3.84E-7;5.00E-5;0.00E0;0.00E0;4;0;-2952.63675035566;98.8677913358815;0;83.3986649611958;83;130.144767035275
8839;1.34E5;0.00E0;1.62E-6;5.00E-5;0.00E0;0.00E0;4;0;-2377.68700229886;1474.16730942754;0;864.214534698016;71;69.3609629505968
8841;4.72E4;0.00E0;2.79E-6;5.00E-5;0.00E0;0.00E0;4;0;157.88499703985;-581.432552123421;0;268.310871293999;16;78.5621629476791
8847;4.84E4;0.00E0;1.33E-6;5.00E-5;0.00E0;0.00E0;4;0;-1303.05210165022;-1804.59973599622;0;335.521838605771;43;64.5545394885187
8849;4.60E4;0.00E0;6.84E-7;5.00E-5;0.00E0;0.00E0;4;0;-925.189435056306;1402.19613536;0;327.808006027016;67;62.7213879798839
8851;5.16E4;0.00E0;3.85E-6;5.00E-5;0.00E0;0.00E0;4;0;-2818.44919065139;645.591493902129;0;159.73788104546;80;144.478300077633
8853;6.30E4;0.00E0;1.56E-6;5.00E-5;0.00E0;0.00E0;4;0;-2171.27972243216;-248.651710388291;0;334.735345694311;32;84.191720758985
8865;6.60E4;0.00E0;1.70E-6;5.00E-5;0.00E0;0.00E0;4;0;-1939.62920724786;1167.32810643274;0;435.016752873337;64;67.8702743210645
8879;4.27E4;0.00E0;1.18E-6;5.00E-5;0.00E0;0.00E0;4;0;-2128.31743103823;210.112479270997;0;78.8412801511126;74;242.334022522151
8883;1.28E5;0.00E0;2.55E-6;5.00E-5;0.00E0;0.00E0;4;0;-3721.164022203;760.844014993803;0;875.196539927779;82;65.4634348225446
8889;6.59E4;0.00E0;3.27E-6;5.00E-5;0.00E0;0.00E0;4;0;-1288.66850533822;623.924450145505;0;246.533227919162;61;119.477791857268
8900;2.65E4;0.00E0;1.31E-6;5.00E-5;0.00E0;0.00E0;4;0;-162.508586403049;172.127024601527;0;169.370850841075;18;69.8517459312069
8913;3.94E4;0.00E0;1.04E-6;5.00E-5;0.00E0;0.00E0;4;0;333.349360330789;323.490633702478;0;179.833539283625;3;98.0491875245323
8926;5.92E4;0.00E0;2.52E-6;5.00E-5;0.00E0;0.00E0;4;0;-2980.1140208368;515.354465792953;0;108.323635184938;80;244.245434528247
8927;1.41E5;0.00E0;1.53E-6;5.00E-5;0.00E0;0.00E0;4;0;16.5673958441434;1443.3576639784;0;329.625770050804;11;190.799904395763
8928;2.28E4;0.00E0;5.72E-7;5.00E-5;0.00E0;0.00E0;4;0;-2435.55050775718;205.976636716799;0;58.8210441605716;76;172.990982440586
8929;3.34E4;0.00E0;5.27E-7;5.00E-5;0.00E0;0.00E0;4;0;-1476.01038000592;273.579344227807;0;189.005511984934;87;79.0557657305819
8938;3.53E4;0.00E0;9.38E-7;5.00E-5;0.00E0;0.00E0;4;0;-2400.82715529388;365.311930136733;0;104.197449302175;76;151.545765681032
8947;5.30E4;0.00E0;1.86E-6;5.00E-5;0.00E0;0.00E0;4;0;-2418.01749587598;-1.48742323487841;0;259.338654909407;76;91.4198095421591
8948;2.30E4;0.00E0;2.41E-6;5.00E-5;0.00E0;0.00E0;4;0;538.024054281418;806.091298946247;0;105.986960691603;7;96.8096943896366
8955;3.96E4;0.00E0;5.35E-6;5.00E-5;0.00E0;0.00E0;4;0;-1814.93570031523;-49.395378225991;0;219.243804972894;57;80.7770471662249
8957;6.08E4;0.00E0;1.53E-6;5.00E-5;0.00E0;0.00E0;4;0;-1410.16384764672;-479.257048845735;0;204.057420042245;30;133.153375502717
8960;5.84E4;0.00E0;1.73E-6;5.00E-5;0.00E0;0.00E0;4;0;-1007.81250501848;1068.8765013365;0;320.550492286;66;81.4729127145304
8964;8.82E3;0.00E0;1.43E-6;5.00E-5;0.00E0;0.00E0;4;0;-1561.9818173624;-326.228139848951;0;34.3021887124422;30;114.983340959362
8970;3.00E4;0.00E0;1.23E-6;5.00E-5;0.00E0;0.00E0;4;0;-3166.15242227285;346.387088583526;0;183.001020450192;82;73.2339963556873
8973;3.79E4;0.00E0;1.24E-6;5.00E-5;0.00E0;0.00E0;4;0;251.536620354983;1357.33555723619;0;94.6307215031975;11;178.977538031946
8977;1.10E5;0.00E0;1.24E-6;5.00E-5;0.00E0;0.00E0;4;0;-1686.56600294993;-869.844065775221;0;273.421063829123;36;180.025327080104
8981;2.09E4;0.00E0;6.35E-7;5.00E-5;0.00E0;0.00E0;4;0;-1598.31990279934;-185.967705975143;0;41.92056962101;55;223.365237429927
8983;3.80E4;0.00E0;2.48E-6;5.00E-5;0.00E0;0.00E0;4;0;-3142.62819358315;-196.181754529368;0;179.939820670901;85;94.2994229879127
8990;1.26E4;0.00E0;1.35E-6;5.00E-5;0.00E0;0.00E0;4;0;-1634.9998109901;615.385258670202;0;85.8738476778201;61;65.8275396557017
8991;2.51E4;0.00E0;1.60E-6;5.00E-5;0.00E0;0.00E0;4;0;283.260511351905;1300.59155870669;0;29.7782882137768;11;376.620309355705
8996;3.32E4;0.00E0;2.48E-6;5.00E-5;0.00E0;0.00E0;4;0;-2756.90564169825;679.321817210905;0;183.531710782292;79;80.7853115703127
9006;7.73E4;0.00E0;6.12E-6;5.00E-5;0.00E0;0.00E0;4;0;-2731.46290851282;-661.567764387277;0;439.218520875334;86;78.6414871960051
9017;5.46E4;0.00E0;3.18E-6;5.00E-5;0.00E0;0.00E0;4;0;-2398.45297172456;-2032.47903823898;0;308.677049006101;52;79.1225192256407
9032;2.57E4;0.00E0;1.14E-6;5.00E-5;0.00E0;0.00E0;4;0;151.471291840046;-365.283273436632;0;161.881687108108;16;70.8649284971557
9038;7.78E4;0.00E0;2.88E-6;5.00E-5;0.00E0;0.00E0;4;0;-3590.07836978617;116.829406911927;0;543.23435867226;82;64.0428056450421
9045;3.76E4;0.00E0;2.03E-6;5.00E-5;0.00E0;0.00E0;4;0;-1893.47884404792;-1972.12325026385;0;46.8894977828929;50;358.926884484005
9050;3.25E4;0.00E0;1.39E-6;5.00E-5;0.00E0;0.00E0;4;0;-1592.31068452557;165.446927245397;0;68.0529124078634;87;213.474147303523
9051;9.48E4;0.00E0;3.01E-6;5.00E-5;0.00E0;0.00E0;4;0;-876.519676808933;-496.837603558231;0;206.177954365664;24;205.622121792722
9060;1.12E5;0.00E0;1.27E-6;5.00E-5;0.00E0;0.00E0;4;0;783.147820245005;1658.36155894427;0;615.06491366247;11;81.7057269919073
9064;7.14E4;0.00E0;1.69E-6;5.00E-5;0.00E0;0.00E0;4;0;-809.924430130974;-114.896323097285;0;175.052183932177;24;182.261723183589
9065;7.33E4;0.00E0;1.50E-6;5.00E-5;0.00E0;0.00E0;4;0;-1450.54289288304;-1368.35203956586;0;80.7556613498225;42;405.634961984807
9088;1.54E5;0.00E0;8.32E-7;5.00E-5;0.00E0;0.00E0;4;0;573.470815956137;588.244943406704;0;267.024571387084;6;257.433082280253
9090;6.49E4;0.00E0;2.53E-6;5.00E-5;0.00E0;0.00E0;4;0;86.6071467648007;-845.483323196213;0;473.644618095553;16;61.2763881421694
9101;7.74E4;0.00E0;6.64E-6;5.00E-5;0.00E0;0.00E0;4;0;-1084.58509107438;-1362.8154415682;0;151.581236816558;53;228.16788518825
9109;6.36E4;0.00E0;1.20E-6;5.00E-5;0.00E0;0.00E0;4;0;-3076.30070011525;624.737365728678;0;248.950514122538;80;114.146776710463
9112;3.33E4;0.00E0;1.23E-6;5.00E-5;0.00E0;0.00E0;4;0;-416.721831050492;44.3692489121881;0;43.249386674502;20;344.217582851617
9118;3.23E4;0.00E0;7.53E-7;5.00E-5;0.00E0;0.00E0;4;0;-2285.58893209851;401.08816477362;0;137.062150135696;75;105.200011123156
9120;1.15E4;0.00E0;3.31E-6;5.00E-5;0.00E0;0.00E0;4;0;-1434.8561181512;-1446.68793206982;0;40.5774457095924;43;127.085621395131
9121;6.17E4;0.00E0;2.09E-6;5.00E-5;0.00E0;0.00E0;4;0;-1214.00410569452;1859.85508146735;0;258.974083262244;70;106.51280651109
9128;5.89E4;0.00E0;2.69E-6;5.00E-5;0.00E0;0.00E0;4;0;345.458034927013;819.080133471165;0;55.2051436089323;6;476.991050039056
9130;3.97E4;0.00E0;1.82E-6;5.00E-5;0.00E0;0.00E0;4;0;-1351.54317061615;533.523775472785;0;204.293479423531;61;86.7987792980048
9134;9.96E3;0.00E0;1.24E-6;5.00E-5;0.00E0;0.00E0;4;0;-584.664811966964;-203.336421527958;0;37.552774998575;22;118.526938416439
9142;6.34E4;0.00E0;1.99E-6;5.00E-5;0.00E0;0.00E0;4;0;-874.735234777844;-736.732074547617;0;444.918106261961;24;63.6564342613342
9151;4.97E4;0.00E0;1.74E-6;5.00E-5;0.00E0;0.00E0;4;0;-2443.55432529939;518.920275170486;0;187.724479234402;78;118.314637936189
9158;5.40E4;0.00E0;9.82E-7;5.00E-5;0.00E0;0.00E0;4;0;76.5215169309868;357.143519461471;0;53.6842439749595;3;449.283497039041
9160;1.06E5;0.00E0;3.78E-6;5.00E-5;0.00E0;0.00E0;4;0;641.279695172107;-804.106262500923;0;787.111399295019;16;60.1589218308086
9161;1.67E5;0.00E0;1.86E-6;5.00E-5;0.00E0;0.00E0;4;0;-1147.26401925769;2509.07725782911;0;817.354096904545;70;91.2180066016195
9162;7.92E4;0.00E0;1.56E-6;5.00E-5;0.00E0;0.00E0;4;0;-1175.14410777369;-250.663603017953;0;54.3427120691883;27;651.418181113246
9175;1.23E4;0.00E0;8.23E-7;5.00E-5;0.00E0;0.00E0;4;0;-1391.02111202901;1709.81434895105;0;35.5274396462491;70;154.389759168572
9180;3.69E4;0.00E0;2.99E-6;5.00E-5;0.00E0;0.00E0;4;0;-1901.97281570003;105.891814619794;0;189.831179613897;73;86.9518704124062
9192;9.24E4;0.00E0;5.22E-6;5.00E-5;0.00E0;0.00E0;4;0;-2832.70059334924;968.599319947326;0;479.141502219833;79;86.1806459433749
9195;4.75E4;0.00E0;5.09E-7;5.00E-5;0.00E0;0.00E0;4;0;-1575.33048579932;1493.7273733513;0;221.585101992965;69;95.8942517661472
9196;3.89E4;0.00E0;5.50E-6;5.00E-5;0.00E0;0.00E0;4;0;80.6299091631072;980.393011128662;0;157.656755511465;12;110.434282856707
9204;2.13E4;0.00E0;1.82E-6;5.00E-5;0.00E0;0.00E0;4;0;-915.29371273408;-399.676924815015;0;124.021858484629;25;76.8544220644541
9211;7.80E4;0.00E0;1.27E-6;5.00E-5;0.00E0;0.00E0;4;0;-1539.91530231448;1646.91890336857;0;119.017442169296;71;293.059872437028
9224;2.98E4;0.00E0;2.71E-6;5.00E-5;0.00E0;0.00E0;4;0;-3090.98759625046;247.008997162959;0;62.0963126892778;82;214.5855412599
9241;4.99E4;0.00E0;3.28E-7;5.00E-5;0.00E0;0.00E0;4;0;-39.6360550933155;353.881660995199;0;153.802725321618;2;145.047475928208
9252;3.06E4;0.00E0;8.39E-7;5.00E-5;0.00E0;0.00E0;4;0;-1182.28535467736;-841.936398054389;0;191.267295191896;38;71.4104803484223
9256;8.49E4;0.00E0;1.76E-6;5.00E-5;0.00E0;0.00E0;4;0;-3366.87661750432;312.302177537618;0;335.210173050385;82;113.257318986353
9257;2.97E4;0.00E0;1.88E-6;5.00E-5;0.00E0;0.00E0;4;0;-883.532731848288;-496.416976498174;0;206.839805894201;24;64.2697830893286
9263;5.31E4;0.00E0;1.48E-6;5.00E-5;0.00E0;0.00E0;4;0;-297.275869171282;-66.1605481907295;0;78.2536985182041;19;303.46672953285
9275;5.88E4;0.00E0;1.66E-6;5.00E-5;0.00E0;0.00E0;4;0;-1437.88785766505;126.152016658856;0;186.766935770008;57;140.837615501415
9278;5.60E4;0.00E0;3.71E-6;5.00E-5;0.00E0;0.00E0;4;0;-1131.07867161618;-1734.90936607483;0;374.862597523705;43;66.7501248447135
9281;3.53E4;0.00E0;5.92E-7;5.00E-5;0.00E0;0.00E0;4;0;-2762.62990257036;596.32331891946;0;100.812464803796;79;156.751207211547
9290;4.98E4;0.00E0;7.21E-6;5.00E-5;0.00E0;0.00E0;4;0;-3124.13367222107;-63.9778283587361;0;125.473811106588;84;177.560652351551
9299;5.19E4;0.00E0;2.16E-6;5.00E-5;0.00E0;0.00E0;4;0;-1399.60008433397;437.540273651909;0;204.192433967481;61;113.661253033515
9307;1.20E5;0.00E0;2.70E-6;5.00E-5;0.00E0;0.00E0;4;0;-84.7001957273897;622.54798835753;0;250.838973481187;4;214.080198945888
9321;1.16E5;0.00E0;5.27E-6;5.00E-5;0.00E0;0.00E0;4;0;548.104344176158;1313.49049343997;0;247.025996177799;11;209.207647445042
9324;3.29E4;0.00E0;3.85E-7;5.00E-5;0.00E0;0.00E0;4;0;-1216.40204084114;-1028.49956461349;0;139.372888129043;39;105.540356365105
9329;3.10E4;0.00E0;2.59E-6;5.00E-5;0.00E0;0.00E0;4;0;-53.5852577441779;614.129339222937;0;218.734975956676;4;63.3374117817118
9330;4.97E4;0.00E0;8.01E-7;5.00E-5;0.00E0;0.00E0;4;0;-2543.71322451821;801.901803503299;0;363.855958563189;79;61.0251879270875
9336;7.74E4;0.00E0;1.44E-6;5.00E-5;0.00E0;0.00E0;4;0;-2352.67184108571;-162.671701277763;0;410.067469330196;75;84.4156135070692
9339;7.05E4;0.00E0;6.58E-6;5.00E-5;0.00E0;0.00E0;4;0;-3080.95491718072;-530.267568698511;0;335.835550386514;86;93.8602090101183
9356;6.05E4;0.00E0;3.08E-6;5.00E-5;0.00E0;0.00E0;4;0;-384.464064070928;278.598836349712;0;264.413283919833;19;102.276176671692
9358;4.58E4;0.00E0;1.68E-6;5.00E-5;0.00E0;0.00E0;4;0;-2636.45663263639;642.229769641113;0;180.784491386355;79;113.175338352284
9372;4.10E4;0.00E0;4.30E-6;5.00E-5;0.00E0;0.00E0;4;0;-73.9485398776592;-487.733041078865;0;113.574664256865;16;161.574196024083
9374;3.95E4;0.00E0;8.72E-7;5.00E-5;0.00E0;0.00E0;4;0;-1832.56324424317;-467.615387268376;0;133.399939805205;32;132.263665934568
9384;4.74E4;0.00E0;1.85E-6;5.00E-5;0.00E0;0.00E0;4;0;-1154.87774950794;150.58751915193;0;326.865095397534;26;64.818886937367
9396;2.48E3;0.00E0;6.69E-7;5.00E-5;0.00E0;0.00E0;4;0;-1697.70291886872;-317.876772741827;0;11.7546321978267;31;94.4841514585217
9408;2.84E4;0.00E0;3.97E-7;5.00E-5;0.00E0;0.00E0;4;0;-477.659423816023;73.4298242666309;0;97.9262362936718;20;129.506174436317
9409;4.93E4;0.00E0;1.50E-6;5.00E-5;0.00E0;0.00E0;4;0;-1718.40844674688;671.362470592584;0;176.019985412169;62;125.242518761294
9419;3.10E4;0.00E0;3.53E-6;5.00E-5;0.00E0;0.00E0;4;0;-2971.29729434581;38.8820612803624;0;54.1342840820028;84;255.966717999322
9432;3.05E4;0.00E0;3.44E-6;5.00E-5;0.00E0;0.00E0;4;0;-1367.34928516737;-1530.57729248868;0;62.5487047346795;43;217.915932678851
9438;8.65E4;0.00E0;1.22E-6;5.00E-5;0.00E0;0.00E0;4;0;-3450.4924854526;415.332745471096;0;454.485393453758;82;85.0432796851696
9449;9.82E4;0.00E0;1.38E-6;5.00E-5;0.00E0;0.00E0;4;0;-1246.50177770452;-312.394867281165;0;88.6984753051893;28;495.037303004764
9460;1.93E4;0.00E0;1.34E-6;5.00E-5;0.00E0;0.00E0;4;0;-1652.20952198969;-10.7346151653346;0;66.6001028459524;57;129.708900003987
9466;5.08E4;0.00E0;1.30E-6;5.00E-5;0.00E0;0.00E0;4;0;200.334826042627;892.6173832977;0;49.9418213366553;12;454.507929752977
9472;4.50E4;0.00E0;1.70E-6;5.00E-5;0.00E0;0.00E0;4;0;-2494.93034826237;628.278567390319;0;234.542064114763;78;85.7526525979457
9481;1.89E4;0.00E0;3.09E-6;5.00E-5;0.00E0;0.00E0;4;0;-463.877825522673;42.2156202791457;0;63.9229720259471;20;132.26659740805
9486;5.62E4;0.00E0;1.75E-6;5.00E-5;0.00E0;0.00E0;4;0;-2230.01123332058;434.439936994689;0;156.055826991102;75;160.980984304872
9487;4.56E4;0.00E0;1.16E-6;5.00E-5;0.00E0;0.00E0;4;0;-1467.6316592616;980.186562436837;0;57.8032809244496;64;352.444807675804
9494;6.08E4;0.00E0;4.32E-6;5.00E-5;0.00E0;0.00E0;4;0;497.906612224506;1249.10446301523;0;168.590725397026;10;161.311043017151
9495;4.06E4;0.00E0;5.95E-7;5.00E-5;0.00E0;0.00E0;4;0;528.470875079251;532.169311450421;0;283.691097939604;6;63.9182980643486
9496;7.04E4;0.00E0;9.48E-7;5.00E-5;0.00E0;0.00E0;4;0;-3483.40844927192;-149.599600133603;0;491.496563484514;84;64.0310971980245
9506;6.18E4;0.00E0;8.12E-7;5.00E-5;0.00E0;0.00E0;4;0;-3456.95811342052;400.812327683663;0;453.405503778699;82;60.9203085047935
9510;3.08E4;0.00E0;2.02E-6;5.00E-5;0.00E0;0.00E0;4;0;-204.830059472328;198.963164238127;0;191.338954005805;18;71.9213325356918
9512;9.08E4;0.00E0;8.49E-7;5.00E-5;0.00E0;0.00E0;4;0;358.845818481737;397.328149645319;0;193.45659421869;3;209.719632814191
9520;2.44E4;0.00E0;4.71E-6;5.00E-5;0.00E0;0.00E0;4;0;-526.482199645427;-173.103653606434;0;61.6106671030319;21;176.828309223661
9524;7.44E4;0.00E0;2.31E-6;5.00E-5;0.00E0;0.00E0;4;0;-2175.11250920584;-2154.56217284449;0;175.816493551304;52;189.230563655787
9525;4.95E4;0.00E0;2.92E-6;5.00E-5;0.00E0;0.00E0;4;0;-218.821189489273;87.0066475597869;0;78.5211200857715;18;281.79843974348
9532;2.39E4;0.00E0;2.48E-6;5.00E-5;0.00E0;0.00E0;4;0;201.697012968273;1349.54376455268;0;123.134176503248;11;86.6167053287439
9533;4.32E4;0.00E0;4.44E-7;5.00E-5;0.00E0;0.00E0;4;0;-417.861178703944;-93.7066051339375;0;77.4473079314822;20;249.620146208623
9541;2.91E4;0.00E0;3.31E-6;5.00E-5;0.00E0;0.00E0;4;0;-2420.81390122419;328.449839763233;0;64.2462483470085;76;202.230673192721
9546;7.26E4;0.00E0;1.30E-6;5.00E-5;0.00E0;0.00E0;4;0;-1011.82931332194;897.339097419801;0;441.546409109161;66;73.5089249617482
9550;6.39E4;0.00E0;2.51E-6;5.00E-5;0.00E0;0.00E0;4;0;-991.116912483318;-1431.99854978317;0;266.854606699041;53;107.105987721057
9552;5.22E4;0.00E0;2.39E-6;5.00E-5;0.00E0;0.00E0;4;0;-1749.49537248128;1042.90579576397;0;229.878164620451;64;101.562709677446
9555;2.77E4;0.00E0;1.55E-6;5.00E-5;0.00E0;0.00E0;4;0;-1489.68207502129;753.2372824054;0;60.9253984523553;62;203.472265677248
9568;3.22E4;0.00E0;9.05E-7;5.00E-5;0.00E0;0.00E0;4;0;-2674.65409357495;361.384507274159;0;84.0443356984544;78;171.285422185598
9569;4.68E4;0.00E0;5.21E-7;5.00E-5;0.00E0;0.00E0;4;0;-953.797747188697;1193.23295137189;0;319.514705440391;66;65.5358601493615
9579;1.87E4;0.00E0;1.25E-6;5.00E-5;0.00E0;0.00E0;4;0;-1198.6677032589;-1379.68890551776;0;87.1174129366819;53;95.8464369888024
9580;1.01E5;0.00E0;1.35E-6;5.00E-5;0.00E0;0.00E0;4;0;-622.067216734326;1545.13606765242;0;655.97165768241;67;68.7541838328123
9581;3.92E4;0.00E0;2.86E-6;5.00E-5;0.00E0;0.00E0;4;0;-1603.07062843244;-1152.3159228002;0;212.707015286897;40;82.348870881762
9584;5.21E4;0.00E0;1.23E-6;5.00E-5;0.00E0;0.00E0;4;0;-109.671542778889;937.213652514443;0;294.0791217549;12;79.1433656382278
9593;6.95E4;0.00E0;3.83E-6;5.00E-5;0.00E0;0.00E0;4;0;-3253.26757306111;147.950240198785;0;205.692784023556;83;151.008358754461
9601;4.67E4;0.00E0;2.20E-6;5.00E-5;0.00E0;0.00E0;4;0;10.4935855852996;414.699867723927;0;140.939541096206;3;147.97470419956
9602;2.74E4;0.00E0;1.09E-6;5.00E-5;0.00E0;0.00E0;4;0;-2680.96506326905;508.942863011046;0;40.6365978941089;79;301.337897743555
9603;6.42E4;0.00E0;9.08E-7;5.00E-5;0.00E0;0.00E0;4;0;-2047.8953568086;-18.42256485808;0;304.216340671313;74;94.3482248191372
9606;3.35E4;0.00E0;7.14E-7;5.00E-5;0.00E0;0.00E0;4;0;315.117254803274;310.965964215312;0;168.332892135359;3;89.0515571353086
9610;1.39E5;0.00E0;4.57E-6;5.00E-5;0.00E0;0.00E0;4;0;-2238.2595959747;-1249.44199533542;0;544.934601124417;47;113.818587965348
9615;6.56E4;0.00E0;1.12E-6;5.00E-5;0.00E0;0.00E0;4;0;-3323.84686804184;-230.187400518812;0;364.184441153219;85;80.4861302670933
9619;7.06E4;0.00E0;2.82E-6;5.00E-5;0.00E0;0.00E0;4;0;796.98236930243;1281.39387175965;0;436.844488977592;9;72.2835870041811
9625;7.51E4;0.00E0;2.00E-6;5.00E-5;0.00E0;0.00E0;4;0;-2199.66108074497;-55.9651997678357;0;327.236484947574;75;102.550079556388
9650;1.30E5;0.00E0;2.02E-6;5.00E-5;0.00E0;0.00E0;4;0;-1205.61478197948;2412.86416431328;0;706.66961642975;70;82.2188991893868
9655;4.26E3;0.00E0;1.19E-6;5.00E-5;0.00E0;0.00E0;4;0;-1557.48958784863;879.623740399645;0;19.033285435018;63;100.149827628179
9661;2.50E4;0.00E0;2.99E-6;5.00E-5;0.00E0;0.00E0;4;0;-1358.96579359894;592.919253359198;0;178.782960106047;61;62.4832122362746
9664;5.68E4;0.00E0;3.51E-6;5.00E-5;0.00E0;0.00E0;4;0;-2630.45282608195;865.856618158895;0;390.453453274741;79;65.0217350129845
9673;5.80E4;0.00E0;1.14E-6;5.00E-5;0.00E0;0.00E0;4;0;-1668.45316033436;-2315.27059251428;0;419.484259434331;50;61.8148107934752
9676;5.35E4;0.00E0;9.29E-7;5.00E-5;0.00E0;0.00E0;4;0;-650.274382286637;-668.023517023192;0;389.100791374099;23;61.4250416387735
9679;1.47E4;0.00E0;5.43E-7;5.00E-5;0.00E0;0.00E0;4;0;-1448.80431075118;644.4738774531;0;88.3577620239709;62;74.2450138596908
9686;4.71E4;0.00E0;1.93E-6;5.00E-5;0.00E0;0.00E0;4;0;-1208.37079298301;-1223.1648155387;0;73.1149151495103;53;288.287962841993
9689;6.63E4;0.00E0;8.06E-7;5.00E-5;0.00E0;0.00E0;4;0;-1079.11693193701;1204.57100587998;0;195.016381460059;66;151.91763107006
9694;3.91E4;0.00E0;1.07E-6;5.00E-5;0.00E0;0.00E0;4;0;-1162.70990710761;1814.50766097843;0;286.698078415407;70;60.906275162486
9696;1.25E4;0.00E0;9.20E-7;5.00E-5;0.00E0;0.00E0;4;0;-1471.05472684057;632.276829826701;0;64.796265684383;62;86.5397099020386
9708;2.69E4;0.00E0;8.37E-7;5.00E-5;0.00E0;0.00E0;4;0;240.389726979213;271.835125824924;0;129.006782449792;3;93.3177025290286
9712;9.90E4;0.00E0;1.93E-6;5.00E-5;0.00E0;0.00E0;4;0;-555.064370943091;385.832721091485;0;410.080582932617;19;107.964829338119
9715;4.26E4;0.00E0;2.50E-6;5.00E-5;0.00E0;0.00E0;4;0;38.6155607797814;440.091039792463;0;121.358596547845;4;156.849244890602
9733;3.76E4;0.00E0;1.17E-6;5.00E-5;0.00E0;0.00E0;4;0;-94.3830177806817;802.894524084591;0;270.52198955095;12;62.0843745089564
9735;9.46E4;0.00E0;4.21E-6;5.00E-5;0.00E0;0.00E0;4;0;612.544601144908;-50.4646374945196;0;544.347758413892;13;77.725716707808
9744;1.04E5;0.00E0;4.76E-6;5.00E-5;0.00E0;0.00E0;4;0;-2941.31453111662;-809.883146491894;0;559.370051593828;86;82.7520218893298
9751;2.97E4;0.00E0;1.17E-6;5.00E-5;0.00E0;0.00E0;4;0;-1742.07866624328;-558.169924466589;0;98.6640011169428;35;134.711128120097
9752;2.03E4;0.00E0;1.01E-6;5.00E-5;0.00E0;0.00E0;4;0;-1802.85061579071;-1992.61539132867;0;133.050382437227;50;68.2292541293543
9777;2.38E4;0.00E0;1.95E-6;5.00E-5;0.00E0;0.00E0;4;0;191.331947686112;56.1031873935835;0;151.336746739543;13;70.412497723794
9783;2.58E4;0.00E0;1.47E-6;5.00E-5;0.00E0;0.00E0;4;0;-1613.26098054717;-494.075810483189;0;44.9257807994587;35;256.547174570889
9787;4.77E4;0.00E0;4.88E-6;5.00E-5;0.00E0;0.00E0;4;0;-1235.18187594264;1006.08526424611;0;242.192296106258;66;88.1082637422972
9802;1.23E5;0.00E0;1.26E-6;5.00E-5;0.00E0;0.00E0;4;0;494.404381266464;-1048.69406846421;0;842.67976185633;16;65.1749688701438
9808;7.71E4;0.00E0;6.37E-7;5.00E-5;0.00E0;0.00E0;4;0;-1213.67766186269;216.749076553274;0;401.584950428722;26;85.807936875527
9816;1.05E4;0.00E0;9.09E-7;5.00E-5;0.00E0;0.00E0;4;0;-1712.14520836608;419.859046334311;0;59.0736879074904;59;79.7693908755176
9834;5.20E4;0.00E0;9.06E-7;5.00E-5;0.00E0;0.00E0;4;0;341.549127744828;-232.786420958008;0;321.820682329398;15;72.2641618186577
9835;5.40E4;0.00E0;2.26E-6;5.00E-5;0.00E0;0.00E0;4;0;161.644232113116;-103.150750843726;0;113.440920373152;14;212.731273255374
9839;2.65E5;0.00E0;1.09E-5;5.00E-5;0.00E0;0.00E0;4;0;821.829034031901;1251.96839340814;0;449.162224645726;9;264.148451949664
9860;4.27E4;0.00E0;8.98E-7;5.00E-5;0.00E0;0.00E0;4;0;-1123.64806564238;6.18405994581235;0;181.088387551754;26;105.466993046962
9868;7.17E4;0.00E0;2.24E-6;5.00E-5;0.00E0;0.00E0;4;0;-3193.28757518838;-96.8011506255407;0;201.806027481015;84;158.877551633154
9870;8.46E4;0.00E0;2.36E-6;5.00E-5;0.00E0;0.00E0;4;0;-692.611293240267;1475.55649607685;0;569.998166370073;67;66.3479672399896
9872;2.42E4;0.00E0;1.31E-6;5.00E-5;0.00E0;0.00E0;4;0;-1768.89564543905;467.079447285763;0;132.395647629965;59;81.6815563719823
9899;1.56E5;0.00E0;5.74E-6;5.00E-5;0.00E0;0.00E0;4;0;-273.579485767923;2248.93849899959;0;1129.36656414335;11;61.6378092460167
9902;6.72E4;0.00E0;7.96E-7;5.00E-5;0.00E0;0.00E0;4;0;283.321888606491;1416.73246734636;0;141.230656745412;11;212.67315791606
9908;5.29E4;0.00E0;1.45E-6;5.00E-5;0.00E0;0.00E0;4;0;-2809.28826496706;-564.16303904811;0;322.232716306456;86;73.3768907670917
9909;3.85E4;0.00E0;8.66E-7;5.00E-5;0.00E0;0.00E0;4;0;-1270.64654679372;-85.2152401853436;0;133.619348791672;28;128.796539226691
9910;4.89E4;0.00E0;1.13E-6;5.00E-5;0.00E0;0.00E0;4;0;240.059166036413;495.680860909634;0;84.5291399331428;4;258.485225135556
9915;4.38E4;0.00E0;1.05E-6;5.00E-5;0.00E0;0.00E0;4;0;-1094.14559955442;-398.694847091152;0;190.020008086926;26;102.964020903507
9920;2.31E4;0.00E0;1.55E-6;5.00E-5;0.00E0;0.00E0;4;0;-1564.15737211782;-1346.3209266967;0;152.563448726327;44;67.6859767490779
9925;3.34E4;0.00E0;3.05E-7;5.00E-5;0.00E0;0.00E0;4;0;-1196.19365539451;-773.880290196836;0;183.819657576599;38;81.2198983808503
9927;6.76E4;0.00E0;1.62E-6;5.00E-5;0.00E0;0.00E0;4;0;-2275.05855430018;-2000.0476768978;0;183.558613704831;52;164.636247565865
9935;4.93E4;0.00E0;6.22E-7;5.00E-5;0.00E0;0.00E0;4;0;-1385.33665844156;-81.0980788105567;0;174.436801314291;29;126.387495753381
9936;7.30E3;0.00E0;1.89E-6;5.00E-5;0.00E0;0.00E0;4;0;245.45372220175;676.783001610339;0;16.4288424766351;5;198.686170853898
9941;6.57E4;0.00E0;1.01E-6;5.00E-5;0.00E0;0.00E0;4;0;-1494.67937099524;-1966.71331337001;0;441.950367481925;50;66.4122034310885
9942;2.97E4;0.00E0;2.45E-6;5.00E-5;0.00E0;0.00E0;4;0;575.712018891965;1131.77944105008;0;179.09101206047;9;74.0614787049751
9945;1.37E5;0.00E0;3.30E-6;5.00E-5;0.00E0;0.00E0;4;0;311.380707421223;-44.7178924729983;0;243.197948369028;13;251.213381561475
9951;1.59E5;0.00E0;7.60E-7;5.00E-5;0.00E0;0.00E0;4;0;-1955.40196448404;1396.304072422;0;536.768380137091;64;132.558606009158
9953;4.98E4;0.00E0;1.74E-6;5.00E-5;0.00E0;0.00E0;4;0;-2096.42639712837;-153.473275347821;0;307.820787435619;32;72.3639587529613
9957;2.86E4;0.00E0;6.41E-7;5.00E-5;0.00E0;0.00E0;4;0;-3030.8549832779;-101.574043056975;0;49.9404777676906;85;256.066784201354
9959;2.59E4;0.00E0;1.48E-6;5.00E-5;0.00E0;0.00E0;4;0;-1189.92769705435;-1316.46933605767;0;37.0218526730464;53;312.595055601769
9965;6.50E4;0.00E0;1.05E-6;5.00E-5;0.00E0;0.00E0;4;0;-2058.93501303056;-418.773606144626;0;227.017728580954;32;127.955834421386
9967;8.31E4;0.00E0;6.84E-6;5.00E-5;0.00E0;0.00E0;4;0;-3183.86587436128;-765.136201379827;0;589.775323556464;86;62.9533376783412
9968;3.64E4;0.00E0;9.87E-7;5.00E-5;0.00E0;0.00E0;4;0;-2864.73452126005;580.509538103422;0;105.754520317217;80;153.959038728419
9969;6.88E4;0.00E0;3.22E-7;5.00E-5;0.00E0;0.00E0;4;0;-1527.97046104822;-1625.08859553823;0;128.17757836134;44;239.977568093575
9975;3.16E4;0.00E0;5.09E-6;5.00E-5;0.00E0;0.00E0;4;0;-3228.36883431224;-58.7408954307443;0;220.845833452506;84;63.8711263456544
9981;1.09E5;0.00E0;2.53E-6;5.00E-5;0.00E0;0.00E0;4;0;-2495.62911633391;-1614.05443237821;0;558.746046717295;52;87.1054065959789
9983;3.02E4;0.00E0;1.52E-6;5.00E-5;0.00E0;0.00E0;4;0;234.938705380349;-129.122680168875;0;191.053971717213;14;70.7380667126957
9984;7.46E4;0.00E0;1.47E-6;5.00E-5;0.00E0;0.00E0;4;0;44.3646986412177;559.232538420968;0;109.026190985423;4;305.756883150551
9997;3.36E4;0.00E0;1.09E-6;5.00E-5;0.00E0;0.00E0;4;0;-2116.96030608127;-1940.81695889154;0;64.3353163695999;52;233.628424789112
9998;4.72E4;0.00E0;4.84E-6;5.00E-5;0.00E0;0.00E0;4;0;-2143.2096828237;-512.883613093681;0;344.695259401808;32;61.1679593833315
